qid,taxon,genus,question_type,question,n_candidate_docs,candidate_docs,gold_status,gold_answer,gold_guilds,gold_habitat_classes,docid,gold_context,curator,curation_note
Q001,Allacma fusca,Allacma,body_size,What is the body length of Allacma fusca?,41,"medline:11732170 Do germ line cells in Allacma fusca (Insecta, Collembola, Symphypleona) have a higher meta | medline:37593568 The genome sequence of the springtail Allacma fusca (Linnaeus, 1758). | medline:33458074 The complete mitochondrial genome of the springtail Allacma fusca, the internal phylogenet | medline:18828663 Degeneration of the midgut epithelium in Allacma fusca L. (Insecta, Collembola, Symphypleo | medline:37650155 Daidara: A gigantic Gypsy LTR retrotransposon lineage in the springtail Allacma fusca geno | medline:35946560 Genomic evidence of paternal genome elimination in the globular springtail Allacma fusca. | medline:8405574 Structure of ovaries in two collembolans, Allacma fusca and Arrhopalites coecus (Hexapoda, | medline:10994700 Aberrant spermatogenesis and the peculiar mechanism of sex determination in Symphypleonan  | medline:19027878 Different sperm number in the spermatophores of Orchesella villosa (Geoffroy) (Entomobryid | medline:18553422 The ultrastructure of the spermathecae in the Collembola Symphypleona (Hexapoda). | pmc:PMC10427803 The genome sequence of the springtail Allacma fusca (Linnaeus, 1758) [version 1  peer revi | pmc:PMC7782307 The complete mitochondrial genome of the springtail Allacma fusca, the internal phylogenet | pmc:PMC1435931 The evolution of the histone methyltransferase gene Su(var)3-9 in metazoans includes a fus | pmc:PMC9630974 Genomic evidence of paternal genome elimination in the globular springtail Allacma fusca | pmc:PMC9191650 Gene-rich X chromosomes implicate intragenomic conflict in the evolution of bizarre geneti | pmc:PMC9460274 A Functional Carbohydrate Degrading Enzyme Potentially Acquired by Horizontal Gene Transfe | pmc:PMC12693562 De novo genome assembly of the endemic Italian springtail Orchesella dallaii (Collembola:  | pmc:PMC5737075 Edaphostat: interactive ecological analysis of soil organism occurrences and preferences f | pmc:PMC11411247 The genome sequence of the springtail, Dicyrtomina minuta (O.Fabricius, 1783) [version 1   | pmc:PMC11311677 Frequent Acquisition of Glycoside Hydrolase Family 32 (GH32) Genes from Bacteria via Horiz | pmc:PMC5696395 Neutral lipid fatty acid composition as trait and constraint in Collembola evolution | pmc:PMC7824276 Re-Evaluating the Internal Phylogenetic Relationships of Collembola by Means of Mitogenome | pmc:PMC6305484 Differences in collembola species assemblages (Arthropoda) between spoil tips and surround | pmc:10.3897/subtbiol.40.69808 A comparison of collecting methods in relation to the diversity of Collembola in scree hab | pmc:PMC12476540 The genome sequence of a springtail, Orchesella flavescens (C.Bourlet, 1839) [version 2  p | pmc:PMC11942825 The First Cavernicolous Species of Arrhopalites (Collembola, Symphypleona, Arrhopalitidae) | pmc:PMC12217663 Copper only SOD repeat proteins likely act as an extracellular superoxide dismutase in oys | pmc:PMC12646753 Haplodiploidy accelerates mitogenome evolution in insects | pmc:PMC6858819 Effects of miniaturization in the anatomy of the minute springtail Mesaphorura sylvatica ( | pmc:PMC11665903 Canonical terpene synthases in arthropods: Intraphylum gene transfer | pmc:PMC12464955 Diversity of fungi attached to birds corresponds to the habitat ecologies of their avian d | pmc:PMC12095508 Data of the Insect Biome Atlas: a metabarcoding survey of the terrestrial arthropods of Sw | pmc:PMC7643048 Post-ejaculatory modifications to sperm (PEMS) | pmc:PMC10639083 Where the minor things are: a pan-eukaryotic survey suggests neutral processes may explain | pmc:PMC9498864 The Gain and Loss of Cryptochrome/Photolyase Family Members during Evolution | pmc:10.11646/zootaxa.5275.1.1 An annotated checklist of the Collembola (Hexapoda) from Iran | pmc:PMC12898128 Bioinformatic Analyses of the Ataxin-2 Family Since Algae Emphasize Its Small Isoforms, La | plazi:721B6E0C8C2AFF96FF382701A87F2691 Allacma fusca | plazi:03CF878BFFF9C23822B45D0FFD5EACF5 Allacma fusca | plazi:03BF042CFFADB77A3AB0FA7CFB67F04A Allacma fusca | plazi:03AA531A0F473529FF595B9AFA80A71A Allacma fusca",,,,,,,,
Q002,Allacma fusca,Allacma,habitat,What is the habitat of Allacma fusca?,41,"medline:11732170 Do germ line cells in Allacma fusca (Insecta, Collembola, Symphypleona) have a higher meta | medline:37593568 The genome sequence of the springtail Allacma fusca (Linnaeus, 1758). | medline:33458074 The complete mitochondrial genome of the springtail Allacma fusca, the internal phylogenet | medline:18828663 Degeneration of the midgut epithelium in Allacma fusca L. (Insecta, Collembola, Symphypleo | medline:37650155 Daidara: A gigantic Gypsy LTR retrotransposon lineage in the springtail Allacma fusca geno | medline:35946560 Genomic evidence of paternal genome elimination in the globular springtail Allacma fusca. | medline:8405574 Structure of ovaries in two collembolans, Allacma fusca and Arrhopalites coecus (Hexapoda, | medline:10994700 Aberrant spermatogenesis and the peculiar mechanism of sex determination in Symphypleonan  | medline:19027878 Different sperm number in the spermatophores of Orchesella villosa (Geoffroy) (Entomobryid | medline:18553422 The ultrastructure of the spermathecae in the Collembola Symphypleona (Hexapoda). | pmc:PMC10427803 The genome sequence of the springtail Allacma fusca (Linnaeus, 1758) [version 1  peer revi | pmc:PMC7782307 The complete mitochondrial genome of the springtail Allacma fusca, the internal phylogenet | pmc:PMC1435931 The evolution of the histone methyltransferase gene Su(var)3-9 in metazoans includes a fus | pmc:PMC9630974 Genomic evidence of paternal genome elimination in the globular springtail Allacma fusca | pmc:PMC9191650 Gene-rich X chromosomes implicate intragenomic conflict in the evolution of bizarre geneti | pmc:PMC9460274 A Functional Carbohydrate Degrading Enzyme Potentially Acquired by Horizontal Gene Transfe | pmc:PMC12693562 De novo genome assembly of the endemic Italian springtail Orchesella dallaii (Collembola:  | pmc:PMC5737075 Edaphostat: interactive ecological analysis of soil organism occurrences and preferences f | pmc:PMC11411247 The genome sequence of the springtail, Dicyrtomina minuta (O.Fabricius, 1783) [version 1   | pmc:PMC11311677 Frequent Acquisition of Glycoside Hydrolase Family 32 (GH32) Genes from Bacteria via Horiz | pmc:PMC5696395 Neutral lipid fatty acid composition as trait and constraint in Collembola evolution | pmc:PMC7824276 Re-Evaluating the Internal Phylogenetic Relationships of Collembola by Means of Mitogenome | pmc:PMC6305484 Differences in collembola species assemblages (Arthropoda) between spoil tips and surround | pmc:10.3897/subtbiol.40.69808 A comparison of collecting methods in relation to the diversity of Collembola in scree hab | pmc:PMC12476540 The genome sequence of a springtail, Orchesella flavescens (C.Bourlet, 1839) [version 2  p | pmc:PMC11942825 The First Cavernicolous Species of Arrhopalites (Collembola, Symphypleona, Arrhopalitidae) | pmc:PMC12217663 Copper only SOD repeat proteins likely act as an extracellular superoxide dismutase in oys | pmc:PMC12646753 Haplodiploidy accelerates mitogenome evolution in insects | pmc:PMC6858819 Effects of miniaturization in the anatomy of the minute springtail Mesaphorura sylvatica ( | pmc:PMC11665903 Canonical terpene synthases in arthropods: Intraphylum gene transfer | pmc:PMC12464955 Diversity of fungi attached to birds corresponds to the habitat ecologies of their avian d | pmc:PMC12095508 Data of the Insect Biome Atlas: a metabarcoding survey of the terrestrial arthropods of Sw | pmc:PMC7643048 Post-ejaculatory modifications to sperm (PEMS) | pmc:PMC10639083 Where the minor things are: a pan-eukaryotic survey suggests neutral processes may explain | pmc:PMC9498864 The Gain and Loss of Cryptochrome/Photolyase Family Members during Evolution | pmc:10.11646/zootaxa.5275.1.1 An annotated checklist of the Collembola (Hexapoda) from Iran | pmc:PMC12898128 Bioinformatic Analyses of the Ataxin-2 Family Since Algae Emphasize Its Small Isoforms, La | plazi:721B6E0C8C2AFF96FF382701A87F2691 Allacma fusca | plazi:03CF878BFFF9C23822B45D0FFD5EACF5 Allacma fusca | plazi:03BF042CFFADB77A3AB0FA7CFB67F04A Allacma fusca | plazi:03AA531A0F473529FF595B9AFA80A71A Allacma fusca",,,,,,,,
Q003,Allacma fusca,Allacma,trophic_guild,What does Allacma fusca feed on?,41,"medline:11732170 Do germ line cells in Allacma fusca (Insecta, Collembola, Symphypleona) have a higher meta | medline:37593568 The genome sequence of the springtail Allacma fusca (Linnaeus, 1758). | medline:33458074 The complete mitochondrial genome of the springtail Allacma fusca, the internal phylogenet | medline:18828663 Degeneration of the midgut epithelium in Allacma fusca L. (Insecta, Collembola, Symphypleo | medline:37650155 Daidara: A gigantic Gypsy LTR retrotransposon lineage in the springtail Allacma fusca geno | medline:35946560 Genomic evidence of paternal genome elimination in the globular springtail Allacma fusca. | medline:8405574 Structure of ovaries in two collembolans, Allacma fusca and Arrhopalites coecus (Hexapoda, | medline:10994700 Aberrant spermatogenesis and the peculiar mechanism of sex determination in Symphypleonan  | medline:19027878 Different sperm number in the spermatophores of Orchesella villosa (Geoffroy) (Entomobryid | medline:18553422 The ultrastructure of the spermathecae in the Collembola Symphypleona (Hexapoda). | pmc:PMC10427803 The genome sequence of the springtail Allacma fusca (Linnaeus, 1758) [version 1  peer revi | pmc:PMC7782307 The complete mitochondrial genome of the springtail Allacma fusca, the internal phylogenet | pmc:PMC1435931 The evolution of the histone methyltransferase gene Su(var)3-9 in metazoans includes a fus | pmc:PMC9630974 Genomic evidence of paternal genome elimination in the globular springtail Allacma fusca | pmc:PMC9191650 Gene-rich X chromosomes implicate intragenomic conflict in the evolution of bizarre geneti | pmc:PMC9460274 A Functional Carbohydrate Degrading Enzyme Potentially Acquired by Horizontal Gene Transfe | pmc:PMC12693562 De novo genome assembly of the endemic Italian springtail Orchesella dallaii (Collembola:  | pmc:PMC5737075 Edaphostat: interactive ecological analysis of soil organism occurrences and preferences f | pmc:PMC11411247 The genome sequence of the springtail, Dicyrtomina minuta (O.Fabricius, 1783) [version 1   | pmc:PMC11311677 Frequent Acquisition of Glycoside Hydrolase Family 32 (GH32) Genes from Bacteria via Horiz | pmc:PMC5696395 Neutral lipid fatty acid composition as trait and constraint in Collembola evolution | pmc:PMC7824276 Re-Evaluating the Internal Phylogenetic Relationships of Collembola by Means of Mitogenome | pmc:PMC6305484 Differences in collembola species assemblages (Arthropoda) between spoil tips and surround | pmc:10.3897/subtbiol.40.69808 A comparison of collecting methods in relation to the diversity of Collembola in scree hab | pmc:PMC12476540 The genome sequence of a springtail, Orchesella flavescens (C.Bourlet, 1839) [version 2  p | pmc:PMC11942825 The First Cavernicolous Species of Arrhopalites (Collembola, Symphypleona, Arrhopalitidae) | pmc:PMC12217663 Copper only SOD repeat proteins likely act as an extracellular superoxide dismutase in oys | pmc:PMC12646753 Haplodiploidy accelerates mitogenome evolution in insects | pmc:PMC6858819 Effects of miniaturization in the anatomy of the minute springtail Mesaphorura sylvatica ( | pmc:PMC11665903 Canonical terpene synthases in arthropods: Intraphylum gene transfer | pmc:PMC12464955 Diversity of fungi attached to birds corresponds to the habitat ecologies of their avian d | pmc:PMC12095508 Data of the Insect Biome Atlas: a metabarcoding survey of the terrestrial arthropods of Sw | pmc:PMC7643048 Post-ejaculatory modifications to sperm (PEMS) | pmc:PMC10639083 Where the minor things are: a pan-eukaryotic survey suggests neutral processes may explain | pmc:PMC9498864 The Gain and Loss of Cryptochrome/Photolyase Family Members during Evolution | pmc:10.11646/zootaxa.5275.1.1 An annotated checklist of the Collembola (Hexapoda) from Iran | pmc:PMC12898128 Bioinformatic Analyses of the Ataxin-2 Family Since Algae Emphasize Its Small Isoforms, La | plazi:721B6E0C8C2AFF96FF382701A87F2691 Allacma fusca | plazi:03CF878BFFF9C23822B45D0FFD5EACF5 Allacma fusca | plazi:03BF042CFFADB77A3AB0FA7CFB67F04A Allacma fusca | plazi:03AA531A0F473529FF595B9AFA80A71A Allacma fusca",,,,,,,,
Q004,Anurida granaria,Anurida,body_size,What is the body length of Anurida granaria?,5,pmc:PMC10230187 Wolbachia springs eternal: symbiosis in Collembola is associated with host ecology | pmc:10.3897/subtbiol.33.48805 Terrestrial invertebrate fauna of Polish caves – a summary of 100 years of research | plazi:266B5D55F766FFF4FF7EFA904377F936 Anurida granaria | plazi:03CF878BFF8AC24820015CB7FA87AD4F Anurida granaria | plazi:195D87CB8564FFD7BFEEFD22FE47FA7A Australonura wellingtonia,,,,,,,,
Q005,Anurida granaria,Anurida,habitat,What is the habitat of Anurida granaria?,5,pmc:PMC10230187 Wolbachia springs eternal: symbiosis in Collembola is associated with host ecology | pmc:10.3897/subtbiol.33.48805 Terrestrial invertebrate fauna of Polish caves – a summary of 100 years of research | plazi:266B5D55F766FFF4FF7EFA904377F936 Anurida granaria | plazi:03CF878BFF8AC24820015CB7FA87AD4F Anurida granaria | plazi:195D87CB8564FFD7BFEEFD22FE47FA7A Australonura wellingtonia,,,,,,,,
Q006,Anurida granaria,Anurida,trophic_guild,What does Anurida granaria feed on?,5,pmc:PMC10230187 Wolbachia springs eternal: symbiosis in Collembola is associated with host ecology | pmc:10.3897/subtbiol.33.48805 Terrestrial invertebrate fauna of Polish caves – a summary of 100 years of research | plazi:266B5D55F766FFF4FF7EFA904377F936 Anurida granaria | plazi:03CF878BFF8AC24820015CB7FA87AD4F Anurida granaria | plazi:195D87CB8564FFD7BFEEFD22FE47FA7A Australonura wellingtonia,,,,,,,,
Q007,Anurida polaris,Anurida,body_size,What is the body length of Anurida polaris?,2,pmc:PMC7240498 Changing Microarthropod Communities in Front of a Receding Glacier in the High Arctic | plazi:266B5D55F767FFF5FF7EFACC45B0F9BA Anurida polaris,,,,,,,,
Q008,Anurida polaris,Anurida,habitat,What is the habitat of Anurida polaris?,2,pmc:PMC7240498 Changing Microarthropod Communities in Front of a Receding Glacier in the High Arctic | plazi:266B5D55F767FFF5FF7EFACC45B0F9BA Anurida polaris,,,,,,,,
Q009,Anurida polaris,Anurida,trophic_guild,What does Anurida polaris feed on?,2,pmc:PMC7240498 Changing Microarthropod Communities in Front of a Receding Glacier in the High Arctic | plazi:266B5D55F767FFF5FF7EFACC45B0F9BA Anurida polaris,,,,,,,,
Q010,Anurophorus atlanticus,Anurophorus,body_size,What is the body length of Anurophorus atlanticus?,1,plazi:266B5D55F771FFE3FF7EFD094409FCDC Anurophorus chukoticus Potapov & Stebaeva 1990,,,,,,,,
Q011,Anurophorus atlanticus,Anurophorus,habitat,What is the habitat of Anurophorus atlanticus?,1,plazi:266B5D55F771FFE3FF7EFD094409FCDC Anurophorus chukoticus Potapov & Stebaeva 1990,,,,,,,,
Q012,Anurophorus atlanticus,Anurophorus,trophic_guild,What does Anurophorus atlanticus feed on?,1,plazi:266B5D55F771FFE3FF7EFD094409FCDC Anurophorus chukoticus Potapov & Stebaeva 1990,,,,,,,,
Q013,Archisotoma megalops,Archisotoma,body_size,What is the body length of Archisotoma megalops?,1,pmc:PMC8301111 Collembola (Hexapoda) as Biological Drivers between Land and Sea,,,,,,,,
Q014,Archisotoma megalops,Archisotoma,habitat,What is the habitat of Archisotoma megalops?,1,pmc:PMC8301111 Collembola (Hexapoda) as Biological Drivers between Land and Sea,,,,,,,,
Q015,Archisotoma megalops,Archisotoma,trophic_guild,What does Archisotoma megalops feed on?,1,pmc:PMC8301111 Collembola (Hexapoda) as Biological Drivers between Land and Sea,,,,,,,,
Q016,Ceratophysella engadinensis,Ceratophysella,body_size,What is the body length of Ceratophysella engadinensis?,13,"pmc:PMC6117009 Response of Collembola and Acari communities to summer flooding in a grassland plant diver | pmc:PMC4467183 Collembolan species diversity of calcareous canyons in the Republic of Moldova | pmc:PMC5769716 Riparian Collembola ( Hexapoda ) communities of northern Moldova, Eastern Europe | pmc:10.3897/subtbiol.38.66254 Collembola from Hundidero-Gato Cave in Southern Spain, with the description of a new speci | pmc:PMC7940320 A new European species of Ceratophysella ( Collembola , Hypogastruridae ) revealed by morp | pmc:PMC9693011 Collembola from Two Samplings in the MSS of the Sierra de Guadarrama National Park in Two  | pmc:10.11646/zootaxa.5275.1.1 An annotated checklist of the Collembola (Hexapoda) from Iran | pmc:10.5281/zenodo.13314112 10 años de Arquivos Entomolóxicos | plazi:03CF878BFF91C25321D459AEFC21ADB8 Ceratophysella engadinensis | plazi:03FD87AAFF8EFF8AFF0EFF4BFB66D7E5 Ceratophysella engadinensis | plazi:721B6E0C8C1BFFA4FF3822E4A95E22C9 Ceratophysella engadinensis | plazi:03AECF752E23FFD9579426AEFC60FA6A Ceratophysella engadinensis | plazi:03EA87B2FFB8FFEDFF26FCF1FC639E58 Ceratophysella engadinensis Gisin 1949",,,,,,,,
Q017,Ceratophysella engadinensis,Ceratophysella,habitat,What is the habitat of Ceratophysella engadinensis?,13,"pmc:PMC6117009 Response of Collembola and Acari communities to summer flooding in a grassland plant diver | pmc:PMC4467183 Collembolan species diversity of calcareous canyons in the Republic of Moldova | pmc:PMC5769716 Riparian Collembola ( Hexapoda ) communities of northern Moldova, Eastern Europe | pmc:10.3897/subtbiol.38.66254 Collembola from Hundidero-Gato Cave in Southern Spain, with the description of a new speci | pmc:PMC7940320 A new European species of Ceratophysella ( Collembola , Hypogastruridae ) revealed by morp | pmc:PMC9693011 Collembola from Two Samplings in the MSS of the Sierra de Guadarrama National Park in Two  | pmc:10.11646/zootaxa.5275.1.1 An annotated checklist of the Collembola (Hexapoda) from Iran | pmc:10.5281/zenodo.13314112 10 años de Arquivos Entomolóxicos | plazi:03CF878BFF91C25321D459AEFC21ADB8 Ceratophysella engadinensis | plazi:03FD87AAFF8EFF8AFF0EFF4BFB66D7E5 Ceratophysella engadinensis | plazi:721B6E0C8C1BFFA4FF3822E4A95E22C9 Ceratophysella engadinensis | plazi:03AECF752E23FFD9579426AEFC60FA6A Ceratophysella engadinensis | plazi:03EA87B2FFB8FFEDFF26FCF1FC639E58 Ceratophysella engadinensis Gisin 1949",,,,,,,,
Q018,Ceratophysella engadinensis,Ceratophysella,trophic_guild,What does Ceratophysella engadinensis feed on?,13,"pmc:PMC6117009 Response of Collembola and Acari communities to summer flooding in a grassland plant diver | pmc:PMC4467183 Collembolan species diversity of calcareous canyons in the Republic of Moldova | pmc:PMC5769716 Riparian Collembola ( Hexapoda ) communities of northern Moldova, Eastern Europe | pmc:10.3897/subtbiol.38.66254 Collembola from Hundidero-Gato Cave in Southern Spain, with the description of a new speci | pmc:PMC7940320 A new European species of Ceratophysella ( Collembola , Hypogastruridae ) revealed by morp | pmc:PMC9693011 Collembola from Two Samplings in the MSS of the Sierra de Guadarrama National Park in Two  | pmc:10.11646/zootaxa.5275.1.1 An annotated checklist of the Collembola (Hexapoda) from Iran | pmc:10.5281/zenodo.13314112 10 años de Arquivos Entomolóxicos | plazi:03CF878BFF91C25321D459AEFC21ADB8 Ceratophysella engadinensis | plazi:03FD87AAFF8EFF8AFF0EFF4BFB66D7E5 Ceratophysella engadinensis | plazi:721B6E0C8C1BFFA4FF3822E4A95E22C9 Ceratophysella engadinensis | plazi:03AECF752E23FFD9579426AEFC60FA6A Ceratophysella engadinensis | plazi:03EA87B2FFB8FFEDFF26FCF1FC639E58 Ceratophysella engadinensis Gisin 1949",,,,,,,,
Q019,Desoria blekeni,Desoria,body_size,What is the body length of Desoria blekeni?,0,,,,,,,,,
Q020,Desoria blekeni,Desoria,habitat,What is the habitat of Desoria blekeni?,0,,,,,,,,,
Q021,Desoria blekeni,Desoria,trophic_guild,What does Desoria blekeni feed on?,0,,,,,,,,,
Q022,Desoria blufusata,Desoria,body_size,What is the body length of Desoria blufusata?,2,pmc:PMC6848234 New records of Lumbricidae and Collembola in anthropogenic soils of East European tundra | plazi:266B5D55F700FF93FF7EF8C3450CFEEF Desoria blufusata,,,,,,,,
Q023,Desoria blufusata,Desoria,habitat,What is the habitat of Desoria blufusata?,2,pmc:PMC6848234 New records of Lumbricidae and Collembola in anthropogenic soils of East European tundra | plazi:266B5D55F700FF93FF7EF8C3450CFEEF Desoria blufusata,,,,,,,,
Q024,Desoria blufusata,Desoria,trophic_guild,What does Desoria blufusata feed on?,2,pmc:PMC6848234 New records of Lumbricidae and Collembola in anthropogenic soils of East European tundra | plazi:266B5D55F700FF93FF7EF8C3450CFEEF Desoria blufusata,,,,,,,,
Q025,Desoria fennica,Desoria,body_size,What is the body length of Desoria fennica?,4,pmc:10.3897/subtbiol.33.48805 Terrestrial invertebrate fauna of Polish caves – a summary of 100 years of research | plazi:03CF878BFFA1C26322C85D22FA52AFA9 Desoria fennica | plazi:266B5D55F701FF93FF7EFABA450CF9A1 Desoria fennica | plazi:03AA531A0F5C3533FFA85B1CFB83A1F1 Desoria fennica,,,,,,,,
Q026,Desoria fennica,Desoria,habitat,What is the habitat of Desoria fennica?,4,pmc:10.3897/subtbiol.33.48805 Terrestrial invertebrate fauna of Polish caves – a summary of 100 years of research | plazi:03CF878BFFA1C26322C85D22FA52AFA9 Desoria fennica | plazi:266B5D55F701FF93FF7EFABA450CF9A1 Desoria fennica | plazi:03AA531A0F5C3533FFA85B1CFB83A1F1 Desoria fennica,,,,,,,,
Q027,Desoria fennica,Desoria,trophic_guild,What does Desoria fennica feed on?,4,pmc:10.3897/subtbiol.33.48805 Terrestrial invertebrate fauna of Polish caves – a summary of 100 years of research | plazi:03CF878BFFA1C26322C85D22FA52AFA9 Desoria fennica | plazi:266B5D55F701FF93FF7EFABA450CF9A1 Desoria fennica | plazi:03AA531A0F5C3533FFA85B1CFB83A1F1 Desoria fennica,,,,,,,,
Q028,Desoria intermedia,Desoria,body_size,What is the body length of Desoria intermedia?,1,plazi:03CF878BFFA1C26322A45BCCFB70A9EE Desoria intermedia,,,,,,,,
Q029,Desoria intermedia,Desoria,habitat,What is the habitat of Desoria intermedia?,1,plazi:03CF878BFFA1C26322A45BCCFB70A9EE Desoria intermedia,,,,,,,,
Q030,Desoria intermedia,Desoria,trophic_guild,What does Desoria intermedia feed on?,1,plazi:03CF878BFFA1C26322A45BCCFB70A9EE Desoria intermedia,,,,,,,,
Q031,Desoria neglecta,Desoria,body_size,What is the body length of Desoria neglecta?,7,pmc:PMC4680968 Collembola at three alpine subarctic sites resistant to twenty years of experimental warmi | pmc:10.52547/jibs.9.1.1 Addition to Iranian Springtails fauna and a checklist of the Collembola from Kurdistan pro | pmc:10.11646/zootaxa.5275.1.1 An annotated checklist of the Collembola (Hexapoda) from Iran | plazi:721B6E0C8C3FFF80FF3827D4A99F2198 Desoria neglecta | plazi:266B5D55F702FF90FF7EFA54450CF8B9 Desoria neglecta | plazi:03DD371FFFAEFFDB3405FD09FF75FC64 Desoria neglecta | plazi:03B387DE0E38FFB0BF7CFB35738CE4E0 Desoria neglecta Schaffer 1900,,,,,,,,
Q032,Desoria neglecta,Desoria,habitat,What is the habitat of Desoria neglecta?,7,pmc:PMC4680968 Collembola at three alpine subarctic sites resistant to twenty years of experimental warmi | pmc:10.52547/jibs.9.1.1 Addition to Iranian Springtails fauna and a checklist of the Collembola from Kurdistan pro | pmc:10.11646/zootaxa.5275.1.1 An annotated checklist of the Collembola (Hexapoda) from Iran | plazi:721B6E0C8C3FFF80FF3827D4A99F2198 Desoria neglecta | plazi:266B5D55F702FF90FF7EFA54450CF8B9 Desoria neglecta | plazi:03DD371FFFAEFFDB3405FD09FF75FC64 Desoria neglecta | plazi:03B387DE0E38FFB0BF7CFB35738CE4E0 Desoria neglecta Schaffer 1900,,,,,,,,
Q033,Desoria neglecta,Desoria,trophic_guild,What does Desoria neglecta feed on?,7,pmc:PMC4680968 Collembola at three alpine subarctic sites resistant to twenty years of experimental warmi | pmc:10.52547/jibs.9.1.1 Addition to Iranian Springtails fauna and a checklist of the Collembola from Kurdistan pro | pmc:10.11646/zootaxa.5275.1.1 An annotated checklist of the Collembola (Hexapoda) from Iran | plazi:721B6E0C8C3FFF80FF3827D4A99F2198 Desoria neglecta | plazi:266B5D55F702FF90FF7EFA54450CF8B9 Desoria neglecta | plazi:03DD371FFFAEFFDB3405FD09FF75FC64 Desoria neglecta | plazi:03B387DE0E38FFB0BF7CFB35738CE4E0 Desoria neglecta Schaffer 1900,,,,,,,,
Q034,Desoria propinqua,Desoria,body_size,What is the body length of Desoria propinqua?,1,plazi:03CF878BFFA2C260200F5B8CFDA8AA13 Desoria propinqua sensu Fjellberg 1979,,,,,,,,
Q035,Desoria propinqua,Desoria,habitat,What is the habitat of Desoria propinqua?,1,plazi:03CF878BFFA2C260200F5B8CFDA8AA13 Desoria propinqua sensu Fjellberg 1979,,,,,,,,
Q036,Desoria propinqua,Desoria,trophic_guild,What does Desoria propinqua feed on?,1,plazi:03CF878BFFA2C260200F5B8CFDA8AA13 Desoria propinqua sensu Fjellberg 1979,,,,,,,,
Q037,Desoria saltans,Desoria,body_size,What is the body length of Desoria saltans?,8,"pmc:10.5852/ejt.2021.787.1599 Desoria calderonis sp. nov., a new species of alpine cryophilic springtail (Collembola: Is | pmc:PMC7564799 Ecosystem Birth near Melting Glaciers: A Review on the Pioneer Role of Ground-Dwelling Art | pmc:10.11646/zootaxa.5147.1.1 Catalogue of Vietnamese springtails (Hexapoda, Collembola) | pmc:PMC12407093 Biodiversity in mountain soils above the treeline Nadine Praeg and others | plazi:504F2D6CFFDDFF8D97BEF214FDAA1F69 Desoria Nicolet 1841 | plazi:03CF878BFFA2C260202958ACFAACAD27 Desoria saltans Nicolet 1842 | plazi:E03187B3FFC7D410FF31F493FE06F9C7 Desoria Nicolet 1841 | plazi:504F2D6CFFD8FF8D97BEF774FD1C1CBC Myopia alaskana",,,,,,,,
Q038,Desoria saltans,Desoria,habitat,What is the habitat of Desoria saltans?,8,"pmc:10.5852/ejt.2021.787.1599 Desoria calderonis sp. nov., a new species of alpine cryophilic springtail (Collembola: Is | pmc:PMC7564799 Ecosystem Birth near Melting Glaciers: A Review on the Pioneer Role of Ground-Dwelling Art | pmc:10.11646/zootaxa.5147.1.1 Catalogue of Vietnamese springtails (Hexapoda, Collembola) | pmc:PMC12407093 Biodiversity in mountain soils above the treeline Nadine Praeg and others | plazi:504F2D6CFFDDFF8D97BEF214FDAA1F69 Desoria Nicolet 1841 | plazi:03CF878BFFA2C260202958ACFAACAD27 Desoria saltans Nicolet 1842 | plazi:E03187B3FFC7D410FF31F493FE06F9C7 Desoria Nicolet 1841 | plazi:504F2D6CFFD8FF8D97BEF774FD1C1CBC Myopia alaskana",,,,,,,,
Q039,Desoria saltans,Desoria,trophic_guild,What does Desoria saltans feed on?,8,"pmc:10.5852/ejt.2021.787.1599 Desoria calderonis sp. nov., a new species of alpine cryophilic springtail (Collembola: Is | pmc:PMC7564799 Ecosystem Birth near Melting Glaciers: A Review on the Pioneer Role of Ground-Dwelling Art | pmc:10.11646/zootaxa.5147.1.1 Catalogue of Vietnamese springtails (Hexapoda, Collembola) | pmc:PMC12407093 Biodiversity in mountain soils above the treeline Nadine Praeg and others | plazi:504F2D6CFFDDFF8D97BEF214FDAA1F69 Desoria Nicolet 1841 | plazi:03CF878BFFA2C260202958ACFAACAD27 Desoria saltans Nicolet 1842 | plazi:E03187B3FFC7D410FF31F493FE06F9C7 Desoria Nicolet 1841 | plazi:504F2D6CFFD8FF8D97BEF774FD1C1CBC Myopia alaskana",,,,,,,,
Q040,Desoria tigrina,Desoria,body_size,What is the body length of Desoria tigrina?,14,pmc:PMC8138834 Two high-quality de novo genomes from single ethanol-preserved specimens of tiny metazoans | pmc:10.3897/subtbiol.40.69808 A comparison of collecting methods in relation to the diversity of Collembola in scree hab | pmc:PMC11942941 Euedaphic Rather than Hemiedaphic or Epedaphic Collembola Are More Sensitive to Different  | pmc:PMC3800792 An introduction to Iranian Collembola (Hexapoda): an update to the species list | pmc:PMC7294889 Basal tolerance but not plasticity gives invasive springtails the advantage in an assembla | pmc:10.3897/asp.81.e104522 Breakaway from a globular body shape: molecular phylogeny reveals the evolutionary history | pmc:PMC12693562 De novo genome assembly of the endemic Italian springtail Orchesella dallaii (Collembola:  | pmc:PMC11907880 Single specimen genome assembly of Culicoides stellifer shows evidence of a non-retroviral | pmc:PMC11558105 Wolbachia in Antarctic terrestrial invertebrates: Absent or undiscovered? Serga et al. | pmc:10.11646/zootaxa.5275.1.1 An annotated checklist of the Collembola (Hexapoda) from Iran | pmc:PMC11660948 Multiple Displacement Amplification Facilitates SMRT Sequencing of Microscopic Animals and | plazi:721B6E0C8C3EFF81FF382080A97A24A4 Desoria tigrina Nicolet 1842 | plazi:03CF878BFFA2C26022C15E49FBD6AF89 Desoria tigrina Nicolet 1842 | plazi:266B5D55F704FF96FF7EFE2845FDFCA9 Desoria tigrina Nicolet 1842,,,,,,,,
Q041,Desoria tigrina,Desoria,habitat,What is the habitat of Desoria tigrina?,14,pmc:PMC8138834 Two high-quality de novo genomes from single ethanol-preserved specimens of tiny metazoans | pmc:10.3897/subtbiol.40.69808 A comparison of collecting methods in relation to the diversity of Collembola in scree hab | pmc:PMC11942941 Euedaphic Rather than Hemiedaphic or Epedaphic Collembola Are More Sensitive to Different  | pmc:PMC3800792 An introduction to Iranian Collembola (Hexapoda): an update to the species list | pmc:PMC7294889 Basal tolerance but not plasticity gives invasive springtails the advantage in an assembla | pmc:10.3897/asp.81.e104522 Breakaway from a globular body shape: molecular phylogeny reveals the evolutionary history | pmc:PMC12693562 De novo genome assembly of the endemic Italian springtail Orchesella dallaii (Collembola:  | pmc:PMC11907880 Single specimen genome assembly of Culicoides stellifer shows evidence of a non-retroviral | pmc:PMC11558105 Wolbachia in Antarctic terrestrial invertebrates: Absent or undiscovered? Serga et al. | pmc:10.11646/zootaxa.5275.1.1 An annotated checklist of the Collembola (Hexapoda) from Iran | pmc:PMC11660948 Multiple Displacement Amplification Facilitates SMRT Sequencing of Microscopic Animals and | plazi:721B6E0C8C3EFF81FF382080A97A24A4 Desoria tigrina Nicolet 1842 | plazi:03CF878BFFA2C26022C15E49FBD6AF89 Desoria tigrina Nicolet 1842 | plazi:266B5D55F704FF96FF7EFE2845FDFCA9 Desoria tigrina Nicolet 1842,,,,,,,,
Q042,Desoria tigrina,Desoria,trophic_guild,What does Desoria tigrina feed on?,14,pmc:PMC8138834 Two high-quality de novo genomes from single ethanol-preserved specimens of tiny metazoans | pmc:10.3897/subtbiol.40.69808 A comparison of collecting methods in relation to the diversity of Collembola in scree hab | pmc:PMC11942941 Euedaphic Rather than Hemiedaphic or Epedaphic Collembola Are More Sensitive to Different  | pmc:PMC3800792 An introduction to Iranian Collembola (Hexapoda): an update to the species list | pmc:PMC7294889 Basal tolerance but not plasticity gives invasive springtails the advantage in an assembla | pmc:10.3897/asp.81.e104522 Breakaway from a globular body shape: molecular phylogeny reveals the evolutionary history | pmc:PMC12693562 De novo genome assembly of the endemic Italian springtail Orchesella dallaii (Collembola:  | pmc:PMC11907880 Single specimen genome assembly of Culicoides stellifer shows evidence of a non-retroviral | pmc:PMC11558105 Wolbachia in Antarctic terrestrial invertebrates: Absent or undiscovered? Serga et al. | pmc:10.11646/zootaxa.5275.1.1 An annotated checklist of the Collembola (Hexapoda) from Iran | pmc:PMC11660948 Multiple Displacement Amplification Facilitates SMRT Sequencing of Microscopic Animals and | plazi:721B6E0C8C3EFF81FF382080A97A24A4 Desoria tigrina Nicolet 1842 | plazi:03CF878BFFA2C26022C15E49FBD6AF89 Desoria tigrina Nicolet 1842 | plazi:266B5D55F704FF96FF7EFE2845FDFCA9 Desoria tigrina Nicolet 1842,,,,,,,,
Q043,Desoria violacea,Desoria,body_size,What is the body length of Desoria violacea?,5,pmc:PMC4680968 Collembola at three alpine subarctic sites resistant to twenty years of experimental warmi | pmc:PMC5696395 Neutral lipid fatty acid composition as trait and constraint in Collembola evolution | pmc:PMC6305484 Differences in collembola species assemblages (Arthropoda) between spoil tips and surround | pmc:10.3897/subtbiol.33.48805 Terrestrial invertebrate fauna of Polish caves – a summary of 100 years of research | plazi:03CF878BFFA2C26022B05CE5FAE4A95F Desoria violacea,,,,,,,,
Q044,Desoria violacea,Desoria,habitat,What is the habitat of Desoria violacea?,5,pmc:PMC4680968 Collembola at three alpine subarctic sites resistant to twenty years of experimental warmi | pmc:PMC5696395 Neutral lipid fatty acid composition as trait and constraint in Collembola evolution | pmc:PMC6305484 Differences in collembola species assemblages (Arthropoda) between spoil tips and surround | pmc:10.3897/subtbiol.33.48805 Terrestrial invertebrate fauna of Polish caves – a summary of 100 years of research | plazi:03CF878BFFA2C26022B05CE5FAE4A95F Desoria violacea,,,,,,,,
Q045,Desoria violacea,Desoria,trophic_guild,What does Desoria violacea feed on?,5,pmc:PMC4680968 Collembola at three alpine subarctic sites resistant to twenty years of experimental warmi | pmc:PMC5696395 Neutral lipid fatty acid composition as trait and constraint in Collembola evolution | pmc:PMC6305484 Differences in collembola species assemblages (Arthropoda) between spoil tips and surround | pmc:10.3897/subtbiol.33.48805 Terrestrial invertebrate fauna of Polish caves – a summary of 100 years of research | plazi:03CF878BFFA2C26022B05CE5FAE4A95F Desoria violacea,,,,,,,,
Q046,Deuteraphorura scotaria,Deuteraphorura,body_size,What is the body length of Deuteraphorura scotaria?,1,plazi:4E324D2AFFB97D00FF0BBD9EEDC5B5D0 Deuteraphorura scotaria Gisin 1954,,,,,,,,
Q047,Deuteraphorura scotaria,Deuteraphorura,habitat,What is the habitat of Deuteraphorura scotaria?,1,plazi:4E324D2AFFB97D00FF0BBD9EEDC5B5D0 Deuteraphorura scotaria Gisin 1954,,,,,,,,
Q048,Deuteraphorura scotaria,Deuteraphorura,trophic_guild,What does Deuteraphorura scotaria feed on?,1,plazi:4E324D2AFFB97D00FF0BBD9EEDC5B5D0 Deuteraphorura scotaria Gisin 1954,,,,,,,,
Q049,Deutonura albella,Deutonura,body_size,What is the body length of Deutonura albella?,4,"medline:29362535 Riparian Collembola (Hexapoda) communities of northern Moldova, Eastern Europe. | pmc:PMC5769716 Riparian Collembola ( Hexapoda ) communities of northern Moldova, Eastern Europe | pmc:PMC4467183 Collembolan species diversity of calcareous canyons in the Republic of Moldova | plazi:541287D01975FFF326AAF8C0915EB58F Neanurinae",,,,,,,,
Q050,Deutonura albella,Deutonura,habitat,What is the habitat of Deutonura albella?,4,"medline:29362535 Riparian Collembola (Hexapoda) communities of northern Moldova, Eastern Europe. | pmc:PMC5769716 Riparian Collembola ( Hexapoda ) communities of northern Moldova, Eastern Europe | pmc:PMC4467183 Collembolan species diversity of calcareous canyons in the Republic of Moldova | plazi:541287D01975FFF326AAF8C0915EB58F Neanurinae",,,,,,,,
Q051,Deutonura albella,Deutonura,trophic_guild,What does Deutonura albella feed on?,4,"medline:29362535 Riparian Collembola (Hexapoda) communities of northern Moldova, Eastern Europe. | pmc:PMC5769716 Riparian Collembola ( Hexapoda ) communities of northern Moldova, Eastern Europe | pmc:PMC4467183 Collembolan species diversity of calcareous canyons in the Republic of Moldova | plazi:541287D01975FFF326AAF8C0915EB58F Neanurinae",,,,,,,,
Q052,Deutonura decolorata,Deutonura,body_size,What is the body length of Deutonura decolorata?,6,"pmc:PMC3800792 An introduction to Iranian Collembola (Hexapoda): an update to the species list | pmc:PMC4740980 Endonura Cassagnau in Iran, with a key to species of the genus ( Collembola , Neanuridae , | pmc:PMC7677293 Contribution to the knowledge of Neanurinae of north-western Iran with description of seve | pmc:10.11646/zootaxa.5275.1.1 An annotated checklist of the Collembola (Hexapoda) from Iran | plazi:03CF878BFF82C240227E5A9BFA9FAB78 Deutonura decolorata | plazi:721B6E0C8C08FFB7FF382509A9C922C9 Deutonura decolorata",,,,,,,,
Q053,Deutonura decolorata,Deutonura,habitat,What is the habitat of Deutonura decolorata?,6,"pmc:PMC3800792 An introduction to Iranian Collembola (Hexapoda): an update to the species list | pmc:PMC4740980 Endonura Cassagnau in Iran, with a key to species of the genus ( Collembola , Neanuridae , | pmc:PMC7677293 Contribution to the knowledge of Neanurinae of north-western Iran with description of seve | pmc:10.11646/zootaxa.5275.1.1 An annotated checklist of the Collembola (Hexapoda) from Iran | plazi:03CF878BFF82C240227E5A9BFA9FAB78 Deutonura decolorata | plazi:721B6E0C8C08FFB7FF382509A9C922C9 Deutonura decolorata",,,,,,,,
Q054,Deutonura decolorata,Deutonura,trophic_guild,What does Deutonura decolorata feed on?,6,"pmc:PMC3800792 An introduction to Iranian Collembola (Hexapoda): an update to the species list | pmc:PMC4740980 Endonura Cassagnau in Iran, with a key to species of the genus ( Collembola , Neanuridae , | pmc:PMC7677293 Contribution to the knowledge of Neanurinae of north-western Iran with description of seve | pmc:10.11646/zootaxa.5275.1.1 An annotated checklist of the Collembola (Hexapoda) from Iran | plazi:03CF878BFF82C240227E5A9BFA9FAB78 Deutonura decolorata | plazi:721B6E0C8C08FFB7FF382509A9C922C9 Deutonura decolorata",,,,,,,,
Q055,Deutonura provincialis,Deutonura,body_size,What is the body length of Deutonura provincialis?,1,plazi:03CF878BFF8DC24F228A5B93FA9FA9A5 Deutonura provincialis Deharveng 1979,,,,,,,,
Q056,Deutonura provincialis,Deutonura,habitat,What is the habitat of Deutonura provincialis?,1,plazi:03CF878BFF8DC24F228A5B93FA9FA9A5 Deutonura provincialis Deharveng 1979,,,,,,,,
Q057,Deutonura provincialis,Deutonura,trophic_guild,What does Deutonura provincialis feed on?,1,plazi:03CF878BFF8DC24F228A5B93FA9FA9A5 Deutonura provincialis Deharveng 1979,,,,,,,,
Q058,Dicyrtoma aurata,Dicyrtoma,body_size,What is the body length of Dicyrtoma aurata?,1,plazi:266B5D55F727FFB5FF7EFE884506FE42 Dicyrtoma aurata,,,,,,,,
Q059,Dicyrtoma aurata,Dicyrtoma,habitat,What is the habitat of Dicyrtoma aurata?,1,plazi:266B5D55F727FFB5FF7EFE884506FE42 Dicyrtoma aurata,,,,,,,,
Q060,Dicyrtoma aurata,Dicyrtoma,trophic_guild,What does Dicyrtoma aurata feed on?,1,plazi:266B5D55F727FFB5FF7EFE884506FE42 Dicyrtoma aurata,,,,,,,,
Q061,Dicyrtomina saundersi,Dicyrtomina,body_size,What is the body length of Dicyrtomina saundersi?,5,"pmc:PMC7782307 The complete mitochondrial genome of the springtail Allacma fusca, the internal phylogenet | pmc:PMC11942825 The First Cavernicolous Species of Arrhopalites (Collembola, Symphypleona, Arrhopalitidae) | pmc:PMC7824276 Re-Evaluating the Internal Phylogenetic Relationships of Collembola by Means of Mitogenome | pmc:PMC10230187 Wolbachia springs eternal: symbiosis in Collembola is associated with host ecology | plazi:03CF878BFFFEC23C21E25873FBAEADDF Dicyrtomina saundersi sensu Stach 1957",,,,,,,,
Q062,Dicyrtomina saundersi,Dicyrtomina,habitat,What is the habitat of Dicyrtomina saundersi?,5,"pmc:PMC7782307 The complete mitochondrial genome of the springtail Allacma fusca, the internal phylogenet | pmc:PMC11942825 The First Cavernicolous Species of Arrhopalites (Collembola, Symphypleona, Arrhopalitidae) | pmc:PMC7824276 Re-Evaluating the Internal Phylogenetic Relationships of Collembola by Means of Mitogenome | pmc:PMC10230187 Wolbachia springs eternal: symbiosis in Collembola is associated with host ecology | plazi:03CF878BFFFEC23C21E25873FBAEADDF Dicyrtomina saundersi sensu Stach 1957",,,,,,,,
Q063,Dicyrtomina saundersi,Dicyrtomina,trophic_guild,What does Dicyrtomina saundersi feed on?,5,"pmc:PMC7782307 The complete mitochondrial genome of the springtail Allacma fusca, the internal phylogenet | pmc:PMC11942825 The First Cavernicolous Species of Arrhopalites (Collembola, Symphypleona, Arrhopalitidae) | pmc:PMC7824276 Re-Evaluating the Internal Phylogenetic Relationships of Collembola by Means of Mitogenome | pmc:PMC10230187 Wolbachia springs eternal: symbiosis in Collembola is associated with host ecology | plazi:03CF878BFFFEC23C21E25873FBAEADDF Dicyrtomina saundersi sensu Stach 1957",,,,,,,,
Q064,Entomobrya assuta,Entomobrya,body_size,What is the body length of Entomobrya assuta?,8,"medline:26487816 Taxonomic review and phylogenetic analysis of fifteen North American Entomobrya (Collembol | pmc:PMC4607850 Taxonomic review and phylogenetic analysis of fifteen North American Entomobrya ( Collembo | pmc:10.1111/zoj.12220 Operational criteria for cryptic species delimitation when evidence is limited, as exempli | pmc:PMC11942941 Euedaphic Rather than Hemiedaphic or Epedaphic Collembola Are More Sensitive to Different  | plazi:502D3D8B803275449FB7526EDA6A0584 Entomobrya assuta Folsom 1924 | plazi:266B5D55F716FF84FF7EFD684506FC5C Entomobrya assuta Folsom 1924 | plazi:3F166F7E67AEE8B41076FED7B9FC81C0 Entomobrya citrensis Katz & Soto-Adames, sp. n. | plazi:011B87E9FF82656CFF60C1D8FDF2BC4B Entomobrya assuta Katz 2015",,,,,,,,
Q065,Entomobrya assuta,Entomobrya,habitat,What is the habitat of Entomobrya assuta?,8,"medline:26487816 Taxonomic review and phylogenetic analysis of fifteen North American Entomobrya (Collembol | pmc:PMC4607850 Taxonomic review and phylogenetic analysis of fifteen North American Entomobrya ( Collembo | pmc:10.1111/zoj.12220 Operational criteria for cryptic species delimitation when evidence is limited, as exempli | pmc:PMC11942941 Euedaphic Rather than Hemiedaphic or Epedaphic Collembola Are More Sensitive to Different  | plazi:502D3D8B803275449FB7526EDA6A0584 Entomobrya assuta Folsom 1924 | plazi:266B5D55F716FF84FF7EFD684506FC5C Entomobrya assuta Folsom 1924 | plazi:3F166F7E67AEE8B41076FED7B9FC81C0 Entomobrya citrensis Katz & Soto-Adames, sp. n. | plazi:011B87E9FF82656CFF60C1D8FDF2BC4B Entomobrya assuta Katz 2015",,,,,,,,
Q066,Entomobrya assuta,Entomobrya,trophic_guild,What does Entomobrya assuta feed on?,8,"medline:26487816 Taxonomic review and phylogenetic analysis of fifteen North American Entomobrya (Collembol | pmc:PMC4607850 Taxonomic review and phylogenetic analysis of fifteen North American Entomobrya ( Collembo | pmc:10.1111/zoj.12220 Operational criteria for cryptic species delimitation when evidence is limited, as exempli | pmc:PMC11942941 Euedaphic Rather than Hemiedaphic or Epedaphic Collembola Are More Sensitive to Different  | plazi:502D3D8B803275449FB7526EDA6A0584 Entomobrya assuta Folsom 1924 | plazi:266B5D55F716FF84FF7EFD684506FC5C Entomobrya assuta Folsom 1924 | plazi:3F166F7E67AEE8B41076FED7B9FC81C0 Entomobrya citrensis Katz & Soto-Adames, sp. n. | plazi:011B87E9FF82656CFF60C1D8FDF2BC4B Entomobrya assuta Katz 2015",,,,,,,,
Q067,Entomobrya handschini,Entomobrya,body_size,What is the body length of Entomobrya handschini?,13,"pmc:PMC10716847 ﻿Investigation on the true identity of Entomobrya nigriventris Stach, 1929 ( Collembola ,  | pmc:PMC3800792 An introduction to Iranian Collembola (Hexapoda): an update to the species list | pmc:PMC5769716 Riparian Collembola ( Hexapoda ) communities of northern Moldova, Eastern Europe | pmc:10.11646/zootaxa.5352.3.5 A new species of Entomobrya Rondani, 1861 (Collembola, Entomobryidae, Entomobryinae) from  | pmc:PMC6163862 Habitat Structure, Quality and Landscape Predict Species Richness and Communities of Colle | pmc:10.52547/jibs.9.1.1 Addition to Iranian Springtails fauna and a checklist of the Collembola from Kurdistan pro | pmc:10.11646/zootaxa.5275.1.1 An annotated checklist of the Collembola (Hexapoda) from Iran | plazi:721B6E0C8C33FF8CFF382595A9E02359 Entomobrya handschini Stach 1922 | plazi:03AA531A0F40352CFFA85BB9FB38A782 Entomobrya handschini Stach 1922 | plazi:20098787FF889E4EE3E1FCFC23F4FB88 Entomobrya maroccana Baquero & Jordana, 2008, new species | plazi:20098787FF869E4EE3E1FB50239CF81A Entomobrya lawrencei Baquero & Jordana, 2008, new species | plazi:AC6C3F5BEA525990ABDE8E0C53141D66 Entomobrya handschini Stach 1922 | plazi:03DD371FFFADFFD834F6F888FA33F7E5 Entomobrya handschini Stach 1922",,,,,,,,
Q068,Entomobrya handschini,Entomobrya,habitat,What is the habitat of Entomobrya handschini?,13,"pmc:PMC10716847 ﻿Investigation on the true identity of Entomobrya nigriventris Stach, 1929 ( Collembola ,  | pmc:PMC3800792 An introduction to Iranian Collembola (Hexapoda): an update to the species list | pmc:PMC5769716 Riparian Collembola ( Hexapoda ) communities of northern Moldova, Eastern Europe | pmc:10.11646/zootaxa.5352.3.5 A new species of Entomobrya Rondani, 1861 (Collembola, Entomobryidae, Entomobryinae) from  | pmc:PMC6163862 Habitat Structure, Quality and Landscape Predict Species Richness and Communities of Colle | pmc:10.52547/jibs.9.1.1 Addition to Iranian Springtails fauna and a checklist of the Collembola from Kurdistan pro | pmc:10.11646/zootaxa.5275.1.1 An annotated checklist of the Collembola (Hexapoda) from Iran | plazi:721B6E0C8C33FF8CFF382595A9E02359 Entomobrya handschini Stach 1922 | plazi:03AA531A0F40352CFFA85BB9FB38A782 Entomobrya handschini Stach 1922 | plazi:20098787FF889E4EE3E1FCFC23F4FB88 Entomobrya maroccana Baquero & Jordana, 2008, new species | plazi:20098787FF869E4EE3E1FB50239CF81A Entomobrya lawrencei Baquero & Jordana, 2008, new species | plazi:AC6C3F5BEA525990ABDE8E0C53141D66 Entomobrya handschini Stach 1922 | plazi:03DD371FFFADFFD834F6F888FA33F7E5 Entomobrya handschini Stach 1922",,,,,,,,
Q069,Entomobrya handschini,Entomobrya,trophic_guild,What does Entomobrya handschini feed on?,13,"pmc:PMC10716847 ﻿Investigation on the true identity of Entomobrya nigriventris Stach, 1929 ( Collembola ,  | pmc:PMC3800792 An introduction to Iranian Collembola (Hexapoda): an update to the species list | pmc:PMC5769716 Riparian Collembola ( Hexapoda ) communities of northern Moldova, Eastern Europe | pmc:10.11646/zootaxa.5352.3.5 A new species of Entomobrya Rondani, 1861 (Collembola, Entomobryidae, Entomobryinae) from  | pmc:PMC6163862 Habitat Structure, Quality and Landscape Predict Species Richness and Communities of Colle | pmc:10.52547/jibs.9.1.1 Addition to Iranian Springtails fauna and a checklist of the Collembola from Kurdistan pro | pmc:10.11646/zootaxa.5275.1.1 An annotated checklist of the Collembola (Hexapoda) from Iran | plazi:721B6E0C8C33FF8CFF382595A9E02359 Entomobrya handschini Stach 1922 | plazi:03AA531A0F40352CFFA85BB9FB38A782 Entomobrya handschini Stach 1922 | plazi:20098787FF889E4EE3E1FCFC23F4FB88 Entomobrya maroccana Baquero & Jordana, 2008, new species | plazi:20098787FF869E4EE3E1FB50239CF81A Entomobrya lawrencei Baquero & Jordana, 2008, new species | plazi:AC6C3F5BEA525990ABDE8E0C53141D66 Entomobrya handschini Stach 1922 | plazi:03DD371FFFADFFD834F6F888FA33F7E5 Entomobrya handschini Stach 1922",,,,,,,,
Q070,Folsomia sexoculata,Folsomia,body_size,What is the body length of Folsomia sexoculata?,11,"medline:28308776 The effects of spatial habitat configuration on recruitment, growth and population structu | pmc:PMC3618273 Effects of Essential Oils from Eucalyptus globulus Leaves on Soil Organisms Involved in Le | pmc:PMC9056452 Impact of three co-occurring physical ecosystem engineers on soil Collembola communities | pmc:10.11646/zootaxa.5275.1.1 An annotated checklist of the Collembola (Hexapoda) from Iran | pmc:10.11646/zootaxa.5147.1.1 Catalogue of Vietnamese springtails (Hexapoda, Collembola) | plazi:03CF878BFFAFC26D21F05FE2FEECADB0 Folsomia sexoculata | plazi:721B6E0C8C39FF86FF3824EEA95C210C Folsomia trisetata Jordana & Ardanaz 1981 | plazi:03CF878BFFADC26C2296594BFE67AD3E Folsomia pyrenaea Cassagnau 1954 | plazi:E03187B3FFC4D414FF31F74BFCB8FF4B Folsomia sexoculata | plazi:266B5D55F778FFEAFF7EF98E45FCF8FA Folsomia sexoculata | plazi:039A87B5FFFF0E05FF0FF994FB5CFD49 Folsomia trisetata Jordana & Ardanaz 1981",,,,,,,,
Q071,Folsomia sexoculata,Folsomia,habitat,What is the habitat of Folsomia sexoculata?,11,"medline:28308776 The effects of spatial habitat configuration on recruitment, growth and population structu | pmc:PMC3618273 Effects of Essential Oils from Eucalyptus globulus Leaves on Soil Organisms Involved in Le | pmc:PMC9056452 Impact of three co-occurring physical ecosystem engineers on soil Collembola communities | pmc:10.11646/zootaxa.5275.1.1 An annotated checklist of the Collembola (Hexapoda) from Iran | pmc:10.11646/zootaxa.5147.1.1 Catalogue of Vietnamese springtails (Hexapoda, Collembola) | plazi:03CF878BFFAFC26D21F05FE2FEECADB0 Folsomia sexoculata | plazi:721B6E0C8C39FF86FF3824EEA95C210C Folsomia trisetata Jordana & Ardanaz 1981 | plazi:03CF878BFFADC26C2296594BFE67AD3E Folsomia pyrenaea Cassagnau 1954 | plazi:E03187B3FFC4D414FF31F74BFCB8FF4B Folsomia sexoculata | plazi:266B5D55F778FFEAFF7EF98E45FCF8FA Folsomia sexoculata | plazi:039A87B5FFFF0E05FF0FF994FB5CFD49 Folsomia trisetata Jordana & Ardanaz 1981",,,,,,,,
Q072,Folsomia sexoculata,Folsomia,trophic_guild,What does Folsomia sexoculata feed on?,11,"medline:28308776 The effects of spatial habitat configuration on recruitment, growth and population structu | pmc:PMC3618273 Effects of Essential Oils from Eucalyptus globulus Leaves on Soil Organisms Involved in Le | pmc:PMC9056452 Impact of three co-occurring physical ecosystem engineers on soil Collembola communities | pmc:10.11646/zootaxa.5275.1.1 An annotated checklist of the Collembola (Hexapoda) from Iran | pmc:10.11646/zootaxa.5147.1.1 Catalogue of Vietnamese springtails (Hexapoda, Collembola) | plazi:03CF878BFFAFC26D21F05FE2FEECADB0 Folsomia sexoculata | plazi:721B6E0C8C39FF86FF3824EEA95C210C Folsomia trisetata Jordana & Ardanaz 1981 | plazi:03CF878BFFADC26C2296594BFE67AD3E Folsomia pyrenaea Cassagnau 1954 | plazi:E03187B3FFC4D414FF31F74BFCB8FF4B Folsomia sexoculata | plazi:266B5D55F778FFEAFF7EF98E45FCF8FA Folsomia sexoculata | plazi:039A87B5FFFF0E05FF0FF994FB5CFD49 Folsomia trisetata Jordana & Ardanaz 1981",,,,,,,,
Q073,Friesea atypica,Friesea,body_size,What is the body length of Friesea atypica?,1,plazi:975D1509FFB8735035FC2C9F8601EDF0 Friesea atypica Cassagnau 1958,,,,,,,,
Q074,Friesea atypica,Friesea,habitat,What is the habitat of Friesea atypica?,1,plazi:975D1509FFB8735035FC2C9F8601EDF0 Friesea atypica Cassagnau 1958,,,,,,,,
Q075,Friesea atypica,Friesea,trophic_guild,What does Friesea atypica feed on?,1,plazi:975D1509FFB8735035FC2C9F8601EDF0 Friesea atypica Cassagnau 1958,,,,,,,,
Q076,Friesea quinquespinosa,Friesea,body_size,What is the body length of Friesea quinquespinosa?,2,pmc:PMC7240498 Changing Microarthropod Communities in Front of a Receding Glacier in the High Arctic | plazi:266B5D55F765FFF7FF7EFB6145B0FA60 Friesea quinquespinosa,,,,,,,,
Q077,Friesea quinquespinosa,Friesea,habitat,What is the habitat of Friesea quinquespinosa?,2,pmc:PMC7240498 Changing Microarthropod Communities in Front of a Receding Glacier in the High Arctic | plazi:266B5D55F765FFF7FF7EFB6145B0FA60 Friesea quinquespinosa,,,,,,,,
Q078,Friesea quinquespinosa,Friesea,trophic_guild,What does Friesea quinquespinosa feed on?,2,pmc:PMC7240498 Changing Microarthropod Communities in Front of a Receding Glacier in the High Arctic | plazi:266B5D55F765FFF7FF7EFB6145B0FA60 Friesea quinquespinosa,,,,,,,,
Q079,Halisotoma arenicola,Halisotoma,body_size,What is the body length of Halisotoma arenicola?,0,,,,,,,,,
Q080,Halisotoma arenicola,Halisotoma,habitat,What is the habitat of Halisotoma arenicola?,0,,,,,,,,,
Q081,Halisotoma arenicola,Halisotoma,trophic_guild,What does Halisotoma arenicola feed on?,0,,,,,,,,,
Q082,Heteraphorura carpatica,Heteraphorura,body_size,What is the body length of Heteraphorura carpatica?,2,"pmc:10.11646/zootaxa.5147.1.1 Catalogue of Vietnamese springtails (Hexapoda, Collembola) | plazi:E03187B3FFB9D46FFF31F63BFC4EFEF3 Heteraphorura carpatica",,,,,,,,
Q083,Heteraphorura carpatica,Heteraphorura,habitat,What is the habitat of Heteraphorura carpatica?,2,"pmc:10.11646/zootaxa.5147.1.1 Catalogue of Vietnamese springtails (Hexapoda, Collembola) | plazi:E03187B3FFB9D46FFF31F63BFC4EFEF3 Heteraphorura carpatica",,,,,,,,
Q084,Heteraphorura carpatica,Heteraphorura,trophic_guild,What does Heteraphorura carpatica feed on?,2,"pmc:10.11646/zootaxa.5147.1.1 Catalogue of Vietnamese springtails (Hexapoda, Collembola) | plazi:E03187B3FFB9D46FFF31F63BFC4EFEF3 Heteraphorura carpatica",,,,,,,,
Q085,Hymenaphorura parva,Hymenaphorura,body_size,What is the body length of Hymenaphorura parva?,0,,,,,,,,,
Q086,Hymenaphorura parva,Hymenaphorura,habitat,What is the habitat of Hymenaphorura parva?,0,,,,,,,,,
Q087,Hymenaphorura parva,Hymenaphorura,trophic_guild,What does Hymenaphorura parva feed on?,0,,,,,,,,,
Q088,Hypogastrura distincta,Hypogastrura,body_size,What is the body length of Hypogastrura distincta?,3,plazi:721B6E0C8C1AFFA5FF3825B9A9DC2358 Hypogastrura distincta | plazi:266B5D55F749FFDBFF7EFB504587FA77 Hypogastrura distincta | plazi:033487C7DA4EFFADFF076D34DD5D7FE9 Hypogastrura distincta Axelson 1902,,,,,,,,
Q089,Hypogastrura distincta,Hypogastrura,habitat,What is the habitat of Hypogastrura distincta?,3,plazi:721B6E0C8C1AFFA5FF3825B9A9DC2358 Hypogastrura distincta | plazi:266B5D55F749FFDBFF7EFB504587FA77 Hypogastrura distincta | plazi:033487C7DA4EFFADFF076D34DD5D7FE9 Hypogastrura distincta Axelson 1902,,,,,,,,
Q090,Hypogastrura distincta,Hypogastrura,trophic_guild,What does Hypogastrura distincta feed on?,3,plazi:721B6E0C8C1AFFA5FF3825B9A9DC2358 Hypogastrura distincta | plazi:266B5D55F749FFDBFF7EFB504587FA77 Hypogastrura distincta | plazi:033487C7DA4EFFADFF076D34DD5D7FE9 Hypogastrura distincta Axelson 1902,,,,,,,,
Q091,Hypogastrura sahlbergi,Hypogastrura,body_size,What is the body length of Hypogastrura sahlbergi?,5,"pmc:PMC4440272 Updated list of Collembola species currently recorded from South Africa | pmc:PMC11942941 Euedaphic Rather than Hemiedaphic or Epedaphic Collembola Are More Sensitive to Different  | pmc:PMC4553544 A Holarctic Biogeographical Analysis of the Collembola (Arthropoda, Hexapoda) Unravels Rec | pmc:10.11646/zootaxa.5147.1.1 Catalogue of Vietnamese springtails (Hexapoda, Collembola) | plazi:E03187B3FF90D447FF31F46AFB4CF92B Hypogastrura sahlbergi",,,,,,,,
Q092,Hypogastrura sahlbergi,Hypogastrura,habitat,What is the habitat of Hypogastrura sahlbergi?,5,"pmc:PMC4440272 Updated list of Collembola species currently recorded from South Africa | pmc:PMC11942941 Euedaphic Rather than Hemiedaphic or Epedaphic Collembola Are More Sensitive to Different  | pmc:PMC4553544 A Holarctic Biogeographical Analysis of the Collembola (Arthropoda, Hexapoda) Unravels Rec | pmc:10.11646/zootaxa.5147.1.1 Catalogue of Vietnamese springtails (Hexapoda, Collembola) | plazi:E03187B3FF90D447FF31F46AFB4CF92B Hypogastrura sahlbergi",,,,,,,,
Q093,Hypogastrura sahlbergi,Hypogastrura,trophic_guild,What does Hypogastrura sahlbergi feed on?,5,"pmc:PMC4440272 Updated list of Collembola species currently recorded from South Africa | pmc:PMC11942941 Euedaphic Rather than Hemiedaphic or Epedaphic Collembola Are More Sensitive to Different  | pmc:PMC4553544 A Holarctic Biogeographical Analysis of the Collembola (Arthropoda, Hexapoda) Unravels Rec | pmc:10.11646/zootaxa.5147.1.1 Catalogue of Vietnamese springtails (Hexapoda, Collembola) | plazi:E03187B3FF90D447FF31F46AFB4CF92B Hypogastrura sahlbergi",,,,,,,,
Q094,Isotoma riparia,Isotoma,body_size,What is the body length of Isotoma riparia?,9,"medline:29224117 Heated communities: large inter- and intraspecific variation in heat tolerance across trop | pmc:PMC5799326 Heated communities: large inter- and intraspecific variation in heat tolerance across trop | pmc:PMC4467183 Collembolan species diversity of calcareous canyons in the Republic of Moldova | pmc:PMC6890670 Variations in terrestrial arthropod DNA metabarcoding methods recovers robust beta diversi | pmc:PMC10235112 Polyproline type II helical antifreeze proteins are widespread in Collembola and likely or | pmc:PMC9797640 Species composition of shoreline wolf spider communities vary with salinity, but their die | pmc:PMC6606457 Scaling of thermal tolerance with body mass and genome size in ectotherms: a comparison be | pmc:PMC4553544 A Holarctic Biogeographical Analysis of the Collembola (Arthropoda, Hexapoda) Unravels Rec | plazi:721B6E0C8C3EFF81FF38261DA97A21FC Isotoma riparia",,,,,,,,
Q095,Isotoma riparia,Isotoma,habitat,What is the habitat of Isotoma riparia?,9,"medline:29224117 Heated communities: large inter- and intraspecific variation in heat tolerance across trop | pmc:PMC5799326 Heated communities: large inter- and intraspecific variation in heat tolerance across trop | pmc:PMC4467183 Collembolan species diversity of calcareous canyons in the Republic of Moldova | pmc:PMC6890670 Variations in terrestrial arthropod DNA metabarcoding methods recovers robust beta diversi | pmc:PMC10235112 Polyproline type II helical antifreeze proteins are widespread in Collembola and likely or | pmc:PMC9797640 Species composition of shoreline wolf spider communities vary with salinity, but their die | pmc:PMC6606457 Scaling of thermal tolerance with body mass and genome size in ectotherms: a comparison be | pmc:PMC4553544 A Holarctic Biogeographical Analysis of the Collembola (Arthropoda, Hexapoda) Unravels Rec | plazi:721B6E0C8C3EFF81FF38261DA97A21FC Isotoma riparia",,,,,,,,
Q096,Isotoma riparia,Isotoma,trophic_guild,What does Isotoma riparia feed on?,9,"medline:29224117 Heated communities: large inter- and intraspecific variation in heat tolerance across trop | pmc:PMC5799326 Heated communities: large inter- and intraspecific variation in heat tolerance across trop | pmc:PMC4467183 Collembolan species diversity of calcareous canyons in the Republic of Moldova | pmc:PMC6890670 Variations in terrestrial arthropod DNA metabarcoding methods recovers robust beta diversi | pmc:PMC10235112 Polyproline type II helical antifreeze proteins are widespread in Collembola and likely or | pmc:PMC9797640 Species composition of shoreline wolf spider communities vary with salinity, but their die | pmc:PMC6606457 Scaling of thermal tolerance with body mass and genome size in ectotherms: a comparison be | pmc:PMC4553544 A Holarctic Biogeographical Analysis of the Collembola (Arthropoda, Hexapoda) Unravels Rec | plazi:721B6E0C8C3EFF81FF38261DA97A21FC Isotoma riparia",,,,,,,,
Q097,Isotomiella paraminor,Isotomiella,body_size,What is the body length of Isotomiella paraminor?,1,plazi:03CF878BFFAAC26822A25E8CFA4DAEDD Isotomiella paraminor Gisin 1942,,,,,,,,
Q098,Isotomiella paraminor,Isotomiella,habitat,What is the habitat of Isotomiella paraminor?,1,plazi:03CF878BFFAAC26822A25E8CFA4DAEDD Isotomiella paraminor Gisin 1942,,,,,,,,
Q099,Isotomiella paraminor,Isotomiella,trophic_guild,What does Isotomiella paraminor feed on?,1,plazi:03CF878BFFAAC26822A25E8CFA4DAEDD Isotomiella paraminor Gisin 1942,,,,,,,,
Q100,Isotomurus balteatus,Isotomurus,body_size,What is the body length of Isotomurus balteatus?,8,"pmc:PMC4440272 Updated list of Collembola species currently recorded from South Africa | pmc:PMC4553544 A Holarctic Biogeographical Analysis of the Collembola (Arthropoda, Hexapoda) Unravels Rec | pmc:10.11646/zootaxa.5147.1.1 Catalogue of Vietnamese springtails (Hexapoda, Collembola) | plazi:EE1F0137FFD6FFFCFF2E999F57C3FE9B Isotomurus balteatus Handschin 1929 | plazi:03CF878BFFD4C216200A5FEDFD4AAF3C Isotomurus balteatus | plazi:E03187B3FFFAD42DFF31F22AFD40FB5B Isotomurus balteatus | plazi:721B6E0C8C3DFF82FF382571A9C22310 Isotomurus balteatus | plazi:0D38B345FFBF1D05D952FC81335274F3 Proisotoma pakurensis Mandal, Suman & Bhattacharya, 2017, n. sp.",,,,,,,,
Q101,Isotomurus balteatus,Isotomurus,habitat,What is the habitat of Isotomurus balteatus?,8,"pmc:PMC4440272 Updated list of Collembola species currently recorded from South Africa | pmc:PMC4553544 A Holarctic Biogeographical Analysis of the Collembola (Arthropoda, Hexapoda) Unravels Rec | pmc:10.11646/zootaxa.5147.1.1 Catalogue of Vietnamese springtails (Hexapoda, Collembola) | plazi:EE1F0137FFD6FFFCFF2E999F57C3FE9B Isotomurus balteatus Handschin 1929 | plazi:03CF878BFFD4C216200A5FEDFD4AAF3C Isotomurus balteatus | plazi:E03187B3FFFAD42DFF31F22AFD40FB5B Isotomurus balteatus | plazi:721B6E0C8C3DFF82FF382571A9C22310 Isotomurus balteatus | plazi:0D38B345FFBF1D05D952FC81335274F3 Proisotoma pakurensis Mandal, Suman & Bhattacharya, 2017, n. sp.",,,,,,,,
Q102,Isotomurus balteatus,Isotomurus,trophic_guild,What does Isotomurus balteatus feed on?,8,"pmc:PMC4440272 Updated list of Collembola species currently recorded from South Africa | pmc:PMC4553544 A Holarctic Biogeographical Analysis of the Collembola (Arthropoda, Hexapoda) Unravels Rec | pmc:10.11646/zootaxa.5147.1.1 Catalogue of Vietnamese springtails (Hexapoda, Collembola) | plazi:EE1F0137FFD6FFFCFF2E999F57C3FE9B Isotomurus balteatus Handschin 1929 | plazi:03CF878BFFD4C216200A5FEDFD4AAF3C Isotomurus balteatus | plazi:E03187B3FFFAD42DFF31F22AFD40FB5B Isotomurus balteatus | plazi:721B6E0C8C3DFF82FF382571A9C22310 Isotomurus balteatus | plazi:0D38B345FFBF1D05D952FC81335274F3 Proisotoma pakurensis Mandal, Suman & Bhattacharya, 2017, n. sp.",,,,,,,,
Q103,Isotomurus gallicus,Isotomurus,body_size,What is the body length of Isotomurus gallicus?,1,"plazi:03CF878BFFD4C216250E5FEDFB67ADF8 Isotomurus gallicus Carapelli, Frati, Franciulli & Dallai 2001",,,,,,,,
Q104,Isotomurus gallicus,Isotomurus,habitat,What is the habitat of Isotomurus gallicus?,1,"plazi:03CF878BFFD4C216250E5FEDFB67ADF8 Isotomurus gallicus Carapelli, Frati, Franciulli & Dallai 2001",,,,,,,,
Q105,Isotomurus gallicus,Isotomurus,trophic_guild,What does Isotomurus gallicus feed on?,1,"plazi:03CF878BFFD4C216250E5FEDFB67ADF8 Isotomurus gallicus Carapelli, Frati, Franciulli & Dallai 2001",,,,,,,,
Q106,Isotomurus palustris,Isotomurus,body_size,What is the body length of Isotomurus palustris?,36,"medline:15093010 Response types in Collembola towards copper in the microenvironment. | medline:15526861 Biodiversity of Collembola in urban soils and the use of Folsomia candida to assess soil ' | pmc:PMC3131029 Effects of ecological flooding on the temporal and spatial dynamics of carabid beetles (Co | pmc:PMC4440272 Updated list of Collembola species currently recorded from South Africa | pmc:10.11646/zootaxa.5293.3.4 An updated catalogue of the Collembola (Hexapoda) from Colombia and a perspective for unex | pmc:PMC6305484 Differences in collembola species assemblages (Arthropoda) between spoil tips and surround | pmc:10.11646/zootaxa.4838.3.10 Isotomurus graminis Fjellberg (Collembola: Isotomidae) new for Iran, key to Iranian specie | pmc:10.11646/zootaxa.5230.1.3 A revision of the genus Isotomurus (Collembola: Isotomidae) in northern Iran using molecul | pmc:PMC5696395 Neutral lipid fatty acid composition as trait and constraint in Collembola evolution | pmc:PMC3458803 Cryptic Diversity in the Ubiquist Species Parisotoma notabilis (Collembola, Isotomidae): A | pmc:PMC4494283 Adaptations and Predispositions of Different Middle European Arthropod Taxa (Collembola, A | pmc:PMC3800792 An introduction to Iranian Collembola (Hexapoda): an update to the species list | pmc:PMC6955927 Soil Microarthropods and Soil Health: Intersection of Decomposition and Pest Suppression i | pmc:PMC6441085 No signal of deleterious mutation accumulation in conserved gene sequences of extant asexu | pmc:PMC6181304 Ecological risk assessment for land contaminated by petrochemical industry | pmc:PMC6858819 Effects of miniaturization in the anatomy of the minute springtail Mesaphorura sylvatica ( | pmc:PMC7969584 Standardised arthropod ( Arthropoda ) inventory across natural and anthropogenic impacted  | pmc:10.11646/zootaxa.5147.1.1 Catalogue of Vietnamese springtails (Hexapoda, Collembola) | pmc:10.11646/zootaxa.5275.1.1 An annotated checklist of the Collembola (Hexapoda) from Iran | pmc:PMC7009882 Scientific Opinion addressing the state of the science on risk assessment of plant protect | plazi:E03187B3FFF8D42FFF31F29BFCADFB5B Isotomurus tricuspis Borner 1906 | plazi:E03187B3FFFAD42DFF31F422FD40F92B Isotomurus fucicolus | plazi:03CF878BFFD4C21620075A28FD68ABF1 Isotomurus fucicolus Reuter 1891 | plazi:721B6E0C8C3CFF83FF382595A9D823BC Isotomurus palustris | plazi:03C08371CC50FF9ABDBC2793FC7CFE75 Isotomurus palustris | plazi:03CF878BFFD5C217200C5E4DFA4DAFEF Isotomurus palustris | plazi:03AA531A0F5F3530FF5858C8FC34A3FA Isotomurus palustris | plazi:E03187B3FFFAD42EFF31F7F2FC48FC5C Isotomurus palustris | plazi:03998797843AFFF4FF11E1059458F838 Isotomurus palustris | plazi:03CF878BFFD5C21422A65A45FE4FAD13 Isotomurus prasinus | plazi:E03187B3FFF9D42EFF31F52FFDC6F9C7 Isotomurus prasinus | plazi:03C54558BD2DFFFF1498FF6F0FB1FDC2 Isotomurus palustris Muller 1776 | plazi:266B5D55F707FF95FF7EFB4943EEF859 Ceratophysella palustris | plazi:EC6387A4FFEA3733FF62A674FAC3FE6A Hypogastrura serrata | plazi:03C54558BD24FFF01498FF270CE8F954 Isotomurus hyrcanicus, sp. nov. | plazi:0D38B345FFBF1D05D952FC81335274F3 Proisotoma pakurensis Mandal, Suman & Bhattacharya, 2017, n. sp.",,,,,,,,
Q107,Isotomurus palustris,Isotomurus,habitat,What is the habitat of Isotomurus palustris?,36,"medline:15093010 Response types in Collembola towards copper in the microenvironment. | medline:15526861 Biodiversity of Collembola in urban soils and the use of Folsomia candida to assess soil ' | pmc:PMC3131029 Effects of ecological flooding on the temporal and spatial dynamics of carabid beetles (Co | pmc:PMC4440272 Updated list of Collembola species currently recorded from South Africa | pmc:10.11646/zootaxa.5293.3.4 An updated catalogue of the Collembola (Hexapoda) from Colombia and a perspective for unex | pmc:PMC6305484 Differences in collembola species assemblages (Arthropoda) between spoil tips and surround | pmc:10.11646/zootaxa.4838.3.10 Isotomurus graminis Fjellberg (Collembola: Isotomidae) new for Iran, key to Iranian specie | pmc:10.11646/zootaxa.5230.1.3 A revision of the genus Isotomurus (Collembola: Isotomidae) in northern Iran using molecul | pmc:PMC5696395 Neutral lipid fatty acid composition as trait and constraint in Collembola evolution | pmc:PMC3458803 Cryptic Diversity in the Ubiquist Species Parisotoma notabilis (Collembola, Isotomidae): A | pmc:PMC4494283 Adaptations and Predispositions of Different Middle European Arthropod Taxa (Collembola, A | pmc:PMC3800792 An introduction to Iranian Collembola (Hexapoda): an update to the species list | pmc:PMC6955927 Soil Microarthropods and Soil Health: Intersection of Decomposition and Pest Suppression i | pmc:PMC6441085 No signal of deleterious mutation accumulation in conserved gene sequences of extant asexu | pmc:PMC6181304 Ecological risk assessment for land contaminated by petrochemical industry | pmc:PMC6858819 Effects of miniaturization in the anatomy of the minute springtail Mesaphorura sylvatica ( | pmc:PMC7969584 Standardised arthropod ( Arthropoda ) inventory across natural and anthropogenic impacted  | pmc:10.11646/zootaxa.5147.1.1 Catalogue of Vietnamese springtails (Hexapoda, Collembola) | pmc:10.11646/zootaxa.5275.1.1 An annotated checklist of the Collembola (Hexapoda) from Iran | pmc:PMC7009882 Scientific Opinion addressing the state of the science on risk assessment of plant protect | plazi:E03187B3FFF8D42FFF31F29BFCADFB5B Isotomurus tricuspis Borner 1906 | plazi:E03187B3FFFAD42DFF31F422FD40F92B Isotomurus fucicolus | plazi:03CF878BFFD4C21620075A28FD68ABF1 Isotomurus fucicolus Reuter 1891 | plazi:721B6E0C8C3CFF83FF382595A9D823BC Isotomurus palustris | plazi:03C08371CC50FF9ABDBC2793FC7CFE75 Isotomurus palustris | plazi:03CF878BFFD5C217200C5E4DFA4DAFEF Isotomurus palustris | plazi:03AA531A0F5F3530FF5858C8FC34A3FA Isotomurus palustris | plazi:E03187B3FFFAD42EFF31F7F2FC48FC5C Isotomurus palustris | plazi:03998797843AFFF4FF11E1059458F838 Isotomurus palustris | plazi:03CF878BFFD5C21422A65A45FE4FAD13 Isotomurus prasinus | plazi:E03187B3FFF9D42EFF31F52FFDC6F9C7 Isotomurus prasinus | plazi:03C54558BD2DFFFF1498FF6F0FB1FDC2 Isotomurus palustris Muller 1776 | plazi:266B5D55F707FF95FF7EFB4943EEF859 Ceratophysella palustris | plazi:EC6387A4FFEA3733FF62A674FAC3FE6A Hypogastrura serrata | plazi:03C54558BD24FFF01498FF270CE8F954 Isotomurus hyrcanicus, sp. nov. | plazi:0D38B345FFBF1D05D952FC81335274F3 Proisotoma pakurensis Mandal, Suman & Bhattacharya, 2017, n. sp.",,,,,,,,
Q108,Isotomurus palustris,Isotomurus,trophic_guild,What does Isotomurus palustris feed on?,36,"medline:15093010 Response types in Collembola towards copper in the microenvironment. | medline:15526861 Biodiversity of Collembola in urban soils and the use of Folsomia candida to assess soil ' | pmc:PMC3131029 Effects of ecological flooding on the temporal and spatial dynamics of carabid beetles (Co | pmc:PMC4440272 Updated list of Collembola species currently recorded from South Africa | pmc:10.11646/zootaxa.5293.3.4 An updated catalogue of the Collembola (Hexapoda) from Colombia and a perspective for unex | pmc:PMC6305484 Differences in collembola species assemblages (Arthropoda) between spoil tips and surround | pmc:10.11646/zootaxa.4838.3.10 Isotomurus graminis Fjellberg (Collembola: Isotomidae) new for Iran, key to Iranian specie | pmc:10.11646/zootaxa.5230.1.3 A revision of the genus Isotomurus (Collembola: Isotomidae) in northern Iran using molecul | pmc:PMC5696395 Neutral lipid fatty acid composition as trait and constraint in Collembola evolution | pmc:PMC3458803 Cryptic Diversity in the Ubiquist Species Parisotoma notabilis (Collembola, Isotomidae): A | pmc:PMC4494283 Adaptations and Predispositions of Different Middle European Arthropod Taxa (Collembola, A | pmc:PMC3800792 An introduction to Iranian Collembola (Hexapoda): an update to the species list | pmc:PMC6955927 Soil Microarthropods and Soil Health: Intersection of Decomposition and Pest Suppression i | pmc:PMC6441085 No signal of deleterious mutation accumulation in conserved gene sequences of extant asexu | pmc:PMC6181304 Ecological risk assessment for land contaminated by petrochemical industry | pmc:PMC6858819 Effects of miniaturization in the anatomy of the minute springtail Mesaphorura sylvatica ( | pmc:PMC7969584 Standardised arthropod ( Arthropoda ) inventory across natural and anthropogenic impacted  | pmc:10.11646/zootaxa.5147.1.1 Catalogue of Vietnamese springtails (Hexapoda, Collembola) | pmc:10.11646/zootaxa.5275.1.1 An annotated checklist of the Collembola (Hexapoda) from Iran | pmc:PMC7009882 Scientific Opinion addressing the state of the science on risk assessment of plant protect | plazi:E03187B3FFF8D42FFF31F29BFCADFB5B Isotomurus tricuspis Borner 1906 | plazi:E03187B3FFFAD42DFF31F422FD40F92B Isotomurus fucicolus | plazi:03CF878BFFD4C21620075A28FD68ABF1 Isotomurus fucicolus Reuter 1891 | plazi:721B6E0C8C3CFF83FF382595A9D823BC Isotomurus palustris | plazi:03C08371CC50FF9ABDBC2793FC7CFE75 Isotomurus palustris | plazi:03CF878BFFD5C217200C5E4DFA4DAFEF Isotomurus palustris | plazi:03AA531A0F5F3530FF5858C8FC34A3FA Isotomurus palustris | plazi:E03187B3FFFAD42EFF31F7F2FC48FC5C Isotomurus palustris | plazi:03998797843AFFF4FF11E1059458F838 Isotomurus palustris | plazi:03CF878BFFD5C21422A65A45FE4FAD13 Isotomurus prasinus | plazi:E03187B3FFF9D42EFF31F52FFDC6F9C7 Isotomurus prasinus | plazi:03C54558BD2DFFFF1498FF6F0FB1FDC2 Isotomurus palustris Muller 1776 | plazi:266B5D55F707FF95FF7EFB4943EEF859 Ceratophysella palustris | plazi:EC6387A4FFEA3733FF62A674FAC3FE6A Hypogastrura serrata | plazi:03C54558BD24FFF01498FF270CE8F954 Isotomurus hyrcanicus, sp. nov. | plazi:0D38B345FFBF1D05D952FC81335274F3 Proisotoma pakurensis Mandal, Suman & Bhattacharya, 2017, n. sp.",,,,,,,,
Q109,Lathriopyga longiseta,Lathriopyga,body_size,What is the body length of Lathriopyga longiseta?,1,plazi:03CF878BFF8EC24C22A05B3FFA46A96D Lathriopyga longiseta,,,,,,,,
Q110,Lathriopyga longiseta,Lathriopyga,habitat,What is the habitat of Lathriopyga longiseta?,1,plazi:03CF878BFF8EC24C22A05B3FFA46A96D Lathriopyga longiseta,,,,,,,,
Q111,Lathriopyga longiseta,Lathriopyga,trophic_guild,What does Lathriopyga longiseta feed on?,1,plazi:03CF878BFF8EC24C22A05B3FFA46A96D Lathriopyga longiseta,,,,,,,,
Q112,Lepidocyrtus fimetarius,Lepidocyrtus,body_size,What is the body length of Lepidocyrtus fimetarius?,10,"pmc:PMC10823885 Complete mitochondrial genome of the Korean endemic springtail Tomocerus caputiviolaceus L | pmc:PMC10838177 ﻿Mitogenomes of the two historical species Seira ferrarii Parona, 1888 and Seira pallidipe | pmc:PMC9864308 Warming in Cold Seasons Increases the Abundance of Ground-Dwelling Collembola in Permafros | pmc:PMC9366459 Phylogenomics of Elongate-Bodied Springtails Reveals Independent Transitions from Abovegro | pmc:PMC10193586 ﻿Systematics of Lepidocyrtinus boneti Denis, 1948 ( Collembola , Seirinae ) reveals a new  | pmc:PMC7153868 Phylomitogenomic analyses on collembolan higher taxa with enhanced taxon sampling and disc | pmc:PMC7824276 Re-Evaluating the Internal Phylogenetic Relationships of Collembola by Means of Mitogenome | pmc:10.11646/zootaxa.5604.3.1 Systematics of Willowsia jacobsoni (Börner, 1913) (Collembola, Entomobryidae): morphology, | plazi:03CF878BFFC2C200200A5ADAFE7FAA94 Lepidocyrtus fimetarius Gisin 1964 | plazi:502187F3DD5CFF9AFF34FCC30A1DFC4C Lepidocyrtus fimetarius Gisin 1964",,,,,,,,
Q113,Lepidocyrtus fimetarius,Lepidocyrtus,habitat,What is the habitat of Lepidocyrtus fimetarius?,10,"pmc:PMC10823885 Complete mitochondrial genome of the Korean endemic springtail Tomocerus caputiviolaceus L | pmc:PMC10838177 ﻿Mitogenomes of the two historical species Seira ferrarii Parona, 1888 and Seira pallidipe | pmc:PMC9864308 Warming in Cold Seasons Increases the Abundance of Ground-Dwelling Collembola in Permafros | pmc:PMC9366459 Phylogenomics of Elongate-Bodied Springtails Reveals Independent Transitions from Abovegro | pmc:PMC10193586 ﻿Systematics of Lepidocyrtinus boneti Denis, 1948 ( Collembola , Seirinae ) reveals a new  | pmc:PMC7153868 Phylomitogenomic analyses on collembolan higher taxa with enhanced taxon sampling and disc | pmc:PMC7824276 Re-Evaluating the Internal Phylogenetic Relationships of Collembola by Means of Mitogenome | pmc:10.11646/zootaxa.5604.3.1 Systematics of Willowsia jacobsoni (Börner, 1913) (Collembola, Entomobryidae): morphology, | plazi:03CF878BFFC2C200200A5ADAFE7FAA94 Lepidocyrtus fimetarius Gisin 1964 | plazi:502187F3DD5CFF9AFF34FCC30A1DFC4C Lepidocyrtus fimetarius Gisin 1964",,,,,,,,
Q114,Lepidocyrtus fimetarius,Lepidocyrtus,trophic_guild,What does Lepidocyrtus fimetarius feed on?,10,"pmc:PMC10823885 Complete mitochondrial genome of the Korean endemic springtail Tomocerus caputiviolaceus L | pmc:PMC10838177 ﻿Mitogenomes of the two historical species Seira ferrarii Parona, 1888 and Seira pallidipe | pmc:PMC9864308 Warming in Cold Seasons Increases the Abundance of Ground-Dwelling Collembola in Permafros | pmc:PMC9366459 Phylogenomics of Elongate-Bodied Springtails Reveals Independent Transitions from Abovegro | pmc:PMC10193586 ﻿Systematics of Lepidocyrtinus boneti Denis, 1948 ( Collembola , Seirinae ) reveals a new  | pmc:PMC7153868 Phylomitogenomic analyses on collembolan higher taxa with enhanced taxon sampling and disc | pmc:PMC7824276 Re-Evaluating the Internal Phylogenetic Relationships of Collembola by Means of Mitogenome | pmc:10.11646/zootaxa.5604.3.1 Systematics of Willowsia jacobsoni (Börner, 1913) (Collembola, Entomobryidae): morphology, | plazi:03CF878BFFC2C200200A5ADAFE7FAA94 Lepidocyrtus fimetarius Gisin 1964 | plazi:502187F3DD5CFF9AFF34FCC30A1DFC4C Lepidocyrtus fimetarius Gisin 1964",,,,,,,,
Q115,Lepidocyrtus pallidus,Lepidocyrtus,body_size,What is the body length of Lepidocyrtus pallidus?,9,"medline:28609993 New Lepidocyrtus Bourlet, 1839 from riverine woodland in Hungary (Collembola, Entomobryida | medline:30313256 New data clarifying the taxonomy of European members of the Lepidocyrtus pallidus-serbicus | pmc:PMC5815608 Stability lies in flowers: Plant diversification mediating shifts in arthropod food webs | pmc:PMC11678803 Expanding Soil Invertebrate Knowledge in Panama: The Genus Lepidocyrtus (Collembola, Entom | pmc:PMC12547479 StrataSeq : A Workflow for Rapid Development of Molecular Databases for Hard‐To‐Identify S | plazi:03F787EFE010FFE8119CFAF10CE0FDB4 Lepidocyrtus (Acrocyrtus) postpallidus | plazi:266B5D55F712FF80FF7EFB944506FA25 Vertagopus cinereus Folsom 1924 | plazi:553A87DDFF84FFCADCB6FA3359D23D89 Lepidocyrtus pallidus Reuter 1890 | plazi:553A87DDFF81FFC7DCB6FF405C353D79 Lepidocyrtus pallidus Reuter 1890",,,,,,,,
Q116,Lepidocyrtus pallidus,Lepidocyrtus,habitat,What is the habitat of Lepidocyrtus pallidus?,9,"medline:28609993 New Lepidocyrtus Bourlet, 1839 from riverine woodland in Hungary (Collembola, Entomobryida | medline:30313256 New data clarifying the taxonomy of European members of the Lepidocyrtus pallidus-serbicus | pmc:PMC5815608 Stability lies in flowers: Plant diversification mediating shifts in arthropod food webs | pmc:PMC11678803 Expanding Soil Invertebrate Knowledge in Panama: The Genus Lepidocyrtus (Collembola, Entom | pmc:PMC12547479 StrataSeq : A Workflow for Rapid Development of Molecular Databases for Hard‐To‐Identify S | plazi:03F787EFE010FFE8119CFAF10CE0FDB4 Lepidocyrtus (Acrocyrtus) postpallidus | plazi:266B5D55F712FF80FF7EFB944506FA25 Vertagopus cinereus Folsom 1924 | plazi:553A87DDFF84FFCADCB6FA3359D23D89 Lepidocyrtus pallidus Reuter 1890 | plazi:553A87DDFF81FFC7DCB6FF405C353D79 Lepidocyrtus pallidus Reuter 1890",,,,,,,,
Q117,Lepidocyrtus pallidus,Lepidocyrtus,trophic_guild,What does Lepidocyrtus pallidus feed on?,9,"medline:28609993 New Lepidocyrtus Bourlet, 1839 from riverine woodland in Hungary (Collembola, Entomobryida | medline:30313256 New data clarifying the taxonomy of European members of the Lepidocyrtus pallidus-serbicus | pmc:PMC5815608 Stability lies in flowers: Plant diversification mediating shifts in arthropod food webs | pmc:PMC11678803 Expanding Soil Invertebrate Knowledge in Panama: The Genus Lepidocyrtus (Collembola, Entom | pmc:PMC12547479 StrataSeq : A Workflow for Rapid Development of Molecular Databases for Hard‐To‐Identify S | plazi:03F787EFE010FFE8119CFAF10CE0FDB4 Lepidocyrtus (Acrocyrtus) postpallidus | plazi:266B5D55F712FF80FF7EFB944506FA25 Vertagopus cinereus Folsom 1924 | plazi:553A87DDFF84FFCADCB6FA3359D23D89 Lepidocyrtus pallidus Reuter 1890 | plazi:553A87DDFF81FFC7DCB6FF405C353D79 Lepidocyrtus pallidus Reuter 1890",,,,,,,,
Q118,Lepidocyrtus ruber,Lepidocyrtus,body_size,What is the body length of Lepidocyrtus ruber?,6,"pmc:PMC3800792 An introduction to Iranian Collembola (Hexapoda): an update to the species list | pmc:10.11646/zootaxa.5275.1.1 An annotated checklist of the Collembola (Hexapoda) from Iran | pmc:10.11646/zootaxa.5147.1.1 Catalogue of Vietnamese springtails (Hexapoda, Collembola) | plazi:721B6E0C8C30FF8FFF3827FDA9A62199 Lepidocyrtus ruber Schott 1902 | plazi:03CF878BFFC3C20122B05DE2FBECAF94 Lepidocyrtus ruber Schott 1902 | plazi:E03187B3FFD9D40EFF31F1A3FD41FD7E Lepidocyrtus (Lepidocyrtus) ruber Schott 1902",,,,,,,,
Q119,Lepidocyrtus ruber,Lepidocyrtus,habitat,What is the habitat of Lepidocyrtus ruber?,6,"pmc:PMC3800792 An introduction to Iranian Collembola (Hexapoda): an update to the species list | pmc:10.11646/zootaxa.5275.1.1 An annotated checklist of the Collembola (Hexapoda) from Iran | pmc:10.11646/zootaxa.5147.1.1 Catalogue of Vietnamese springtails (Hexapoda, Collembola) | plazi:721B6E0C8C30FF8FFF3827FDA9A62199 Lepidocyrtus ruber Schott 1902 | plazi:03CF878BFFC3C20122B05DE2FBECAF94 Lepidocyrtus ruber Schott 1902 | plazi:E03187B3FFD9D40EFF31F1A3FD41FD7E Lepidocyrtus (Lepidocyrtus) ruber Schott 1902",,,,,,,,
Q120,Lepidocyrtus ruber,Lepidocyrtus,trophic_guild,What does Lepidocyrtus ruber feed on?,6,"pmc:PMC3800792 An introduction to Iranian Collembola (Hexapoda): an update to the species list | pmc:10.11646/zootaxa.5275.1.1 An annotated checklist of the Collembola (Hexapoda) from Iran | pmc:10.11646/zootaxa.5147.1.1 Catalogue of Vietnamese springtails (Hexapoda, Collembola) | plazi:721B6E0C8C30FF8FFF3827FDA9A62199 Lepidocyrtus ruber Schott 1902 | plazi:03CF878BFFC3C20122B05DE2FBECAF94 Lepidocyrtus ruber Schott 1902 | plazi:E03187B3FFD9D40EFF31F1A3FD41FD7E Lepidocyrtus (Lepidocyrtus) ruber Schott 1902",,,,,,,,
Q121,Lepidocyrtus weidneri,Lepidocyrtus,body_size,What is the body length of Lepidocyrtus weidneri?,1,plazi:553A87DDFF8FFFC6DCB6FF40585238D4 Lepidocyrtus weidneri sensu Huther 1971,,,,,,,,
Q122,Lepidocyrtus weidneri,Lepidocyrtus,habitat,What is the habitat of Lepidocyrtus weidneri?,1,plazi:553A87DDFF8FFFC6DCB6FF40585238D4 Lepidocyrtus weidneri sensu Huther 1971,,,,,,,,
Q123,Lepidocyrtus weidneri,Lepidocyrtus,trophic_guild,What does Lepidocyrtus weidneri feed on?,1,plazi:553A87DDFF8FFFC6DCB6FF40585238D4 Lepidocyrtus weidneri sensu Huther 1971,,,,,,,,
Q124,Megalothorax hipmani,Megalothorax,body_size,What is the body length of Megalothorax hipmani?,4,"pmc:PMC4740829 Two new Megalothorax species of the minimus group ( Collembola , Neelidae ) | pmc:10.11646/zootaxa.5318.4.2 Revision of Megalothorax incertus Börner, 1903 reveals it to be another widespread Palearc | plazi:03E087E3FFACFFFC409CFFD7FE0CFE69 Megalothorax hipmani Papáč & Kováč, 2013, sp. nov. | plazi:2DB6BA5AC5D079424DF75AD2C74C893A Megalothorax sanguineus Schneider, Porco & Deharveng, 2016, sp. n.",,,,,,,,
Q125,Megalothorax hipmani,Megalothorax,habitat,What is the habitat of Megalothorax hipmani?,4,"pmc:PMC4740829 Two new Megalothorax species of the minimus group ( Collembola , Neelidae ) | pmc:10.11646/zootaxa.5318.4.2 Revision of Megalothorax incertus Börner, 1903 reveals it to be another widespread Palearc | plazi:03E087E3FFACFFFC409CFFD7FE0CFE69 Megalothorax hipmani Papáč & Kováč, 2013, sp. nov. | plazi:2DB6BA5AC5D079424DF75AD2C74C893A Megalothorax sanguineus Schneider, Porco & Deharveng, 2016, sp. n.",,,,,,,,
Q126,Megalothorax hipmani,Megalothorax,trophic_guild,What does Megalothorax hipmani feed on?,4,"pmc:PMC4740829 Two new Megalothorax species of the minimus group ( Collembola , Neelidae ) | pmc:10.11646/zootaxa.5318.4.2 Revision of Megalothorax incertus Börner, 1903 reveals it to be another widespread Palearc | plazi:03E087E3FFACFFFC409CFFD7FE0CFE69 Megalothorax hipmani Papáč & Kováč, 2013, sp. nov. | plazi:2DB6BA5AC5D079424DF75AD2C74C893A Megalothorax sanguineus Schneider, Porco & Deharveng, 2016, sp. n.",,,,,,,,
Q127,Megalothorax perspicillum,Megalothorax,body_size,What is the body length of Megalothorax perspicillum?,10,"pmc:PMC4740829 Two new Megalothorax species of the minimus group ( Collembola , Neelidae ) | pmc:10.11646/zootaxa.5318.4.2 Revision of Megalothorax incertus Börner, 1903 reveals it to be another widespread Palearc | pmc:10.11646/zootaxa.5275.1.1 An annotated checklist of the Collembola (Hexapoda) from Iran | plazi:03CF878BFFE7C22522D75B85FBEBA963 Megalothorax perspicillum Schneider & D'Haese 2013 | plazi:DE3DBD36FFD4DC7BE14DFB86FD4FFA0A Megalothorax perspicillum Schneider & D'Haese 2013 | plazi:721B6E0C8C26FF99FF382184A8FB27A9 Megalothorax perspicillum Schneider & D'Haese 2013 | plazi:03FC6644DC422C76FF79F8746E17FAAB Megalothorax incertus Borner 1903 | plazi:03EF9B26975EFFB6FF0821DBF86CFE40 Megalothorax bokovae Panina & Potapov 2025 | plazi:03FC6644DC492C7BFF79F9EB6FC7FEEA Megalothorax perspicillum Schneider & D'Haese 2013 | plazi:03EF9B26975AFFBCFF0825BFF8CEF87E Megalothorax perspicillum Schneider & D'Haese 2013",,,,,,,,
Q128,Megalothorax perspicillum,Megalothorax,habitat,What is the habitat of Megalothorax perspicillum?,10,"pmc:PMC4740829 Two new Megalothorax species of the minimus group ( Collembola , Neelidae ) | pmc:10.11646/zootaxa.5318.4.2 Revision of Megalothorax incertus Börner, 1903 reveals it to be another widespread Palearc | pmc:10.11646/zootaxa.5275.1.1 An annotated checklist of the Collembola (Hexapoda) from Iran | plazi:03CF878BFFE7C22522D75B85FBEBA963 Megalothorax perspicillum Schneider & D'Haese 2013 | plazi:DE3DBD36FFD4DC7BE14DFB86FD4FFA0A Megalothorax perspicillum Schneider & D'Haese 2013 | plazi:721B6E0C8C26FF99FF382184A8FB27A9 Megalothorax perspicillum Schneider & D'Haese 2013 | plazi:03FC6644DC422C76FF79F8746E17FAAB Megalothorax incertus Borner 1903 | plazi:03EF9B26975EFFB6FF0821DBF86CFE40 Megalothorax bokovae Panina & Potapov 2025 | plazi:03FC6644DC492C7BFF79F9EB6FC7FEEA Megalothorax perspicillum Schneider & D'Haese 2013 | plazi:03EF9B26975AFFBCFF0825BFF8CEF87E Megalothorax perspicillum Schneider & D'Haese 2013",,,,,,,,
Q129,Megalothorax perspicillum,Megalothorax,trophic_guild,What does Megalothorax perspicillum feed on?,10,"pmc:PMC4740829 Two new Megalothorax species of the minimus group ( Collembola , Neelidae ) | pmc:10.11646/zootaxa.5318.4.2 Revision of Megalothorax incertus Börner, 1903 reveals it to be another widespread Palearc | pmc:10.11646/zootaxa.5275.1.1 An annotated checklist of the Collembola (Hexapoda) from Iran | plazi:03CF878BFFE7C22522D75B85FBEBA963 Megalothorax perspicillum Schneider & D'Haese 2013 | plazi:DE3DBD36FFD4DC7BE14DFB86FD4FFA0A Megalothorax perspicillum Schneider & D'Haese 2013 | plazi:721B6E0C8C26FF99FF382184A8FB27A9 Megalothorax perspicillum Schneider & D'Haese 2013 | plazi:03FC6644DC422C76FF79F8746E17FAAB Megalothorax incertus Borner 1903 | plazi:03EF9B26975EFFB6FF0821DBF86CFE40 Megalothorax bokovae Panina & Potapov 2025 | plazi:03FC6644DC492C7BFF79F9EB6FC7FEEA Megalothorax perspicillum Schneider & D'Haese 2013 | plazi:03EF9B26975AFFBCFF0825BFF8CEF87E Megalothorax perspicillum Schneider & D'Haese 2013",,,,,,,,
Q130,Megalothorax willemi,Megalothorax,body_size,What is the body length of Megalothorax willemi?,11,"pmc:PMC4740829 Two new Megalothorax species of the minimus group ( Collembola , Neelidae ) | pmc:10.3897/subtbiol.40.69808 A comparison of collecting methods in relation to the diversity of Collembola in scree hab | pmc:10.11646/zootaxa.5318.4.2 Revision of Megalothorax incertus Börner, 1903 reveals it to be another widespread Palearc | pmc:PMC10230187 Wolbachia springs eternal: symbiosis in Collembola is associated with host ecology | pmc:PMC12058354 Robot‐Aided Measurement of Insect Diversity on Vegetation Using Environmental DNA | pmc:PMC12547479 StrataSeq : A Workflow for Rapid Development of Molecular Databases for Hard‐To‐Identify S | pmc:10.11646/zootaxa.5275.1.1 An annotated checklist of the Collembola (Hexapoda) from Iran | plazi:03CF878BFFE0C22221A55EE2FCE4AEC4 Megalothorax willemi Schneider & D'Haese 2013 | plazi:721B6E0C8C26FF99FF3820A4AB982534 Megalothorax willemi Schneider & D'Haese 2013 | plazi:4F034B6EFFB0357CD9C0F9E63A02FE0F Neelidae Folsom JW 1896 | plazi:ADEE91046267A35124EC122FCB879B3F Megalothorax potapovi Schneider, Porco & Deharveng, 2016, sp. n.",,,,,,,,
Q131,Megalothorax willemi,Megalothorax,habitat,What is the habitat of Megalothorax willemi?,11,"pmc:PMC4740829 Two new Megalothorax species of the minimus group ( Collembola , Neelidae ) | pmc:10.3897/subtbiol.40.69808 A comparison of collecting methods in relation to the diversity of Collembola in scree hab | pmc:10.11646/zootaxa.5318.4.2 Revision of Megalothorax incertus Börner, 1903 reveals it to be another widespread Palearc | pmc:PMC10230187 Wolbachia springs eternal: symbiosis in Collembola is associated with host ecology | pmc:PMC12058354 Robot‐Aided Measurement of Insect Diversity on Vegetation Using Environmental DNA | pmc:PMC12547479 StrataSeq : A Workflow for Rapid Development of Molecular Databases for Hard‐To‐Identify S | pmc:10.11646/zootaxa.5275.1.1 An annotated checklist of the Collembola (Hexapoda) from Iran | plazi:03CF878BFFE0C22221A55EE2FCE4AEC4 Megalothorax willemi Schneider & D'Haese 2013 | plazi:721B6E0C8C26FF99FF3820A4AB982534 Megalothorax willemi Schneider & D'Haese 2013 | plazi:4F034B6EFFB0357CD9C0F9E63A02FE0F Neelidae Folsom JW 1896 | plazi:ADEE91046267A35124EC122FCB879B3F Megalothorax potapovi Schneider, Porco & Deharveng, 2016, sp. n.",,,,,,,,
Q132,Megalothorax willemi,Megalothorax,trophic_guild,What does Megalothorax willemi feed on?,11,"pmc:PMC4740829 Two new Megalothorax species of the minimus group ( Collembola , Neelidae ) | pmc:10.3897/subtbiol.40.69808 A comparison of collecting methods in relation to the diversity of Collembola in scree hab | pmc:10.11646/zootaxa.5318.4.2 Revision of Megalothorax incertus Börner, 1903 reveals it to be another widespread Palearc | pmc:PMC10230187 Wolbachia springs eternal: symbiosis in Collembola is associated with host ecology | pmc:PMC12058354 Robot‐Aided Measurement of Insect Diversity on Vegetation Using Environmental DNA | pmc:PMC12547479 StrataSeq : A Workflow for Rapid Development of Molecular Databases for Hard‐To‐Identify S | pmc:10.11646/zootaxa.5275.1.1 An annotated checklist of the Collembola (Hexapoda) from Iran | plazi:03CF878BFFE0C22221A55EE2FCE4AEC4 Megalothorax willemi Schneider & D'Haese 2013 | plazi:721B6E0C8C26FF99FF3820A4AB982534 Megalothorax willemi Schneider & D'Haese 2013 | plazi:4F034B6EFFB0357CD9C0F9E63A02FE0F Neelidae Folsom JW 1896 | plazi:ADEE91046267A35124EC122FCB879B3F Megalothorax potapovi Schneider, Porco & Deharveng, 2016, sp. n.",,,,,,,,
Q133,Mesaphorura krausbaueri,Mesaphorura,body_size,What is the body length of Mesaphorura krausbaueri?,25,"medline:23202633 Responses of soil Collembola to long-term atmospheric CO2 enrichment in a mature temperate | pmc:PMC4109507 A new species of Tullbergia (Collembola, Tullbergiidae) from Buenos Aires, Argentina | pmc:PMC4440272 Updated list of Collembola species currently recorded from South Africa | pmc:PMC3800792 An introduction to Iranian Collembola (Hexapoda): an update to the species list | pmc:PMC4467183 Collembolan species diversity of calcareous canyons in the Republic of Moldova | pmc:PMC6383892 Chemical analysis of Brasilimeria Stach, 1949 (Hexapoda, Collembola, Neanuridae) hemolymph | pmc:10.11646/zootaxa.5092.5.2 New species and records of Tullbergiidae (Collembola, Poduromorpha) from Xinjiang province | pmc:PMC5730192 The structure of salt marsh soil mesofauna food webs – The prevalence of disturbance | pmc:PMC11489214 Colonization of mudflat substrate by microarthropods: the role of distance, inundation fre | pmc:10.3897/subtbiol.33.48805 Terrestrial invertebrate fauna of Polish caves – a summary of 100 years of research | pmc:PMC12547479 StrataSeq : A Workflow for Rapid Development of Molecular Databases for Hard‐To‐Identify S | pmc:PMC4553544 A Holarctic Biogeographical Analysis of the Collembola (Arthropoda, Hexapoda) Unravels Rec | pmc:10.25674/So94iSS1id179 Prof. Josef Rusek (1938 - 2022) | pmc:10.11646/zootaxa.5275.1.1 An annotated checklist of the Collembola (Hexapoda) from Iran | pmc:10.11646/zootaxa.5147.1.1 Catalogue of Vietnamese springtails (Hexapoda, Collembola) | pmc:PMC7009882 Scientific Opinion addressing the state of the science on risk assessment of plant protect | plazi:03A88104FFAA7B5CA59CF8C4F5C6AE74 Mesaphorura Borner 1901 | plazi:E03187B3FFB2D465FF31F727FC6FF953 Mesaphorura Borner 1901 | plazi:266B5D55F760FFF2FF7EFA2243BBF984 Mesaphorura krausbaueri Borner 1901 | plazi:03AA531A0F5B3534FF595D42FA9CA7D0 Mesaphorura krausbaueri Borner 1901 | plazi:721B6E0C8C06FFB9FF38239AA95E25BF Mesaphorura krausbaueri Borner 1901 | plazi:E03187B3FFB2D466FF31F63BFE32FDD3 Mesaphorura krausbaueri Borner 1901 | plazi:03CF878BFFBAC279229E5E63FD7BADBE Mesaphorura krausbaueri Rusek 1971 | plazi:766487A4FFC79467FFC40CEBFA68FA65 Tullbergiidae Bagnall 1935 | plazi:4F034B6EFFB83575D939F9E23C02FB22 Tullbergiidae Bagnall RS 1935",,,,,,,,
Q134,Mesaphorura krausbaueri,Mesaphorura,habitat,What is the habitat of Mesaphorura krausbaueri?,25,"medline:23202633 Responses of soil Collembola to long-term atmospheric CO2 enrichment in a mature temperate | pmc:PMC4109507 A new species of Tullbergia (Collembola, Tullbergiidae) from Buenos Aires, Argentina | pmc:PMC4440272 Updated list of Collembola species currently recorded from South Africa | pmc:PMC3800792 An introduction to Iranian Collembola (Hexapoda): an update to the species list | pmc:PMC4467183 Collembolan species diversity of calcareous canyons in the Republic of Moldova | pmc:PMC6383892 Chemical analysis of Brasilimeria Stach, 1949 (Hexapoda, Collembola, Neanuridae) hemolymph | pmc:10.11646/zootaxa.5092.5.2 New species and records of Tullbergiidae (Collembola, Poduromorpha) from Xinjiang province | pmc:PMC5730192 The structure of salt marsh soil mesofauna food webs – The prevalence of disturbance | pmc:PMC11489214 Colonization of mudflat substrate by microarthropods: the role of distance, inundation fre | pmc:10.3897/subtbiol.33.48805 Terrestrial invertebrate fauna of Polish caves – a summary of 100 years of research | pmc:PMC12547479 StrataSeq : A Workflow for Rapid Development of Molecular Databases for Hard‐To‐Identify S | pmc:PMC4553544 A Holarctic Biogeographical Analysis of the Collembola (Arthropoda, Hexapoda) Unravels Rec | pmc:10.25674/So94iSS1id179 Prof. Josef Rusek (1938 - 2022) | pmc:10.11646/zootaxa.5275.1.1 An annotated checklist of the Collembola (Hexapoda) from Iran | pmc:10.11646/zootaxa.5147.1.1 Catalogue of Vietnamese springtails (Hexapoda, Collembola) | pmc:PMC7009882 Scientific Opinion addressing the state of the science on risk assessment of plant protect | plazi:03A88104FFAA7B5CA59CF8C4F5C6AE74 Mesaphorura Borner 1901 | plazi:E03187B3FFB2D465FF31F727FC6FF953 Mesaphorura Borner 1901 | plazi:266B5D55F760FFF2FF7EFA2243BBF984 Mesaphorura krausbaueri Borner 1901 | plazi:03AA531A0F5B3534FF595D42FA9CA7D0 Mesaphorura krausbaueri Borner 1901 | plazi:721B6E0C8C06FFB9FF38239AA95E25BF Mesaphorura krausbaueri Borner 1901 | plazi:E03187B3FFB2D466FF31F63BFE32FDD3 Mesaphorura krausbaueri Borner 1901 | plazi:03CF878BFFBAC279229E5E63FD7BADBE Mesaphorura krausbaueri Rusek 1971 | plazi:766487A4FFC79467FFC40CEBFA68FA65 Tullbergiidae Bagnall 1935 | plazi:4F034B6EFFB83575D939F9E23C02FB22 Tullbergiidae Bagnall RS 1935",,,,,,,,
Q135,Mesaphorura krausbaueri,Mesaphorura,trophic_guild,What does Mesaphorura krausbaueri feed on?,25,"medline:23202633 Responses of soil Collembola to long-term atmospheric CO2 enrichment in a mature temperate | pmc:PMC4109507 A new species of Tullbergia (Collembola, Tullbergiidae) from Buenos Aires, Argentina | pmc:PMC4440272 Updated list of Collembola species currently recorded from South Africa | pmc:PMC3800792 An introduction to Iranian Collembola (Hexapoda): an update to the species list | pmc:PMC4467183 Collembolan species diversity of calcareous canyons in the Republic of Moldova | pmc:PMC6383892 Chemical analysis of Brasilimeria Stach, 1949 (Hexapoda, Collembola, Neanuridae) hemolymph | pmc:10.11646/zootaxa.5092.5.2 New species and records of Tullbergiidae (Collembola, Poduromorpha) from Xinjiang province | pmc:PMC5730192 The structure of salt marsh soil mesofauna food webs – The prevalence of disturbance | pmc:PMC11489214 Colonization of mudflat substrate by microarthropods: the role of distance, inundation fre | pmc:10.3897/subtbiol.33.48805 Terrestrial invertebrate fauna of Polish caves – a summary of 100 years of research | pmc:PMC12547479 StrataSeq : A Workflow for Rapid Development of Molecular Databases for Hard‐To‐Identify S | pmc:PMC4553544 A Holarctic Biogeographical Analysis of the Collembola (Arthropoda, Hexapoda) Unravels Rec | pmc:10.25674/So94iSS1id179 Prof. Josef Rusek (1938 - 2022) | pmc:10.11646/zootaxa.5275.1.1 An annotated checklist of the Collembola (Hexapoda) from Iran | pmc:10.11646/zootaxa.5147.1.1 Catalogue of Vietnamese springtails (Hexapoda, Collembola) | pmc:PMC7009882 Scientific Opinion addressing the state of the science on risk assessment of plant protect | plazi:03A88104FFAA7B5CA59CF8C4F5C6AE74 Mesaphorura Borner 1901 | plazi:E03187B3FFB2D465FF31F727FC6FF953 Mesaphorura Borner 1901 | plazi:266B5D55F760FFF2FF7EFA2243BBF984 Mesaphorura krausbaueri Borner 1901 | plazi:03AA531A0F5B3534FF595D42FA9CA7D0 Mesaphorura krausbaueri Borner 1901 | plazi:721B6E0C8C06FFB9FF38239AA95E25BF Mesaphorura krausbaueri Borner 1901 | plazi:E03187B3FFB2D466FF31F63BFE32FDD3 Mesaphorura krausbaueri Borner 1901 | plazi:03CF878BFFBAC279229E5E63FD7BADBE Mesaphorura krausbaueri Rusek 1971 | plazi:766487A4FFC79467FFC40CEBFA68FA65 Tullbergiidae Bagnall 1935 | plazi:4F034B6EFFB83575D939F9E23C02FB22 Tullbergiidae Bagnall RS 1935",,,,,,,,
Q136,Metaphorura affinis,Metaphorura,body_size,What is the body length of Metaphorura affinis?,15,"pmc:PMC10048822 Responses of Soil Collembolans to Land Degradation in a Black Soil Region in China | pmc:PMC6305484 Differences in collembola species assemblages (Arthropoda) between spoil tips and surround | pmc:PMC3800792 An introduction to Iranian Collembola (Hexapoda): an update to the species list | pmc:PMC4467183 Collembolan species diversity of calcareous canyons in the Republic of Moldova | pmc:PMC5769716 Riparian Collembola ( Hexapoda ) communities of northern Moldova, Eastern Europe | pmc:PMC6163862 Habitat Structure, Quality and Landscape Predict Species Richness and Communities of Colle | pmc:10.3897/subtbiol.33.48805 Terrestrial invertebrate fauna of Polish caves – a summary of 100 years of research | pmc:PMC12547479 StrataSeq : A Workflow for Rapid Development of Molecular Databases for Hard‐To‐Identify S | pmc:PMC4553544 A Holarctic Biogeographical Analysis of the Collembola (Arthropoda, Hexapoda) Unravels Rec | pmc:10.11646/zootaxa.5275.1.1 An annotated checklist of the Collembola (Hexapoda) from Iran | plazi:721B6E0C8C06FFB9FF382722A911214B Metaphorura affinis | plazi:03CF878BFFBBC26622AE585DFD7FAE4A Metaphorura affinis | plazi:03AA531A0F583537FFA85A8DFACAAE3E Metaphorura affinis | plazi:766487A4FFC79467FFC40CEBFA68FA65 Tullbergiidae Bagnall 1935 | plazi:4F034B6EFFB83575D939F9E23C02FB22 Tullbergiidae Bagnall RS 1935",,,,,,,,
Q137,Metaphorura affinis,Metaphorura,habitat,What is the habitat of Metaphorura affinis?,15,"pmc:PMC10048822 Responses of Soil Collembolans to Land Degradation in a Black Soil Region in China | pmc:PMC6305484 Differences in collembola species assemblages (Arthropoda) between spoil tips and surround | pmc:PMC3800792 An introduction to Iranian Collembola (Hexapoda): an update to the species list | pmc:PMC4467183 Collembolan species diversity of calcareous canyons in the Republic of Moldova | pmc:PMC5769716 Riparian Collembola ( Hexapoda ) communities of northern Moldova, Eastern Europe | pmc:PMC6163862 Habitat Structure, Quality and Landscape Predict Species Richness and Communities of Colle | pmc:10.3897/subtbiol.33.48805 Terrestrial invertebrate fauna of Polish caves – a summary of 100 years of research | pmc:PMC12547479 StrataSeq : A Workflow for Rapid Development of Molecular Databases for Hard‐To‐Identify S | pmc:PMC4553544 A Holarctic Biogeographical Analysis of the Collembola (Arthropoda, Hexapoda) Unravels Rec | pmc:10.11646/zootaxa.5275.1.1 An annotated checklist of the Collembola (Hexapoda) from Iran | plazi:721B6E0C8C06FFB9FF382722A911214B Metaphorura affinis | plazi:03CF878BFFBBC26622AE585DFD7FAE4A Metaphorura affinis | plazi:03AA531A0F583537FFA85A8DFACAAE3E Metaphorura affinis | plazi:766487A4FFC79467FFC40CEBFA68FA65 Tullbergiidae Bagnall 1935 | plazi:4F034B6EFFB83575D939F9E23C02FB22 Tullbergiidae Bagnall RS 1935",,,,,,,,
Q138,Metaphorura affinis,Metaphorura,trophic_guild,What does Metaphorura affinis feed on?,15,"pmc:PMC10048822 Responses of Soil Collembolans to Land Degradation in a Black Soil Region in China | pmc:PMC6305484 Differences in collembola species assemblages (Arthropoda) between spoil tips and surround | pmc:PMC3800792 An introduction to Iranian Collembola (Hexapoda): an update to the species list | pmc:PMC4467183 Collembolan species diversity of calcareous canyons in the Republic of Moldova | pmc:PMC5769716 Riparian Collembola ( Hexapoda ) communities of northern Moldova, Eastern Europe | pmc:PMC6163862 Habitat Structure, Quality and Landscape Predict Species Richness and Communities of Colle | pmc:10.3897/subtbiol.33.48805 Terrestrial invertebrate fauna of Polish caves – a summary of 100 years of research | pmc:PMC12547479 StrataSeq : A Workflow for Rapid Development of Molecular Databases for Hard‐To‐Identify S | pmc:PMC4553544 A Holarctic Biogeographical Analysis of the Collembola (Arthropoda, Hexapoda) Unravels Rec | pmc:10.11646/zootaxa.5275.1.1 An annotated checklist of the Collembola (Hexapoda) from Iran | plazi:721B6E0C8C06FFB9FF382722A911214B Metaphorura affinis | plazi:03CF878BFFBBC26622AE585DFD7FAE4A Metaphorura affinis | plazi:03AA531A0F583537FFA85A8DFACAAE3E Metaphorura affinis | plazi:766487A4FFC79467FFC40CEBFA68FA65 Tullbergiidae Bagnall 1935 | plazi:4F034B6EFFB83575D939F9E23C02FB22 Tullbergiidae Bagnall RS 1935",,,,,,,,
Q139,Micranurida forsslundi,Micranurida,body_size,What is the body length of Micranurida forsslundi?,3,"pmc:PMC4680968 Collembola at three alpine subarctic sites resistant to twenty years of experimental warmi | pmc:PMC4553544 A Holarctic Biogeographical Analysis of the Collembola (Arthropoda, Hexapoda) Unravels Rec | plazi:4F034B6EFFBF3573D901F9B03B53FD3E Pseudachorutinae Borner C 1906",,,,,,,,
Q140,Micranurida forsslundi,Micranurida,habitat,What is the habitat of Micranurida forsslundi?,3,"pmc:PMC4680968 Collembola at three alpine subarctic sites resistant to twenty years of experimental warmi | pmc:PMC4553544 A Holarctic Biogeographical Analysis of the Collembola (Arthropoda, Hexapoda) Unravels Rec | plazi:4F034B6EFFBF3573D901F9B03B53FD3E Pseudachorutinae Borner C 1906",,,,,,,,
Q141,Micranurida forsslundi,Micranurida,trophic_guild,What does Micranurida forsslundi feed on?,3,"pmc:PMC4680968 Collembola at three alpine subarctic sites resistant to twenty years of experimental warmi | pmc:PMC4553544 A Holarctic Biogeographical Analysis of the Collembola (Arthropoda, Hexapoda) Unravels Rec | plazi:4F034B6EFFBF3573D901F9B03B53FD3E Pseudachorutinae Borner C 1906",,,,,,,,
Q142,Neanura moldavica,Neanura,body_size,What is the body length of Neanura moldavica?,5,"medline:29362535 Riparian Collembola (Hexapoda) communities of northern Moldova, Eastern Europe. | pmc:PMC5769716 Riparian Collembola ( Hexapoda ) communities of northern Moldova, Eastern Europe | pmc:PMC4467183 Collembolan species diversity of calcareous canyons in the Republic of Moldova | plazi:541287D01975FFF326AAF8C0915EB58F Neanurinae | plazi:541287D01974FFF726AAFAC0961CB5D9 Neanura moldavica Buşmachiu & Deharveng 2008, sp.nov.",,,,,,,,
Q143,Neanura moldavica,Neanura,habitat,What is the habitat of Neanura moldavica?,5,"medline:29362535 Riparian Collembola (Hexapoda) communities of northern Moldova, Eastern Europe. | pmc:PMC5769716 Riparian Collembola ( Hexapoda ) communities of northern Moldova, Eastern Europe | pmc:PMC4467183 Collembolan species diversity of calcareous canyons in the Republic of Moldova | plazi:541287D01975FFF326AAF8C0915EB58F Neanurinae | plazi:541287D01974FFF726AAFAC0961CB5D9 Neanura moldavica Buşmachiu & Deharveng 2008, sp.nov.",,,,,,,,
Q144,Neanura moldavica,Neanura,trophic_guild,What does Neanura moldavica feed on?,5,"medline:29362535 Riparian Collembola (Hexapoda) communities of northern Moldova, Eastern Europe. | pmc:PMC5769716 Riparian Collembola ( Hexapoda ) communities of northern Moldova, Eastern Europe | pmc:PMC4467183 Collembolan species diversity of calcareous canyons in the Republic of Moldova | plazi:541287D01975FFF326AAF8C0915EB58F Neanurinae | plazi:541287D01974FFF726AAFAC0961CB5D9 Neanura moldavica Buşmachiu & Deharveng 2008, sp.nov.",,,,,,,,
Q145,Onychiurus ambulans,Onychiurus,body_size,What is the body length of Onychiurus ambulans?,7,"pmc:PMC4137309 Onychiurid species from Wanda Mountains in China, with descriptions of two new species (Co | pmc:10.3897/subtbiol.33.48805 Terrestrial invertebrate fauna of Polish caves – a summary of 100 years of research | pmc:10.11646/zootaxa.5182.5.3 Two new species and two new records of Onychiurinae (Collembola, Onychiuridae) from the Ni | pmc:10.11646/zootaxa.5147.1.1 Catalogue of Vietnamese springtails (Hexapoda, Collembola) | plazi:E03187B3FFB7D460FF31F35EFD41FB13 Onychiurus ambulans | plazi:03CF878BFFBDC27C229F5A29FD5EADC9 Onychiurus ambulans sensu Stach 1934 | plazi:5852220F44D1B869FDAF4AA97053FBED Onychiurus heilongjiangensis Sun & Wu, 2014, sp. n.",,,,,,,,
Q146,Onychiurus ambulans,Onychiurus,habitat,What is the habitat of Onychiurus ambulans?,7,"pmc:PMC4137309 Onychiurid species from Wanda Mountains in China, with descriptions of two new species (Co | pmc:10.3897/subtbiol.33.48805 Terrestrial invertebrate fauna of Polish caves – a summary of 100 years of research | pmc:10.11646/zootaxa.5182.5.3 Two new species and two new records of Onychiurinae (Collembola, Onychiuridae) from the Ni | pmc:10.11646/zootaxa.5147.1.1 Catalogue of Vietnamese springtails (Hexapoda, Collembola) | plazi:E03187B3FFB7D460FF31F35EFD41FB13 Onychiurus ambulans | plazi:03CF878BFFBDC27C229F5A29FD5EADC9 Onychiurus ambulans sensu Stach 1934 | plazi:5852220F44D1B869FDAF4AA97053FBED Onychiurus heilongjiangensis Sun & Wu, 2014, sp. n.",,,,,,,,
Q147,Onychiurus ambulans,Onychiurus,trophic_guild,What does Onychiurus ambulans feed on?,7,"pmc:PMC4137309 Onychiurid species from Wanda Mountains in China, with descriptions of two new species (Co | pmc:10.3897/subtbiol.33.48805 Terrestrial invertebrate fauna of Polish caves – a summary of 100 years of research | pmc:10.11646/zootaxa.5182.5.3 Two new species and two new records of Onychiurinae (Collembola, Onychiuridae) from the Ni | pmc:10.11646/zootaxa.5147.1.1 Catalogue of Vietnamese springtails (Hexapoda, Collembola) | plazi:E03187B3FFB7D460FF31F35EFD41FB13 Onychiurus ambulans | plazi:03CF878BFFBDC27C229F5A29FD5EADC9 Onychiurus ambulans sensu Stach 1934 | plazi:5852220F44D1B869FDAF4AA97053FBED Onychiurus heilongjiangensis Sun & Wu, 2014, sp. n.",,,,,,,,
Q148,Onychiurus folsomi,Onychiurus,body_size,What is the body length of Onychiurus folsomi?,6,"medline:20821452 Toxicity of methyl tert butyl ether to soil invertebrates (springtails: Folsomia candida,  | pmc:10.11646/zootaxa.5182.5.3 Two new species and two new records of Onychiurinae (Collembola, Onychiuridae) from the Ni | pmc:PMC9610662 High susceptibility of Tetranychus merganser (Acari: Tetranychidae), an emergent pest of t | pmc:10.1093/zoolinnean/zlae020 Unravelling the obscure homology: postembryonic development of chaetotaxic traits in a bas | plazi:460287B0FFA7E57218989917FC1FF948 Orthonychiurus folsomi | plazi:038A8793FFB2677354C6F8CBFBAEFE84 Orthonychiurus folsomi Schaffer 1900",,,,,,,,
Q149,Onychiurus folsomi,Onychiurus,habitat,What is the habitat of Onychiurus folsomi?,6,"medline:20821452 Toxicity of methyl tert butyl ether to soil invertebrates (springtails: Folsomia candida,  | pmc:10.11646/zootaxa.5182.5.3 Two new species and two new records of Onychiurinae (Collembola, Onychiuridae) from the Ni | pmc:PMC9610662 High susceptibility of Tetranychus merganser (Acari: Tetranychidae), an emergent pest of t | pmc:10.1093/zoolinnean/zlae020 Unravelling the obscure homology: postembryonic development of chaetotaxic traits in a bas | plazi:460287B0FFA7E57218989917FC1FF948 Orthonychiurus folsomi | plazi:038A8793FFB2677354C6F8CBFBAEFE84 Orthonychiurus folsomi Schaffer 1900",,,,,,,,
Q150,Onychiurus folsomi,Onychiurus,trophic_guild,What does Onychiurus folsomi feed on?,6,"medline:20821452 Toxicity of methyl tert butyl ether to soil invertebrates (springtails: Folsomia candida,  | pmc:10.11646/zootaxa.5182.5.3 Two new species and two new records of Onychiurinae (Collembola, Onychiuridae) from the Ni | pmc:PMC9610662 High susceptibility of Tetranychus merganser (Acari: Tetranychidae), an emergent pest of t | pmc:10.1093/zoolinnean/zlae020 Unravelling the obscure homology: postembryonic development of chaetotaxic traits in a bas | plazi:460287B0FFA7E57218989917FC1FF948 Orthonychiurus folsomi | plazi:038A8793FFB2677354C6F8CBFBAEFE84 Orthonychiurus folsomi Schaffer 1900",,,,,,,,
Q151,Orchesella cincta,Orchesella,body_size,What is the body length of Orchesella cincta?,108,"medline:28309162 Interspecific and intraspecific selection by the predator Notiophilus biguttatus F. (Carab | medline:28311313 Size-specific mortality patterns in two species of forest floor Collembola. | medline:17562010 Recombinational micro-evolution of functionally different metallothionein promoter alleles | medline:466669 Ultrastructure and function of the labial nephridia and the rectum of Orchesella cincta (L | medline:28309140 Formation and ecological significance of aggregations in collembola : An experimental stud | medline:3801691 Biological half-lives of lead in Orchesella cincta (L.) (Collembola). | medline:12836972 Pyrene metabolism in the springtail Orchesella cincta L. (Collembola, Entomobryidae). | medline:28309114 The role of food in the population dynamics of Orchesella cincta (Linné) (Collembola). | medline:28310889 A laboratory study on temperature relations of egg production and development in two relat | medline:28310077 Components of predatory behaviour underlying density-dependent prey-size selection by Noti | medline:16928381 Geographic variation for climatic stress resistance traits in the springtail Orchesella ci | medline:28565320 NEGATIVE MATERNAL EFFECT REVISITED: A TEST ON TWO POPULATIONS OF ORCHESELLA CINCTA L. (COL | medline:28309145 Effects of food deprivation and type of prey on predation by Notiophilus biguttatus F. (Ca | medline:9914493 Primary structure of a cadmium-induced metallothionein from the insect Orchesella cincta ( | medline:32040287 Role of Surface Chemistry in the Superhydrophobicity of the Springtail Orchesella cincta ( | medline:29410494 Diversity and metabolic potential of the microbiota associated with a soil arthropod. | medline:16304605 Additive genetic variation of transcriptional regulation: metallothionein expression in th | medline:22717685 Influence of adaptive evolution of cadmium tolerance on neutral and functional genetic var | medline:11790326 Metallothionein-bound cadmium in the gut of the insect Orchesella cincta (Collembola) in r | medline:12826101 Field-selected cadmium tolerance in the springtail Orchesella cincta is correlated with in | medline:24307528 Male-male competition leads to less abundant but more attractive sperm. | medline:1554249 Adaptation to soil pollution by cadmium excretion in natural populations of Orchesella cin | medline:17368192 Differential gene expression profiles associated with heavy metal tolerance in the soil in | medline:17314922 Allelic diversity of metallothionein in Orchesella cincta (L.): traces of natural selectio | medline:16160751 Metallothionein mRNA expression and cadmium tolerance in metal-stressed and reference popu | medline:19835878 A moderate change in temperature induces changes in fatty acid composition of storage and  | medline:12729230 Dietary zinc reduces uptake but not metallothionein binding and elimination of cadmium in  | medline:18546737 Comparative population analysis of metallothionein promoter alleles suggests stress-induce | medline:36975900 Diversity of the Antimicrobial Peptide Genes in Collembola. | medline:11520689 Two metal-binding peptides from the insect Orchesella cincta (Collembola) as a result of m | medline:12755866 Population substructures in the soil invertebrate Orchesella cincta, as revealed by micros | medline:19566677 Adaptive differences in gene expression associated with heavy metal tolerance in the soil  | medline:31053649 Water and ion transport across the eversible vesicles in the collophore of the springtail  | medline:12927496 Indications for the tracking of elevated nitrogen levels through the fungal route in a soi | medline:15910323 Genetic structure in Orchesella cincta (Collembola): strong subdivision of European popula | medline:21115015 Temperature-induced plasticity in membrane and storage lipid composition: thermal reaction | medline:27289101 Gene Family Evolution Reflects Adaptation to Soil Environmental Stressors in the Genome of | medline:21704631 Fatty acid composition and extreme temperature tolerance following exposure to fluctuating | medline:12919785 A solvent-free method for spiking terrestrial algae (Desmococcus spp.) with pyrene for use | medline:12770468 Effects of starvation on body composition and cold tolerance in the collembolan Orchesella | medline:17886827 Temperature-induced gene expression associated with different thermal reaction norms for g | medline:26075903 Collembolan Transcriptomes Highlight Molecular Evolution of Hexapods and Provide Clues on  | medline:32649025 Increase in egg resistance to desiccation in springtails correlates with blastodermal cuti | medline:19486513 Reference genes for QRT-PCR tested under various stress conditions in Folsomia candida and | medline:2737113 Population consequences of cadmium toxicity in soil microarthropods. | medline:7498055 Sublethal sensitivity index as an ecotoxicity parameter measuring energy allocation under  | medline:19100270 Bioinformatics and protein expression analyses implicate LEA proteins in the drought respo | medline:27018780 Transgenerational effects of nutrition are different for sons and daughters. | medline:25818389 Interplay of robustness and plasticity of life-history traits drives ecotypic differentiat | medline:28568729 GENETIC VARIATION AND COVARIATION FOR CHARACTERISTICS ASSOCIATED WITH CADMIUM TOLERANCE IN | pmc:PMC9336013 On springtails (Hexapoda: Collembola): a morphofunctional study of the jumping apparatus | pmc:PMC1913499 Recombinational micro-evolution of functionally different metallothionein promoter alleles | pmc:PMC2698932 Reference genes for QRT-PCR tested under various stress conditions in Folsomia candida and | pmc:PMC4987106 Gene Family Evolution Reflects Adaptation to Soil Environmental Stressors in the Genome of | pmc:PMC3081431 Micro-evolution of toxicant tolerance: from single genes to the genome’s tangled bank | pmc:PMC2315649 Revealing pancrustacean relationships: Phylogenetic analysis of ribosomal protein genes pl | pmc:PMC5802828 Diversity and metabolic potential of the microbiota associated with a soil arthropod | pmc:PMC3910676 The Hox genes Ultrabithorax and abdominal-A specify three different types of abdominal app | pmc:PMC7595314 Impacts of thermal fluctuations on heat tolerance and its metabolomic basis in Arabidopsis | pmc:PMC5728583 Distinctive Collembola communities in the Mesovoid Shallow Substratum: First data for the  | pmc:PMC5579570 An Opto-Electronic Sensor for Detecting Soil Microarthropods and Estimating Their Size in  | pmc:PMC5804194 Male reproductive suppression: not a social affair | pmc:PMC5644144 Analysis of the genome of the New Zealand giant collembolan (Holacanthella duospinosa) she | pmc:PMC4145409 Soluble proteins of chemical communication: an overview across arthropods | pmc:PMC7706535 The mitochondrial genome of the springtail Bourletiella arvalis (Symphypleona, Collembola) | pmc:PMC10432511 The first chromosome-level genome assembly of Entomobrya proxima Folsom, 1924 (Collembola: | pmc:PMC11942277 The Mitochondrial Genome of the Springtail Semicerura bryophila (Collembola): New Data Cal | pmc:PMC4468109 Collembolan Transcriptomes Highlight Molecular Evolution of Hexapods and Provide Clues on  | pmc:PMC3879454 Decisive Data Sets in Phylogenomics: Lessons from Studies on the Phylogenetic Relationship | pmc:PMC5673992 Genetic Diversity in Insect Metal Tolerance | pmc:PMC7782307 The complete mitochondrial genome of the springtail Allacma fusca, the internal phylogenet | pmc:PMC6769593 Jumping on the Edge—First Evidence for a 2 × 6-meric Hemocyanin in Springtails | pmc:PMC7748580 The complete mitochondrial genome of an enigmatic predaceous springtail Metisotoma macnama | pmc:PMC6938034 The Genome of the Blind Soil-Dwelling and Ancestrally Wingless Dipluran Campodea augens: A | pmc:PMC11311677 Frequent Acquisition of Glycoside Hydrolase Family 32 (GH32) Genes from Bacteria via Horiz | pmc:PMC11321324 The unique epicuticular chemistry of Collembola – A cross-species analysis | pmc:PMC7858589 Evidence for strong environmental control on bacterial microbiomes of Antarctic springtail | pmc:PMC12684311 Gene Flow Disruption and Population Declines in a Soil Arthropod in Fragmented Habitats | pmc:PMC9460274 A Functional Carbohydrate Degrading Enzyme Potentially Acquired by Horizontal Gene Transfe | pmc:PMC12693562 De novo genome assembly of the endemic Italian springtail Orchesella dallaii (Collembola:  | pmc:PMC4594255 Time-related expression profiles for heat shock protein gene transcripts (HSP40, HSP70) in | pmc:PMC6858819 Effects of miniaturization in the anatomy of the minute springtail Mesaphorura sylvatica ( | pmc:10.3897/asp.81.e104522 Breakaway from a globular body shape: molecular phylogeny reveals the evolutionary history | pmc:PMC6850205 Developmental expression and evolution of hexamerin and haemocyanin from Folsomia candida  | pmc:PMC7290404 New Insight into the Systematics of European Lepidocyrtus (Collembola: Entomobryidae) Usin | pmc:PMC12015274 Cadmium tolerance is associated with tissue-specific plasticity of metallothionein gene ex | pmc:PMC7668117 Phylogenetic and sequence analyses of insect transferrins suggest that only transferrin 1  | pmc:PMC10169344 On latches in biological systems: a comparative morphological and functional study of the  | pmc:PMC4229212 Two Metallothionein Genes in Oxya chinensis: Molecular Characteristics, Expression Pattern | pmc:PMC10439338 Effects of litter quality on foraging behaviour and demographic parameters in Folsomia can | pmc:PMC11209139 How to Overcome a Snail? Identification of Putative Neurotoxins of Snail-Feeding Firefly L | pmc:PMC6307210 Origin and development of oligoadenylate synthetase immune system | pmc:PMC7807722 Horizontally acquired antibacterial genes associated with adaptive radiation of ladybird b | pmc:PMC10051947 Diversity of the Antimicrobial Peptide Genes in Collembola | pmc:PMC11215327 Coexistence of nonfluorescent chromoproteins and fluorescent proteins in massive Porites s | pmc:PMC5430146 Data on the exon-intron organization of genes coding for B-cell receptor-like proteins | pmc:PMC6366730 Bed bugs (Cimex lectularius L.) exhibit limited ability to develop heat resistance | pmc:PMC8138834 Two high-quality de novo genomes from single ethanol-preserved specimens of tiny metazoans | pmc:PMC8981701 Soil environment reshapes microbiota of laboratory-maintained Collembola during host devel | pmc:PMC6513849 Antimicrobial activity and carbohydrate metabolism in the bacterial metagenome of the soil | plazi:EC6387A4FFEA3733FF62A674FAC3FE6A Hypogastrura serrata | plazi:721B6E0C8C34FF8BFF38222EAE01226A Orchesella cincta | plazi:266B5D55F710FF82FF7EFB5B444CF9B4 Orchesella cincta | plazi:03CF878BFFCCC20E200D5A26FA87AA77 Orchesella cincta | plazi:03E5878DFFCEFFA9FFAEF9C88344F783 Orchesella cincta | plazi:0383FA70377D8B77C69FFDAA5ECCFCC1 Orchesella cincta | plazi:03AA531A0F5E3531FFA85E2BFC1CA5BB Orchesella cincta | plazi:EC6387A4FFEB3733FCDFA39EFEB7F7E2 Hypogastrura serrata",,,,,,,,
Q152,Orchesella cincta,Orchesella,habitat,What is the habitat of Orchesella cincta?,108,"medline:28309162 Interspecific and intraspecific selection by the predator Notiophilus biguttatus F. (Carab | medline:28311313 Size-specific mortality patterns in two species of forest floor Collembola. | medline:17562010 Recombinational micro-evolution of functionally different metallothionein promoter alleles | medline:466669 Ultrastructure and function of the labial nephridia and the rectum of Orchesella cincta (L | medline:28309140 Formation and ecological significance of aggregations in collembola : An experimental stud | medline:3801691 Biological half-lives of lead in Orchesella cincta (L.) (Collembola). | medline:12836972 Pyrene metabolism in the springtail Orchesella cincta L. (Collembola, Entomobryidae). | medline:28309114 The role of food in the population dynamics of Orchesella cincta (Linné) (Collembola). | medline:28310889 A laboratory study on temperature relations of egg production and development in two relat | medline:28310077 Components of predatory behaviour underlying density-dependent prey-size selection by Noti | medline:16928381 Geographic variation for climatic stress resistance traits in the springtail Orchesella ci | medline:28565320 NEGATIVE MATERNAL EFFECT REVISITED: A TEST ON TWO POPULATIONS OF ORCHESELLA CINCTA L. (COL | medline:28309145 Effects of food deprivation and type of prey on predation by Notiophilus biguttatus F. (Ca | medline:9914493 Primary structure of a cadmium-induced metallothionein from the insect Orchesella cincta ( | medline:32040287 Role of Surface Chemistry in the Superhydrophobicity of the Springtail Orchesella cincta ( | medline:29410494 Diversity and metabolic potential of the microbiota associated with a soil arthropod. | medline:16304605 Additive genetic variation of transcriptional regulation: metallothionein expression in th | medline:22717685 Influence of adaptive evolution of cadmium tolerance on neutral and functional genetic var | medline:11790326 Metallothionein-bound cadmium in the gut of the insect Orchesella cincta (Collembola) in r | medline:12826101 Field-selected cadmium tolerance in the springtail Orchesella cincta is correlated with in | medline:24307528 Male-male competition leads to less abundant but more attractive sperm. | medline:1554249 Adaptation to soil pollution by cadmium excretion in natural populations of Orchesella cin | medline:17368192 Differential gene expression profiles associated with heavy metal tolerance in the soil in | medline:17314922 Allelic diversity of metallothionein in Orchesella cincta (L.): traces of natural selectio | medline:16160751 Metallothionein mRNA expression and cadmium tolerance in metal-stressed and reference popu | medline:19835878 A moderate change in temperature induces changes in fatty acid composition of storage and  | medline:12729230 Dietary zinc reduces uptake but not metallothionein binding and elimination of cadmium in  | medline:18546737 Comparative population analysis of metallothionein promoter alleles suggests stress-induce | medline:36975900 Diversity of the Antimicrobial Peptide Genes in Collembola. | medline:11520689 Two metal-binding peptides from the insect Orchesella cincta (Collembola) as a result of m | medline:12755866 Population substructures in the soil invertebrate Orchesella cincta, as revealed by micros | medline:19566677 Adaptive differences in gene expression associated with heavy metal tolerance in the soil  | medline:31053649 Water and ion transport across the eversible vesicles in the collophore of the springtail  | medline:12927496 Indications for the tracking of elevated nitrogen levels through the fungal route in a soi | medline:15910323 Genetic structure in Orchesella cincta (Collembola): strong subdivision of European popula | medline:21115015 Temperature-induced plasticity in membrane and storage lipid composition: thermal reaction | medline:27289101 Gene Family Evolution Reflects Adaptation to Soil Environmental Stressors in the Genome of | medline:21704631 Fatty acid composition and extreme temperature tolerance following exposure to fluctuating | medline:12919785 A solvent-free method for spiking terrestrial algae (Desmococcus spp.) with pyrene for use | medline:12770468 Effects of starvation on body composition and cold tolerance in the collembolan Orchesella | medline:17886827 Temperature-induced gene expression associated with different thermal reaction norms for g | medline:26075903 Collembolan Transcriptomes Highlight Molecular Evolution of Hexapods and Provide Clues on  | medline:32649025 Increase in egg resistance to desiccation in springtails correlates with blastodermal cuti | medline:19486513 Reference genes for QRT-PCR tested under various stress conditions in Folsomia candida and | medline:2737113 Population consequences of cadmium toxicity in soil microarthropods. | medline:7498055 Sublethal sensitivity index as an ecotoxicity parameter measuring energy allocation under  | medline:19100270 Bioinformatics and protein expression analyses implicate LEA proteins in the drought respo | medline:27018780 Transgenerational effects of nutrition are different for sons and daughters. | medline:25818389 Interplay of robustness and plasticity of life-history traits drives ecotypic differentiat | medline:28568729 GENETIC VARIATION AND COVARIATION FOR CHARACTERISTICS ASSOCIATED WITH CADMIUM TOLERANCE IN | pmc:PMC9336013 On springtails (Hexapoda: Collembola): a morphofunctional study of the jumping apparatus | pmc:PMC1913499 Recombinational micro-evolution of functionally different metallothionein promoter alleles | pmc:PMC2698932 Reference genes for QRT-PCR tested under various stress conditions in Folsomia candida and | pmc:PMC4987106 Gene Family Evolution Reflects Adaptation to Soil Environmental Stressors in the Genome of | pmc:PMC3081431 Micro-evolution of toxicant tolerance: from single genes to the genome’s tangled bank | pmc:PMC2315649 Revealing pancrustacean relationships: Phylogenetic analysis of ribosomal protein genes pl | pmc:PMC5802828 Diversity and metabolic potential of the microbiota associated with a soil arthropod | pmc:PMC3910676 The Hox genes Ultrabithorax and abdominal-A specify three different types of abdominal app | pmc:PMC7595314 Impacts of thermal fluctuations on heat tolerance and its metabolomic basis in Arabidopsis | pmc:PMC5728583 Distinctive Collembola communities in the Mesovoid Shallow Substratum: First data for the  | pmc:PMC5579570 An Opto-Electronic Sensor for Detecting Soil Microarthropods and Estimating Their Size in  | pmc:PMC5804194 Male reproductive suppression: not a social affair | pmc:PMC5644144 Analysis of the genome of the New Zealand giant collembolan (Holacanthella duospinosa) she | pmc:PMC4145409 Soluble proteins of chemical communication: an overview across arthropods | pmc:PMC7706535 The mitochondrial genome of the springtail Bourletiella arvalis (Symphypleona, Collembola) | pmc:PMC10432511 The first chromosome-level genome assembly of Entomobrya proxima Folsom, 1924 (Collembola: | pmc:PMC11942277 The Mitochondrial Genome of the Springtail Semicerura bryophila (Collembola): New Data Cal | pmc:PMC4468109 Collembolan Transcriptomes Highlight Molecular Evolution of Hexapods and Provide Clues on  | pmc:PMC3879454 Decisive Data Sets in Phylogenomics: Lessons from Studies on the Phylogenetic Relationship | pmc:PMC5673992 Genetic Diversity in Insect Metal Tolerance | pmc:PMC7782307 The complete mitochondrial genome of the springtail Allacma fusca, the internal phylogenet | pmc:PMC6769593 Jumping on the Edge—First Evidence for a 2 × 6-meric Hemocyanin in Springtails | pmc:PMC7748580 The complete mitochondrial genome of an enigmatic predaceous springtail Metisotoma macnama | pmc:PMC6938034 The Genome of the Blind Soil-Dwelling and Ancestrally Wingless Dipluran Campodea augens: A | pmc:PMC11311677 Frequent Acquisition of Glycoside Hydrolase Family 32 (GH32) Genes from Bacteria via Horiz | pmc:PMC11321324 The unique epicuticular chemistry of Collembola – A cross-species analysis | pmc:PMC7858589 Evidence for strong environmental control on bacterial microbiomes of Antarctic springtail | pmc:PMC12684311 Gene Flow Disruption and Population Declines in a Soil Arthropod in Fragmented Habitats | pmc:PMC9460274 A Functional Carbohydrate Degrading Enzyme Potentially Acquired by Horizontal Gene Transfe | pmc:PMC12693562 De novo genome assembly of the endemic Italian springtail Orchesella dallaii (Collembola:  | pmc:PMC4594255 Time-related expression profiles for heat shock protein gene transcripts (HSP40, HSP70) in | pmc:PMC6858819 Effects of miniaturization in the anatomy of the minute springtail Mesaphorura sylvatica ( | pmc:10.3897/asp.81.e104522 Breakaway from a globular body shape: molecular phylogeny reveals the evolutionary history | pmc:PMC6850205 Developmental expression and evolution of hexamerin and haemocyanin from Folsomia candida  | pmc:PMC7290404 New Insight into the Systematics of European Lepidocyrtus (Collembola: Entomobryidae) Usin | pmc:PMC12015274 Cadmium tolerance is associated with tissue-specific plasticity of metallothionein gene ex | pmc:PMC7668117 Phylogenetic and sequence analyses of insect transferrins suggest that only transferrin 1  | pmc:PMC10169344 On latches in biological systems: a comparative morphological and functional study of the  | pmc:PMC4229212 Two Metallothionein Genes in Oxya chinensis: Molecular Characteristics, Expression Pattern | pmc:PMC10439338 Effects of litter quality on foraging behaviour and demographic parameters in Folsomia can | pmc:PMC11209139 How to Overcome a Snail? Identification of Putative Neurotoxins of Snail-Feeding Firefly L | pmc:PMC6307210 Origin and development of oligoadenylate synthetase immune system | pmc:PMC7807722 Horizontally acquired antibacterial genes associated with adaptive radiation of ladybird b | pmc:PMC10051947 Diversity of the Antimicrobial Peptide Genes in Collembola | pmc:PMC11215327 Coexistence of nonfluorescent chromoproteins and fluorescent proteins in massive Porites s | pmc:PMC5430146 Data on the exon-intron organization of genes coding for B-cell receptor-like proteins | pmc:PMC6366730 Bed bugs (Cimex lectularius L.) exhibit limited ability to develop heat resistance | pmc:PMC8138834 Two high-quality de novo genomes from single ethanol-preserved specimens of tiny metazoans | pmc:PMC8981701 Soil environment reshapes microbiota of laboratory-maintained Collembola during host devel | pmc:PMC6513849 Antimicrobial activity and carbohydrate metabolism in the bacterial metagenome of the soil | plazi:EC6387A4FFEA3733FF62A674FAC3FE6A Hypogastrura serrata | plazi:721B6E0C8C34FF8BFF38222EAE01226A Orchesella cincta | plazi:266B5D55F710FF82FF7EFB5B444CF9B4 Orchesella cincta | plazi:03CF878BFFCCC20E200D5A26FA87AA77 Orchesella cincta | plazi:03E5878DFFCEFFA9FFAEF9C88344F783 Orchesella cincta | plazi:0383FA70377D8B77C69FFDAA5ECCFCC1 Orchesella cincta | plazi:03AA531A0F5E3531FFA85E2BFC1CA5BB Orchesella cincta | plazi:EC6387A4FFEB3733FCDFA39EFEB7F7E2 Hypogastrura serrata",,,,,,,,
Q153,Orchesella cincta,Orchesella,trophic_guild,What does Orchesella cincta feed on?,108,"medline:28309162 Interspecific and intraspecific selection by the predator Notiophilus biguttatus F. (Carab | medline:28311313 Size-specific mortality patterns in two species of forest floor Collembola. | medline:17562010 Recombinational micro-evolution of functionally different metallothionein promoter alleles | medline:466669 Ultrastructure and function of the labial nephridia and the rectum of Orchesella cincta (L | medline:28309140 Formation and ecological significance of aggregations in collembola : An experimental stud | medline:3801691 Biological half-lives of lead in Orchesella cincta (L.) (Collembola). | medline:12836972 Pyrene metabolism in the springtail Orchesella cincta L. (Collembola, Entomobryidae). | medline:28309114 The role of food in the population dynamics of Orchesella cincta (Linné) (Collembola). | medline:28310889 A laboratory study on temperature relations of egg production and development in two relat | medline:28310077 Components of predatory behaviour underlying density-dependent prey-size selection by Noti | medline:16928381 Geographic variation for climatic stress resistance traits in the springtail Orchesella ci | medline:28565320 NEGATIVE MATERNAL EFFECT REVISITED: A TEST ON TWO POPULATIONS OF ORCHESELLA CINCTA L. (COL | medline:28309145 Effects of food deprivation and type of prey on predation by Notiophilus biguttatus F. (Ca | medline:9914493 Primary structure of a cadmium-induced metallothionein from the insect Orchesella cincta ( | medline:32040287 Role of Surface Chemistry in the Superhydrophobicity of the Springtail Orchesella cincta ( | medline:29410494 Diversity and metabolic potential of the microbiota associated with a soil arthropod. | medline:16304605 Additive genetic variation of transcriptional regulation: metallothionein expression in th | medline:22717685 Influence of adaptive evolution of cadmium tolerance on neutral and functional genetic var | medline:11790326 Metallothionein-bound cadmium in the gut of the insect Orchesella cincta (Collembola) in r | medline:12826101 Field-selected cadmium tolerance in the springtail Orchesella cincta is correlated with in | medline:24307528 Male-male competition leads to less abundant but more attractive sperm. | medline:1554249 Adaptation to soil pollution by cadmium excretion in natural populations of Orchesella cin | medline:17368192 Differential gene expression profiles associated with heavy metal tolerance in the soil in | medline:17314922 Allelic diversity of metallothionein in Orchesella cincta (L.): traces of natural selectio | medline:16160751 Metallothionein mRNA expression and cadmium tolerance in metal-stressed and reference popu | medline:19835878 A moderate change in temperature induces changes in fatty acid composition of storage and  | medline:12729230 Dietary zinc reduces uptake but not metallothionein binding and elimination of cadmium in  | medline:18546737 Comparative population analysis of metallothionein promoter alleles suggests stress-induce | medline:36975900 Diversity of the Antimicrobial Peptide Genes in Collembola. | medline:11520689 Two metal-binding peptides from the insect Orchesella cincta (Collembola) as a result of m | medline:12755866 Population substructures in the soil invertebrate Orchesella cincta, as revealed by micros | medline:19566677 Adaptive differences in gene expression associated with heavy metal tolerance in the soil  | medline:31053649 Water and ion transport across the eversible vesicles in the collophore of the springtail  | medline:12927496 Indications for the tracking of elevated nitrogen levels through the fungal route in a soi | medline:15910323 Genetic structure in Orchesella cincta (Collembola): strong subdivision of European popula | medline:21115015 Temperature-induced plasticity in membrane and storage lipid composition: thermal reaction | medline:27289101 Gene Family Evolution Reflects Adaptation to Soil Environmental Stressors in the Genome of | medline:21704631 Fatty acid composition and extreme temperature tolerance following exposure to fluctuating | medline:12919785 A solvent-free method for spiking terrestrial algae (Desmococcus spp.) with pyrene for use | medline:12770468 Effects of starvation on body composition and cold tolerance in the collembolan Orchesella | medline:17886827 Temperature-induced gene expression associated with different thermal reaction norms for g | medline:26075903 Collembolan Transcriptomes Highlight Molecular Evolution of Hexapods and Provide Clues on  | medline:32649025 Increase in egg resistance to desiccation in springtails correlates with blastodermal cuti | medline:19486513 Reference genes for QRT-PCR tested under various stress conditions in Folsomia candida and | medline:2737113 Population consequences of cadmium toxicity in soil microarthropods. | medline:7498055 Sublethal sensitivity index as an ecotoxicity parameter measuring energy allocation under  | medline:19100270 Bioinformatics and protein expression analyses implicate LEA proteins in the drought respo | medline:27018780 Transgenerational effects of nutrition are different for sons and daughters. | medline:25818389 Interplay of robustness and plasticity of life-history traits drives ecotypic differentiat | medline:28568729 GENETIC VARIATION AND COVARIATION FOR CHARACTERISTICS ASSOCIATED WITH CADMIUM TOLERANCE IN | pmc:PMC9336013 On springtails (Hexapoda: Collembola): a morphofunctional study of the jumping apparatus | pmc:PMC1913499 Recombinational micro-evolution of functionally different metallothionein promoter alleles | pmc:PMC2698932 Reference genes for QRT-PCR tested under various stress conditions in Folsomia candida and | pmc:PMC4987106 Gene Family Evolution Reflects Adaptation to Soil Environmental Stressors in the Genome of | pmc:PMC3081431 Micro-evolution of toxicant tolerance: from single genes to the genome’s tangled bank | pmc:PMC2315649 Revealing pancrustacean relationships: Phylogenetic analysis of ribosomal protein genes pl | pmc:PMC5802828 Diversity and metabolic potential of the microbiota associated with a soil arthropod | pmc:PMC3910676 The Hox genes Ultrabithorax and abdominal-A specify three different types of abdominal app | pmc:PMC7595314 Impacts of thermal fluctuations on heat tolerance and its metabolomic basis in Arabidopsis | pmc:PMC5728583 Distinctive Collembola communities in the Mesovoid Shallow Substratum: First data for the  | pmc:PMC5579570 An Opto-Electronic Sensor for Detecting Soil Microarthropods and Estimating Their Size in  | pmc:PMC5804194 Male reproductive suppression: not a social affair | pmc:PMC5644144 Analysis of the genome of the New Zealand giant collembolan (Holacanthella duospinosa) she | pmc:PMC4145409 Soluble proteins of chemical communication: an overview across arthropods | pmc:PMC7706535 The mitochondrial genome of the springtail Bourletiella arvalis (Symphypleona, Collembola) | pmc:PMC10432511 The first chromosome-level genome assembly of Entomobrya proxima Folsom, 1924 (Collembola: | pmc:PMC11942277 The Mitochondrial Genome of the Springtail Semicerura bryophila (Collembola): New Data Cal | pmc:PMC4468109 Collembolan Transcriptomes Highlight Molecular Evolution of Hexapods and Provide Clues on  | pmc:PMC3879454 Decisive Data Sets in Phylogenomics: Lessons from Studies on the Phylogenetic Relationship | pmc:PMC5673992 Genetic Diversity in Insect Metal Tolerance | pmc:PMC7782307 The complete mitochondrial genome of the springtail Allacma fusca, the internal phylogenet | pmc:PMC6769593 Jumping on the Edge—First Evidence for a 2 × 6-meric Hemocyanin in Springtails | pmc:PMC7748580 The complete mitochondrial genome of an enigmatic predaceous springtail Metisotoma macnama | pmc:PMC6938034 The Genome of the Blind Soil-Dwelling and Ancestrally Wingless Dipluran Campodea augens: A | pmc:PMC11311677 Frequent Acquisition of Glycoside Hydrolase Family 32 (GH32) Genes from Bacteria via Horiz | pmc:PMC11321324 The unique epicuticular chemistry of Collembola – A cross-species analysis | pmc:PMC7858589 Evidence for strong environmental control on bacterial microbiomes of Antarctic springtail | pmc:PMC12684311 Gene Flow Disruption and Population Declines in a Soil Arthropod in Fragmented Habitats | pmc:PMC9460274 A Functional Carbohydrate Degrading Enzyme Potentially Acquired by Horizontal Gene Transfe | pmc:PMC12693562 De novo genome assembly of the endemic Italian springtail Orchesella dallaii (Collembola:  | pmc:PMC4594255 Time-related expression profiles for heat shock protein gene transcripts (HSP40, HSP70) in | pmc:PMC6858819 Effects of miniaturization in the anatomy of the minute springtail Mesaphorura sylvatica ( | pmc:10.3897/asp.81.e104522 Breakaway from a globular body shape: molecular phylogeny reveals the evolutionary history | pmc:PMC6850205 Developmental expression and evolution of hexamerin and haemocyanin from Folsomia candida  | pmc:PMC7290404 New Insight into the Systematics of European Lepidocyrtus (Collembola: Entomobryidae) Usin | pmc:PMC12015274 Cadmium tolerance is associated with tissue-specific plasticity of metallothionein gene ex | pmc:PMC7668117 Phylogenetic and sequence analyses of insect transferrins suggest that only transferrin 1  | pmc:PMC10169344 On latches in biological systems: a comparative morphological and functional study of the  | pmc:PMC4229212 Two Metallothionein Genes in Oxya chinensis: Molecular Characteristics, Expression Pattern | pmc:PMC10439338 Effects of litter quality on foraging behaviour and demographic parameters in Folsomia can | pmc:PMC11209139 How to Overcome a Snail? Identification of Putative Neurotoxins of Snail-Feeding Firefly L | pmc:PMC6307210 Origin and development of oligoadenylate synthetase immune system | pmc:PMC7807722 Horizontally acquired antibacterial genes associated with adaptive radiation of ladybird b | pmc:PMC10051947 Diversity of the Antimicrobial Peptide Genes in Collembola | pmc:PMC11215327 Coexistence of nonfluorescent chromoproteins and fluorescent proteins in massive Porites s | pmc:PMC5430146 Data on the exon-intron organization of genes coding for B-cell receptor-like proteins | pmc:PMC6366730 Bed bugs (Cimex lectularius L.) exhibit limited ability to develop heat resistance | pmc:PMC8138834 Two high-quality de novo genomes from single ethanol-preserved specimens of tiny metazoans | pmc:PMC8981701 Soil environment reshapes microbiota of laboratory-maintained Collembola during host devel | pmc:PMC6513849 Antimicrobial activity and carbohydrate metabolism in the bacterial metagenome of the soil | plazi:EC6387A4FFEA3733FF62A674FAC3FE6A Hypogastrura serrata | plazi:721B6E0C8C34FF8BFF38222EAE01226A Orchesella cincta | plazi:266B5D55F710FF82FF7EFB5B444CF9B4 Orchesella cincta | plazi:03CF878BFFCCC20E200D5A26FA87AA77 Orchesella cincta | plazi:03E5878DFFCEFFA9FFAEF9C88344F783 Orchesella cincta | plazi:0383FA70377D8B77C69FFDAA5ECCFCC1 Orchesella cincta | plazi:03AA531A0F5E3531FFA85E2BFC1CA5BB Orchesella cincta | plazi:EC6387A4FFEB3733FCDFA39EFEB7F7E2 Hypogastrura serrata",,,,,,,,
Q154,Orchesella villosa,Orchesella,body_size,What is the body length of Orchesella villosa?,38,"medline:19016914 Acetylcholinesterase genes in the basal Hexapod Orchesella villosa. | medline:19027878 Different sperm number in the spermatophores of Orchesella villosa (Geoffroy) (Entomobryid | medline:5630268 [The spermatozoon of arthropods. I. Anurida maritima (Guérin) and Orchesella villosa (Geof | medline:18157861 Fine structure of the spermatheca and of the accessory glands in Orchesella villosa (Colle | medline:18553422 The ultrastructure of the spermathecae in the Collembola Symphypleona (Hexapoda). | medline:35070508 Trophic niche but not abundance of Collembola and Oribatida changes with drought and farmi | medline:22056322 The ultrastructure of the ejaculatory duct in the springtail Orchesella villosa (Geoffroy) | medline:12009804 Natural occurrence of entomophthoralean fungi pathogenic to collembolans. | pmc:PMC8761369 Trophic niche but not abundance of Collembola and Oribatida changes with drought and farmi | pmc:PMC3131029 Effects of ecological flooding on the temporal and spatial dynamics of carabid beetles (Co | pmc:PMC5728583 Distinctive Collembola communities in the Mesovoid Shallow Substratum: First data for the  | pmc:PMC7706535 The mitochondrial genome of the springtail Bourletiella arvalis (Symphypleona, Collembola) | pmc:PMC11942277 The Mitochondrial Genome of the Springtail Semicerura bryophila (Collembola): New Data Cal | pmc:PMC6769593 Jumping on the Edge—First Evidence for a 2 × 6-meric Hemocyanin in Springtails | pmc:PMC7748580 The complete mitochondrial genome of an enigmatic predaceous springtail Metisotoma macnama | pmc:PMC5769716 Riparian Collembola ( Hexapoda ) communities of northern Moldova, Eastern Europe | pmc:PMC1913499 Recombinational micro-evolution of functionally different metallothionein promoter alleles | pmc:10.11646/zootaxa.5120.2.8 Mitogenomic features of three species of Entomobryoidea (Collembola) from China | pmc:PMC3281121 Genome Organization, Phylogenies, Expression Patterns, and Three-Dimensional Protein Model | pmc:PMC5696395 Neutral lipid fatty acid composition as trait and constraint in Collembola evolution | pmc:PMC7722839 Constant neuropilar ratio in the insect brain | pmc:PMC2681477 IMGD: an integrated platform supporting comparative genomics and phylogenetics of insect m | pmc:PMC4323385 The Complete Mitochondrial Genomes of Three Bristletails (Insecta: Archaeognatha): The Par | pmc:PMC6163862 Habitat Structure, Quality and Landscape Predict Species Richness and Communities of Colle | pmc:PMC3343382 Novel and Viable Acetylcholinesterase Target Site for Developing Effective and Environment | pmc:PMC7153868 Phylomitogenomic analyses on collembolan higher taxa with enhanced taxon sampling and disc | pmc:PMC4987106 Gene Family Evolution Reflects Adaptation to Soil Environmental Stressors in the Genome of | pmc:PMC9598930 Was There a Cambrian Explosion on Land? The Case of Arthropod Terrestrialization | pmc:PMC7824276 Re-Evaluating the Internal Phylogenetic Relationships of Collembola by Means of Mitogenome | pmc:PMC6305484 Differences in collembola species assemblages (Arthropoda) between spoil tips and surround | pmc:PMC6858819 Effects of miniaturization in the anatomy of the minute springtail Mesaphorura sylvatica ( | pmc:PMC12859647 Alloscopus ramanai sp. nov. ( Orchesellidae , Heteromurinae ), a new Collembola species fr | pmc:PMC7643048 Post-ejaculatory modifications to sperm (PEMS) | pmc:PMC4568406 Biodiversity inventories in high gear: DNA barcoding facilitates a rapid biotic survey of  | plazi:266B5D55F711FF83FF7EFD35450CFC41 Orchesella villosa | plazi:03CF878BFFCDC20C22A4596FFD5EABF1 Orchesella villosa | plazi:03AA531A0F41352EFF595D80FCEBA447 Orchesella villosa | plazi:EC6387A4FFEA3733FF62A674FAC3FE6A Hypogastrura serrata",,,,,,,,
Q155,Orchesella villosa,Orchesella,habitat,What is the habitat of Orchesella villosa?,38,"medline:19016914 Acetylcholinesterase genes in the basal Hexapod Orchesella villosa. | medline:19027878 Different sperm number in the spermatophores of Orchesella villosa (Geoffroy) (Entomobryid | medline:5630268 [The spermatozoon of arthropods. I. Anurida maritima (Guérin) and Orchesella villosa (Geof | medline:18157861 Fine structure of the spermatheca and of the accessory glands in Orchesella villosa (Colle | medline:18553422 The ultrastructure of the spermathecae in the Collembola Symphypleona (Hexapoda). | medline:35070508 Trophic niche but not abundance of Collembola and Oribatida changes with drought and farmi | medline:22056322 The ultrastructure of the ejaculatory duct in the springtail Orchesella villosa (Geoffroy) | medline:12009804 Natural occurrence of entomophthoralean fungi pathogenic to collembolans. | pmc:PMC8761369 Trophic niche but not abundance of Collembola and Oribatida changes with drought and farmi | pmc:PMC3131029 Effects of ecological flooding on the temporal and spatial dynamics of carabid beetles (Co | pmc:PMC5728583 Distinctive Collembola communities in the Mesovoid Shallow Substratum: First data for the  | pmc:PMC7706535 The mitochondrial genome of the springtail Bourletiella arvalis (Symphypleona, Collembola) | pmc:PMC11942277 The Mitochondrial Genome of the Springtail Semicerura bryophila (Collembola): New Data Cal | pmc:PMC6769593 Jumping on the Edge—First Evidence for a 2 × 6-meric Hemocyanin in Springtails | pmc:PMC7748580 The complete mitochondrial genome of an enigmatic predaceous springtail Metisotoma macnama | pmc:PMC5769716 Riparian Collembola ( Hexapoda ) communities of northern Moldova, Eastern Europe | pmc:PMC1913499 Recombinational micro-evolution of functionally different metallothionein promoter alleles | pmc:10.11646/zootaxa.5120.2.8 Mitogenomic features of three species of Entomobryoidea (Collembola) from China | pmc:PMC3281121 Genome Organization, Phylogenies, Expression Patterns, and Three-Dimensional Protein Model | pmc:PMC5696395 Neutral lipid fatty acid composition as trait and constraint in Collembola evolution | pmc:PMC7722839 Constant neuropilar ratio in the insect brain | pmc:PMC2681477 IMGD: an integrated platform supporting comparative genomics and phylogenetics of insect m | pmc:PMC4323385 The Complete Mitochondrial Genomes of Three Bristletails (Insecta: Archaeognatha): The Par | pmc:PMC6163862 Habitat Structure, Quality and Landscape Predict Species Richness and Communities of Colle | pmc:PMC3343382 Novel and Viable Acetylcholinesterase Target Site for Developing Effective and Environment | pmc:PMC7153868 Phylomitogenomic analyses on collembolan higher taxa with enhanced taxon sampling and disc | pmc:PMC4987106 Gene Family Evolution Reflects Adaptation to Soil Environmental Stressors in the Genome of | pmc:PMC9598930 Was There a Cambrian Explosion on Land? The Case of Arthropod Terrestrialization | pmc:PMC7824276 Re-Evaluating the Internal Phylogenetic Relationships of Collembola by Means of Mitogenome | pmc:PMC6305484 Differences in collembola species assemblages (Arthropoda) between spoil tips and surround | pmc:PMC6858819 Effects of miniaturization in the anatomy of the minute springtail Mesaphorura sylvatica ( | pmc:PMC12859647 Alloscopus ramanai sp. nov. ( Orchesellidae , Heteromurinae ), a new Collembola species fr | pmc:PMC7643048 Post-ejaculatory modifications to sperm (PEMS) | pmc:PMC4568406 Biodiversity inventories in high gear: DNA barcoding facilitates a rapid biotic survey of  | plazi:266B5D55F711FF83FF7EFD35450CFC41 Orchesella villosa | plazi:03CF878BFFCDC20C22A4596FFD5EABF1 Orchesella villosa | plazi:03AA531A0F41352EFF595D80FCEBA447 Orchesella villosa | plazi:EC6387A4FFEA3733FF62A674FAC3FE6A Hypogastrura serrata",,,,,,,,
Q156,Orchesella villosa,Orchesella,trophic_guild,What does Orchesella villosa feed on?,38,"medline:19016914 Acetylcholinesterase genes in the basal Hexapod Orchesella villosa. | medline:19027878 Different sperm number in the spermatophores of Orchesella villosa (Geoffroy) (Entomobryid | medline:5630268 [The spermatozoon of arthropods. I. Anurida maritima (Guérin) and Orchesella villosa (Geof | medline:18157861 Fine structure of the spermatheca and of the accessory glands in Orchesella villosa (Colle | medline:18553422 The ultrastructure of the spermathecae in the Collembola Symphypleona (Hexapoda). | medline:35070508 Trophic niche but not abundance of Collembola and Oribatida changes with drought and farmi | medline:22056322 The ultrastructure of the ejaculatory duct in the springtail Orchesella villosa (Geoffroy) | medline:12009804 Natural occurrence of entomophthoralean fungi pathogenic to collembolans. | pmc:PMC8761369 Trophic niche but not abundance of Collembola and Oribatida changes with drought and farmi | pmc:PMC3131029 Effects of ecological flooding on the temporal and spatial dynamics of carabid beetles (Co | pmc:PMC5728583 Distinctive Collembola communities in the Mesovoid Shallow Substratum: First data for the  | pmc:PMC7706535 The mitochondrial genome of the springtail Bourletiella arvalis (Symphypleona, Collembola) | pmc:PMC11942277 The Mitochondrial Genome of the Springtail Semicerura bryophila (Collembola): New Data Cal | pmc:PMC6769593 Jumping on the Edge—First Evidence for a 2 × 6-meric Hemocyanin in Springtails | pmc:PMC7748580 The complete mitochondrial genome of an enigmatic predaceous springtail Metisotoma macnama | pmc:PMC5769716 Riparian Collembola ( Hexapoda ) communities of northern Moldova, Eastern Europe | pmc:PMC1913499 Recombinational micro-evolution of functionally different metallothionein promoter alleles | pmc:10.11646/zootaxa.5120.2.8 Mitogenomic features of three species of Entomobryoidea (Collembola) from China | pmc:PMC3281121 Genome Organization, Phylogenies, Expression Patterns, and Three-Dimensional Protein Model | pmc:PMC5696395 Neutral lipid fatty acid composition as trait and constraint in Collembola evolution | pmc:PMC7722839 Constant neuropilar ratio in the insect brain | pmc:PMC2681477 IMGD: an integrated platform supporting comparative genomics and phylogenetics of insect m | pmc:PMC4323385 The Complete Mitochondrial Genomes of Three Bristletails (Insecta: Archaeognatha): The Par | pmc:PMC6163862 Habitat Structure, Quality and Landscape Predict Species Richness and Communities of Colle | pmc:PMC3343382 Novel and Viable Acetylcholinesterase Target Site for Developing Effective and Environment | pmc:PMC7153868 Phylomitogenomic analyses on collembolan higher taxa with enhanced taxon sampling and disc | pmc:PMC4987106 Gene Family Evolution Reflects Adaptation to Soil Environmental Stressors in the Genome of | pmc:PMC9598930 Was There a Cambrian Explosion on Land? The Case of Arthropod Terrestrialization | pmc:PMC7824276 Re-Evaluating the Internal Phylogenetic Relationships of Collembola by Means of Mitogenome | pmc:PMC6305484 Differences in collembola species assemblages (Arthropoda) between spoil tips and surround | pmc:PMC6858819 Effects of miniaturization in the anatomy of the minute springtail Mesaphorura sylvatica ( | pmc:PMC12859647 Alloscopus ramanai sp. nov. ( Orchesellidae , Heteromurinae ), a new Collembola species fr | pmc:PMC7643048 Post-ejaculatory modifications to sperm (PEMS) | pmc:PMC4568406 Biodiversity inventories in high gear: DNA barcoding facilitates a rapid biotic survey of  | plazi:266B5D55F711FF83FF7EFD35450CFC41 Orchesella villosa | plazi:03CF878BFFCDC20C22A4596FFD5EABF1 Orchesella villosa | plazi:03AA531A0F41352EFF595D80FCEBA447 Orchesella villosa | plazi:EC6387A4FFEA3733FF62A674FAC3FE6A Hypogastrura serrata",,,,,,,,
Q157,Paratullbergia callipygos,Paratullbergia,body_size,What is the body length of Paratullbergia callipygos?,12,medline:14686939 Detection and phylogenetic analysis of Wolbachia in Collembola. | pmc:PMC6305484 Differences in collembola species assemblages (Arthropoda) between spoil tips and surround | pmc:PMC4669936 Paratullbergia Womersley in China: the description of a new species and a key to the genus | pmc:PMC3800792 An introduction to Iranian Collembola (Hexapoda): an update to the species list | pmc:PMC5383468 Revisiting the phylogeny of Wolbachia in Collembola | pmc:PMC4440272 Updated list of Collembola species currently recorded from South Africa | pmc:10.3897/asp.81.e104522 Breakaway from a globular body shape: molecular phylogeny reveals the evolutionary history | pmc:PMC11558105 Wolbachia in Antarctic terrestrial invertebrates: Absent or undiscovered? Serga et al. | pmc:10.11646/zootaxa.5275.1.1 An annotated checklist of the Collembola (Hexapoda) from Iran | plazi:721B6E0C8C05FFBAFF3823E8A9232230 Paratullbergia callipygos | plazi:03CF878BFFA4C2672286585DFCE4AA0A Paratullbergia callipygos | plazi:766487A4FFC79467FFC40CEBFA68FA65 Tullbergiidae Bagnall 1935,,,,,,,,
Q158,Paratullbergia callipygos,Paratullbergia,habitat,What is the habitat of Paratullbergia callipygos?,12,medline:14686939 Detection and phylogenetic analysis of Wolbachia in Collembola. | pmc:PMC6305484 Differences in collembola species assemblages (Arthropoda) between spoil tips and surround | pmc:PMC4669936 Paratullbergia Womersley in China: the description of a new species and a key to the genus | pmc:PMC3800792 An introduction to Iranian Collembola (Hexapoda): an update to the species list | pmc:PMC5383468 Revisiting the phylogeny of Wolbachia in Collembola | pmc:PMC4440272 Updated list of Collembola species currently recorded from South Africa | pmc:10.3897/asp.81.e104522 Breakaway from a globular body shape: molecular phylogeny reveals the evolutionary history | pmc:PMC11558105 Wolbachia in Antarctic terrestrial invertebrates: Absent or undiscovered? Serga et al. | pmc:10.11646/zootaxa.5275.1.1 An annotated checklist of the Collembola (Hexapoda) from Iran | plazi:721B6E0C8C05FFBAFF3823E8A9232230 Paratullbergia callipygos | plazi:03CF878BFFA4C2672286585DFCE4AA0A Paratullbergia callipygos | plazi:766487A4FFC79467FFC40CEBFA68FA65 Tullbergiidae Bagnall 1935,,,,,,,,
Q159,Paratullbergia callipygos,Paratullbergia,trophic_guild,What does Paratullbergia callipygos feed on?,12,medline:14686939 Detection and phylogenetic analysis of Wolbachia in Collembola. | pmc:PMC6305484 Differences in collembola species assemblages (Arthropoda) between spoil tips and surround | pmc:PMC4669936 Paratullbergia Womersley in China: the description of a new species and a key to the genus | pmc:PMC3800792 An introduction to Iranian Collembola (Hexapoda): an update to the species list | pmc:PMC5383468 Revisiting the phylogeny of Wolbachia in Collembola | pmc:PMC4440272 Updated list of Collembola species currently recorded from South Africa | pmc:10.3897/asp.81.e104522 Breakaway from a globular body shape: molecular phylogeny reveals the evolutionary history | pmc:PMC11558105 Wolbachia in Antarctic terrestrial invertebrates: Absent or undiscovered? Serga et al. | pmc:10.11646/zootaxa.5275.1.1 An annotated checklist of the Collembola (Hexapoda) from Iran | plazi:721B6E0C8C05FFBAFF3823E8A9232230 Paratullbergia callipygos | plazi:03CF878BFFA4C2672286585DFCE4AA0A Paratullbergia callipygos | plazi:766487A4FFC79467FFC40CEBFA68FA65 Tullbergiidae Bagnall 1935,,,,,,,,
Q160,Parisotoma agrelli,Parisotoma,body_size,What is the body length of Parisotoma agrelli?,2,"pmc:PMC4553544 A Holarctic Biogeographical Analysis of the Collembola (Arthropoda, Hexapoda) Unravels Rec | plazi:03CF878BFFD7C21521A55EECFDB6AEA3 Parisotoma agrelli",,,,,,,,
Q161,Parisotoma agrelli,Parisotoma,habitat,What is the habitat of Parisotoma agrelli?,2,"pmc:PMC4553544 A Holarctic Biogeographical Analysis of the Collembola (Arthropoda, Hexapoda) Unravels Rec | plazi:03CF878BFFD7C21521A55EECFDB6AEA3 Parisotoma agrelli",,,,,,,,
Q162,Parisotoma agrelli,Parisotoma,trophic_guild,What does Parisotoma agrelli feed on?,2,"pmc:PMC4553544 A Holarctic Biogeographical Analysis of the Collembola (Arthropoda, Hexapoda) Unravels Rec | plazi:03CF878BFFD7C21521A55EECFDB6AEA3 Parisotoma agrelli",,,,,,,,
Q163,Parisotoma ekmani,Parisotoma,body_size,What is the body length of Parisotoma ekmani?,7,"pmc:PMC3458803 Cryptic Diversity in the Ubiquist Species Parisotoma notabilis (Collembola, Isotomidae): A | pmc:10.11646/zootaxa.5346.3.8 New and little-known Isotominae (Collembola, Isotomidae) from South Africa | pmc:PMC12547479 StrataSeq : A Workflow for Rapid Development of Molecular Databases for Hard‐To‐Identify S | pmc:PMC4553544 A Holarctic Biogeographical Analysis of the Collembola (Arthropoda, Hexapoda) Unravels Rec | plazi:266B5D55F774FFE6FF7EFAAB46BEF954 Cryptopygus sphagneticola | plazi:266B5D55F70AFF98FF7EFE97450CFC3C Parisotoma ekmani | plazi:03D2AD21BD25A73F86CEF9A467A0875C Folsomotoma amyliuae Janion-Scheepers & Potapov & Deharveng 2023, sp. nov.",,,,,,,,
Q164,Parisotoma ekmani,Parisotoma,habitat,What is the habitat of Parisotoma ekmani?,7,"pmc:PMC3458803 Cryptic Diversity in the Ubiquist Species Parisotoma notabilis (Collembola, Isotomidae): A | pmc:10.11646/zootaxa.5346.3.8 New and little-known Isotominae (Collembola, Isotomidae) from South Africa | pmc:PMC12547479 StrataSeq : A Workflow for Rapid Development of Molecular Databases for Hard‐To‐Identify S | pmc:PMC4553544 A Holarctic Biogeographical Analysis of the Collembola (Arthropoda, Hexapoda) Unravels Rec | plazi:266B5D55F774FFE6FF7EFAAB46BEF954 Cryptopygus sphagneticola | plazi:266B5D55F70AFF98FF7EFE97450CFC3C Parisotoma ekmani | plazi:03D2AD21BD25A73F86CEF9A467A0875C Folsomotoma amyliuae Janion-Scheepers & Potapov & Deharveng 2023, sp. nov.",,,,,,,,
Q165,Parisotoma ekmani,Parisotoma,trophic_guild,What does Parisotoma ekmani feed on?,7,"pmc:PMC3458803 Cryptic Diversity in the Ubiquist Species Parisotoma notabilis (Collembola, Isotomidae): A | pmc:10.11646/zootaxa.5346.3.8 New and little-known Isotominae (Collembola, Isotomidae) from South Africa | pmc:PMC12547479 StrataSeq : A Workflow for Rapid Development of Molecular Databases for Hard‐To‐Identify S | pmc:PMC4553544 A Holarctic Biogeographical Analysis of the Collembola (Arthropoda, Hexapoda) Unravels Rec | plazi:266B5D55F774FFE6FF7EFAAB46BEF954 Cryptopygus sphagneticola | plazi:266B5D55F70AFF98FF7EFE97450CFC3C Parisotoma ekmani | plazi:03D2AD21BD25A73F86CEF9A467A0875C Folsomotoma amyliuae Janion-Scheepers & Potapov & Deharveng 2023, sp. nov.",,,,,,,,
Q166,Podura aquatica,Podura,body_size,What is the body length of Podura aquatica?,51,"medline:4799991 [The biology of Podura aquatica (Linné) Collembole]. | medline:5481370 [The complex eye of Podura aquatica. A primitive double eye]. | medline:31015288 How does the water springtail optically locate suitable habitats? Spectral sensitivity of  | medline:18089059 Ultrastructural changes in the midgut epithelium in Podura aquatica L. (Insecta, Collembol | medline:736542 Microbial succession and mineral leaching in an artificial coal spoil. | medline:12061958 Were the first springtails semi-aquatic? A phylogenetic approach by means of 28S rDNA and  | medline:23515073 The spermatogenesis and oogenesis of the springtail Podura aquatica Linné, 1758 (Hexapoda: | medline:27312471 Polarization sensitivity in Collembola: an experimental study of polarotaxis in the water- | medline:16024395 Mitochondrial genomes suggest that hexapods and crustaceans are mutually paraphyletic. | medline:37161456 On latches in biological systems: a comparative morphological and functional study of the  | pmc:PMC10169344 On latches in biological systems: a comparative morphological and functional study of the  | pmc:PMC3131029 Effects of ecological flooding on the temporal and spatial dynamics of carabid beetles (Co | pmc:PMC11809032 Long-read sequencing and genome assembly of natural history collection samples and challen | pmc:PMC11463647 Long-read sequencing and genome assembly of natural history collection samples and challen | pmc:PMC5769716 Riparian Collembola ( Hexapoda ) communities of northern Moldova, Eastern Europe | pmc:PMC7153868 Phylomitogenomic analyses on collembolan higher taxa with enhanced taxon sampling and disc | pmc:PMC7706535 The mitochondrial genome of the springtail Bourletiella arvalis (Symphypleona, Collembola) | pmc:PMC9433435 Mitogenome selection in the evolution of key ecological strategies in the ancient hexapod  | pmc:PMC10230187 Wolbachia springs eternal: symbiosis in Collembola is associated with host ecology | pmc:PMC6559962 The role of detritivory as a feeding tactic in a harsh environment – a case study of weath | pmc:PMC7718165 Data on three-year monitoring of benthic macroinvertebrates in ditches of the orchard regi | pmc:PMC11942941 Euedaphic Rather than Hemiedaphic or Epedaphic Collembola Are More Sensitive to Different  | pmc:PMC12112178 Morpho-Molecular Discordance and Cryptic Diversity in Jumping Bristletails: A Mitogenomic  | pmc:PMC11129290 Nitidane: An Irregular Prenylated Diterpene from the Cuticle of the Springtail Heteromurus | pmc:PMC7824276 Re-Evaluating the Internal Phylogenetic Relationships of Collembola by Means of Mitogenome | pmc:PMC11959583 Curvisetone—A Male-Specific Tricyclic nor-Diterpenoid from the Springtail Sinella curviset | pmc:PMC11321324 The unique epicuticular chemistry of Collembola – A cross-species analysis | pmc:PMC3800792 An introduction to Iranian Collembola (Hexapoda): an update to the species list | pmc:PMC4657359 Phylogenetic position of Loricifera inferred from nearly complete 18S and 28S rRNA gene se | pmc:PMC6383892 Chemical analysis of Brasilimeria Stach, 1949 (Hexapoda, Collembola, Neanuridae) hemolymph | pmc:PMC8093735 Food resource partitioning between juvenile and mature weatherfish Misgurnus fossilis | pmc:PMC2681477 IMGD: an integrated platform supporting comparative genomics and phylogenetics of insect m | pmc:PMC4323385 The Complete Mitochondrial Genomes of Three Bristletails (Insecta: Archaeognatha): The Par | pmc:PMC2483729 The complete mitochondrial genome of the Antarctic springtail Cryptopygus antarcticus (Hex | pmc:PMC9170594 Shotgun metagenomics of soil invertebrate communities reflects taxonomy, biomass, and refe | pmc:PMC5308789 The role of dispersal mode and habitat specialization for metacommunity structure of shall | pmc:PMC10525125 Taxonomic Composition and Salinity Tolerance of Macrozoobenthos in Small Rivers of the Sou | pmc:PMC3914688 Comparative Analysis of Mitochondrial Genomes in Diplura (Hexapoda, Arthropoda): Taxon Sam | pmc:PMC4494283 Adaptations and Predispositions of Different Middle European Arthropod Taxa (Collembola, A | pmc:PMC10825826 Cyclopropane Hydrocarbons from the Springtail Vertagopus sarekensis—A New Class of Cuticul | pmc:PMC6858819 Effects of miniaturization in the anatomy of the minute springtail Mesaphorura sylvatica ( | pmc:10.3897/asp.81.e104522 Breakaway from a globular body shape: molecular phylogeny reveals the evolutionary history | pmc:PMC4553544 A Holarctic Biogeographical Analysis of the Collembola (Arthropoda, Hexapoda) Unravels Rec | pmc:10.11646/zootaxa.5275.1.1 An annotated checklist of the Collembola (Hexapoda) from Iran | pmc:PMC12733737 Comparative Mitogenomics of Pedetontus and Pedetontinus (Insecta: Archaeognatha) Unveils P | plazi:6607879FFF969324D0F8FAC2BDC8FA25 Epistylis podurae Dumas 1930 | plazi:4F034B6EFFB83574D9CBFA0D3C6EF9ED Poduridae Latreille 1804 | plazi:721B6E0C8C14FFABFF382355A9102519 Podura aquatica Linnaeus 1758 | plazi:266B5D55F747FFDAFF7EF9D6457DFEF5 Podura aquatica Linnaeus 1758 | plazi:03CF878BFFA6C26420075CB3FD5EABF1 Podura aquatica Linnaeus 1758 | plazi:D310DE2331D8A03A4FF9F94F7FCFD26C Podura aquatica Linnaeus, 1758, spec. nov.",,,,,,,,
Q167,Podura aquatica,Podura,habitat,What is the habitat of Podura aquatica?,51,"medline:4799991 [The biology of Podura aquatica (Linné) Collembole]. | medline:5481370 [The complex eye of Podura aquatica. A primitive double eye]. | medline:31015288 How does the water springtail optically locate suitable habitats? Spectral sensitivity of  | medline:18089059 Ultrastructural changes in the midgut epithelium in Podura aquatica L. (Insecta, Collembol | medline:736542 Microbial succession and mineral leaching in an artificial coal spoil. | medline:12061958 Were the first springtails semi-aquatic? A phylogenetic approach by means of 28S rDNA and  | medline:23515073 The spermatogenesis and oogenesis of the springtail Podura aquatica Linné, 1758 (Hexapoda: | medline:27312471 Polarization sensitivity in Collembola: an experimental study of polarotaxis in the water- | medline:16024395 Mitochondrial genomes suggest that hexapods and crustaceans are mutually paraphyletic. | medline:37161456 On latches in biological systems: a comparative morphological and functional study of the  | pmc:PMC10169344 On latches in biological systems: a comparative morphological and functional study of the  | pmc:PMC3131029 Effects of ecological flooding on the temporal and spatial dynamics of carabid beetles (Co | pmc:PMC11809032 Long-read sequencing and genome assembly of natural history collection samples and challen | pmc:PMC11463647 Long-read sequencing and genome assembly of natural history collection samples and challen | pmc:PMC5769716 Riparian Collembola ( Hexapoda ) communities of northern Moldova, Eastern Europe | pmc:PMC7153868 Phylomitogenomic analyses on collembolan higher taxa with enhanced taxon sampling and disc | pmc:PMC7706535 The mitochondrial genome of the springtail Bourletiella arvalis (Symphypleona, Collembola) | pmc:PMC9433435 Mitogenome selection in the evolution of key ecological strategies in the ancient hexapod  | pmc:PMC10230187 Wolbachia springs eternal: symbiosis in Collembola is associated with host ecology | pmc:PMC6559962 The role of detritivory as a feeding tactic in a harsh environment – a case study of weath | pmc:PMC7718165 Data on three-year monitoring of benthic macroinvertebrates in ditches of the orchard regi | pmc:PMC11942941 Euedaphic Rather than Hemiedaphic or Epedaphic Collembola Are More Sensitive to Different  | pmc:PMC12112178 Morpho-Molecular Discordance and Cryptic Diversity in Jumping Bristletails: A Mitogenomic  | pmc:PMC11129290 Nitidane: An Irregular Prenylated Diterpene from the Cuticle of the Springtail Heteromurus | pmc:PMC7824276 Re-Evaluating the Internal Phylogenetic Relationships of Collembola by Means of Mitogenome | pmc:PMC11959583 Curvisetone—A Male-Specific Tricyclic nor-Diterpenoid from the Springtail Sinella curviset | pmc:PMC11321324 The unique epicuticular chemistry of Collembola – A cross-species analysis | pmc:PMC3800792 An introduction to Iranian Collembola (Hexapoda): an update to the species list | pmc:PMC4657359 Phylogenetic position of Loricifera inferred from nearly complete 18S and 28S rRNA gene se | pmc:PMC6383892 Chemical analysis of Brasilimeria Stach, 1949 (Hexapoda, Collembola, Neanuridae) hemolymph | pmc:PMC8093735 Food resource partitioning between juvenile and mature weatherfish Misgurnus fossilis | pmc:PMC2681477 IMGD: an integrated platform supporting comparative genomics and phylogenetics of insect m | pmc:PMC4323385 The Complete Mitochondrial Genomes of Three Bristletails (Insecta: Archaeognatha): The Par | pmc:PMC2483729 The complete mitochondrial genome of the Antarctic springtail Cryptopygus antarcticus (Hex | pmc:PMC9170594 Shotgun metagenomics of soil invertebrate communities reflects taxonomy, biomass, and refe | pmc:PMC5308789 The role of dispersal mode and habitat specialization for metacommunity structure of shall | pmc:PMC10525125 Taxonomic Composition and Salinity Tolerance of Macrozoobenthos in Small Rivers of the Sou | pmc:PMC3914688 Comparative Analysis of Mitochondrial Genomes in Diplura (Hexapoda, Arthropoda): Taxon Sam | pmc:PMC4494283 Adaptations and Predispositions of Different Middle European Arthropod Taxa (Collembola, A | pmc:PMC10825826 Cyclopropane Hydrocarbons from the Springtail Vertagopus sarekensis—A New Class of Cuticul | pmc:PMC6858819 Effects of miniaturization in the anatomy of the minute springtail Mesaphorura sylvatica ( | pmc:10.3897/asp.81.e104522 Breakaway from a globular body shape: molecular phylogeny reveals the evolutionary history | pmc:PMC4553544 A Holarctic Biogeographical Analysis of the Collembola (Arthropoda, Hexapoda) Unravels Rec | pmc:10.11646/zootaxa.5275.1.1 An annotated checklist of the Collembola (Hexapoda) from Iran | pmc:PMC12733737 Comparative Mitogenomics of Pedetontus and Pedetontinus (Insecta: Archaeognatha) Unveils P | plazi:6607879FFF969324D0F8FAC2BDC8FA25 Epistylis podurae Dumas 1930 | plazi:4F034B6EFFB83574D9CBFA0D3C6EF9ED Poduridae Latreille 1804 | plazi:721B6E0C8C14FFABFF382355A9102519 Podura aquatica Linnaeus 1758 | plazi:266B5D55F747FFDAFF7EF9D6457DFEF5 Podura aquatica Linnaeus 1758 | plazi:03CF878BFFA6C26420075CB3FD5EABF1 Podura aquatica Linnaeus 1758 | plazi:D310DE2331D8A03A4FF9F94F7FCFD26C Podura aquatica Linnaeus, 1758, spec. nov.",,,,,,,,
Q168,Podura aquatica,Podura,trophic_guild,What does Podura aquatica feed on?,51,"medline:4799991 [The biology of Podura aquatica (Linné) Collembole]. | medline:5481370 [The complex eye of Podura aquatica. A primitive double eye]. | medline:31015288 How does the water springtail optically locate suitable habitats? Spectral sensitivity of  | medline:18089059 Ultrastructural changes in the midgut epithelium in Podura aquatica L. (Insecta, Collembol | medline:736542 Microbial succession and mineral leaching in an artificial coal spoil. | medline:12061958 Were the first springtails semi-aquatic? A phylogenetic approach by means of 28S rDNA and  | medline:23515073 The spermatogenesis and oogenesis of the springtail Podura aquatica Linné, 1758 (Hexapoda: | medline:27312471 Polarization sensitivity in Collembola: an experimental study of polarotaxis in the water- | medline:16024395 Mitochondrial genomes suggest that hexapods and crustaceans are mutually paraphyletic. | medline:37161456 On latches in biological systems: a comparative morphological and functional study of the  | pmc:PMC10169344 On latches in biological systems: a comparative morphological and functional study of the  | pmc:PMC3131029 Effects of ecological flooding on the temporal and spatial dynamics of carabid beetles (Co | pmc:PMC11809032 Long-read sequencing and genome assembly of natural history collection samples and challen | pmc:PMC11463647 Long-read sequencing and genome assembly of natural history collection samples and challen | pmc:PMC5769716 Riparian Collembola ( Hexapoda ) communities of northern Moldova, Eastern Europe | pmc:PMC7153868 Phylomitogenomic analyses on collembolan higher taxa with enhanced taxon sampling and disc | pmc:PMC7706535 The mitochondrial genome of the springtail Bourletiella arvalis (Symphypleona, Collembola) | pmc:PMC9433435 Mitogenome selection in the evolution of key ecological strategies in the ancient hexapod  | pmc:PMC10230187 Wolbachia springs eternal: symbiosis in Collembola is associated with host ecology | pmc:PMC6559962 The role of detritivory as a feeding tactic in a harsh environment – a case study of weath | pmc:PMC7718165 Data on three-year monitoring of benthic macroinvertebrates in ditches of the orchard regi | pmc:PMC11942941 Euedaphic Rather than Hemiedaphic or Epedaphic Collembola Are More Sensitive to Different  | pmc:PMC12112178 Morpho-Molecular Discordance and Cryptic Diversity in Jumping Bristletails: A Mitogenomic  | pmc:PMC11129290 Nitidane: An Irregular Prenylated Diterpene from the Cuticle of the Springtail Heteromurus | pmc:PMC7824276 Re-Evaluating the Internal Phylogenetic Relationships of Collembola by Means of Mitogenome | pmc:PMC11959583 Curvisetone—A Male-Specific Tricyclic nor-Diterpenoid from the Springtail Sinella curviset | pmc:PMC11321324 The unique epicuticular chemistry of Collembola – A cross-species analysis | pmc:PMC3800792 An introduction to Iranian Collembola (Hexapoda): an update to the species list | pmc:PMC4657359 Phylogenetic position of Loricifera inferred from nearly complete 18S and 28S rRNA gene se | pmc:PMC6383892 Chemical analysis of Brasilimeria Stach, 1949 (Hexapoda, Collembola, Neanuridae) hemolymph | pmc:PMC8093735 Food resource partitioning between juvenile and mature weatherfish Misgurnus fossilis | pmc:PMC2681477 IMGD: an integrated platform supporting comparative genomics and phylogenetics of insect m | pmc:PMC4323385 The Complete Mitochondrial Genomes of Three Bristletails (Insecta: Archaeognatha): The Par | pmc:PMC2483729 The complete mitochondrial genome of the Antarctic springtail Cryptopygus antarcticus (Hex | pmc:PMC9170594 Shotgun metagenomics of soil invertebrate communities reflects taxonomy, biomass, and refe | pmc:PMC5308789 The role of dispersal mode and habitat specialization for metacommunity structure of shall | pmc:PMC10525125 Taxonomic Composition and Salinity Tolerance of Macrozoobenthos in Small Rivers of the Sou | pmc:PMC3914688 Comparative Analysis of Mitochondrial Genomes in Diplura (Hexapoda, Arthropoda): Taxon Sam | pmc:PMC4494283 Adaptations and Predispositions of Different Middle European Arthropod Taxa (Collembola, A | pmc:PMC10825826 Cyclopropane Hydrocarbons from the Springtail Vertagopus sarekensis—A New Class of Cuticul | pmc:PMC6858819 Effects of miniaturization in the anatomy of the minute springtail Mesaphorura sylvatica ( | pmc:10.3897/asp.81.e104522 Breakaway from a globular body shape: molecular phylogeny reveals the evolutionary history | pmc:PMC4553544 A Holarctic Biogeographical Analysis of the Collembola (Arthropoda, Hexapoda) Unravels Rec | pmc:10.11646/zootaxa.5275.1.1 An annotated checklist of the Collembola (Hexapoda) from Iran | pmc:PMC12733737 Comparative Mitogenomics of Pedetontus and Pedetontinus (Insecta: Archaeognatha) Unveils P | plazi:6607879FFF969324D0F8FAC2BDC8FA25 Epistylis podurae Dumas 1930 | plazi:4F034B6EFFB83574D9CBFA0D3C6EF9ED Poduridae Latreille 1804 | plazi:721B6E0C8C14FFABFF382355A9102519 Podura aquatica Linnaeus 1758 | plazi:266B5D55F747FFDAFF7EF9D6457DFEF5 Podura aquatica Linnaeus 1758 | plazi:03CF878BFFA6C26420075CB3FD5EABF1 Podura aquatica Linnaeus 1758 | plazi:D310DE2331D8A03A4FF9F94F7FCFD26C Podura aquatica Linnaeus, 1758, spec. nov.",,,,,,,,
Q169,Proisotomodes bipunctatus,Proisotomodes,body_size,What is the body length of Proisotomodes bipunctatus?,7,pmc:10.3897/subtbiol.40.69808 A comparison of collecting methods in relation to the diversity of Collembola in scree hab | pmc:PMC6305484 Differences in collembola species assemblages (Arthropoda) between spoil tips and surround | pmc:PMC4467183 Collembolan species diversity of calcareous canyons in the Republic of Moldova | pmc:PMC3689120 Taxonomy of the Cryptopygus complex. I. Pauropygus - a new worldwide littoral genus (Colle | pmc:PMC7351832 Taxonomy of the Cryptopygus complex. III. The revision of South African species of Cryptop | plazi:502187F3DD5AFF9CFF34FA960A72FA60 Proisotomodes bipunctatus | plazi:03AA531A0F5C3533FFA8588AFCD0A356 Proisotomodes bipunctatus,,,,,,,,
Q170,Proisotomodes bipunctatus,Proisotomodes,habitat,What is the habitat of Proisotomodes bipunctatus?,7,pmc:10.3897/subtbiol.40.69808 A comparison of collecting methods in relation to the diversity of Collembola in scree hab | pmc:PMC6305484 Differences in collembola species assemblages (Arthropoda) between spoil tips and surround | pmc:PMC4467183 Collembolan species diversity of calcareous canyons in the Republic of Moldova | pmc:PMC3689120 Taxonomy of the Cryptopygus complex. I. Pauropygus - a new worldwide littoral genus (Colle | pmc:PMC7351832 Taxonomy of the Cryptopygus complex. III. The revision of South African species of Cryptop | plazi:502187F3DD5AFF9CFF34FA960A72FA60 Proisotomodes bipunctatus | plazi:03AA531A0F5C3533FFA8588AFCD0A356 Proisotomodes bipunctatus,,,,,,,,
Q171,Proisotomodes bipunctatus,Proisotomodes,trophic_guild,What does Proisotomodes bipunctatus feed on?,7,pmc:10.3897/subtbiol.40.69808 A comparison of collecting methods in relation to the diversity of Collembola in scree hab | pmc:PMC6305484 Differences in collembola species assemblages (Arthropoda) between spoil tips and surround | pmc:PMC4467183 Collembolan species diversity of calcareous canyons in the Republic of Moldova | pmc:PMC3689120 Taxonomy of the Cryptopygus complex. I. Pauropygus - a new worldwide littoral genus (Colle | pmc:PMC7351832 Taxonomy of the Cryptopygus complex. III. The revision of South African species of Cryptop | plazi:502187F3DD5AFF9CFF34FA960A72FA60 Proisotomodes bipunctatus | plazi:03AA531A0F5C3533FFA8588AFCD0A356 Proisotomodes bipunctatus,,,,,,,,
Q172,Protaphorura armata,Protaphorura,body_size,What is the body length of Protaphorura armata?,55,"medline:16099977 Soil invertebrates disrupt carbon flow through fungal networks. | medline:15503529 Endogenous free fatty acids repel and attract Collembola. | medline:17148177 Selective foraging of fungi by collembolans in soil. | medline:16310913 Consequences for Protaphorura armata (Collembola: Onychiuridae) following exposure to gene | medline:14759660 Cold and drought stress in combination with pyrene exposure: studies with Protaphorura arm | medline:15488527 Modelling the movement of a soil insect. | medline:17205807 [Interrelationships between yeast fungi and collembolans in soil]. | medline:15380394 Irregular walks and loops combines in small-scale movement of a soil insect: implications  | medline:21420507 Brain organization in Collembola (springtails). | medline:31032040 Collembola interact with mycorrhizal fungi in modifying oak morphology, C and N incorporat | medline:26185845 Two new species and one new country record of Protaphorura Absolon, 1901 (Collembola: Onyc | medline:12770436 Temperature dependence and acclimatory response of amylase in the High Arctic springtail O | medline:22678109 Soil organisms shape the competition between grassland plant species. | medline:18654802 Earthworms, Collembola and residue management change wheat (Triticum aestivum) and herbivo | medline:15021980 Growth and reproduction of fungal feeding Collembola as affected by fungal species, melani | pmc:10.3897/subtbiol.16.8609 Food sources of selected terrestrial cave arthropods | pmc:10.3897/subtbiol.40.69808 A comparison of collecting methods in relation to the diversity of Collembola in scree hab | pmc:PMC9864308 Warming in Cold Seasons Increases the Abundance of Ground-Dwelling Collembola in Permafros | pmc:PMC6458381 Collembola interact with mycorrhizal fungi in modifying oak morphology, C and N incorporat | pmc:PMC8654951 Ectomycorrhizal fungus supports endogenous rhythmic growth and corresponding resource allo | pmc:PMC6117009 Response of Collembola and Acari communities to summer flooding in a grassland plant diver | pmc:PMC12050398 Mixed forests with native species mitigate impacts of introduced Douglas fir on soil decom | pmc:10.11646/zootaxa.1226.1.3 Description of the pupa and observations on the distribution, ecology, and life history of | pmc:PMC2637264 Epicuticular lipids induce aggregation in Chagas disease vectors | pmc:PMC6851989 Drought decreases incorporation of recent plant photosynthate into soil food webs regardle | pmc:PMC4292314 Fungal secondary metabolite dynamics in fungus–grazer interactions: novel insights and una | pmc:PMC6305484 Differences in collembola species assemblages (Arthropoda) between spoil tips and surround | pmc:PMC12547479 StrataSeq : A Workflow for Rapid Development of Molecular Databases for Hard‐To‐Identify S | pmc:PMC4467183 Collembolan species diversity of calcareous canyons in the Republic of Moldova | pmc:PMC5557941 Delimiting species of Protaphorura (Collembola: Onychiuridae): integrative evidence based  | pmc:PMC5769716 Riparian Collembola ( Hexapoda ) communities of northern Moldova, Eastern Europe | pmc:PMC4829882 Biofilm feeding: Microbial colonization of food promotes the growth of a detritivorous art | pmc:PMC6599674 Marshland restoration benefits Collembola recruitment: a long-term chronosequence study in | pmc:PMC6163862 Habitat Structure, Quality and Landscape Predict Species Richness and Communities of Colle | pmc:PMC10878821 Ecological functions of fungal sesquiterpenes in the food preference and fitness of soil C | pmc:PMC3021706 Inconsistent impacts of decomposer diversity on the stability of aboveground and belowgrou | pmc:10.11646/zootaxa.5659.3.4 Two new luminous species of Neanuridae (Collembola) and the discovery of bioluminescence i | pmc:PMC5696395 Neutral lipid fatty acid composition as trait and constraint in Collembola evolution | pmc:PMC11537059 Effects of mycotoxin-producing fungi on the fitness and gut bacterial community of the soi | pmc:PMC4494283 Adaptations and Predispositions of Different Middle European Arthropod Taxa (Collembola, A | pmc:PMC4440272 Updated list of Collembola species currently recorded from South Africa | pmc:PMC8571575 The iDiv Ecotron—A flexible research platform for multitrophic biodiversity research | pmc:PMC6858819 Effects of miniaturization in the anatomy of the minute springtail Mesaphorura sylvatica ( | pmc:PMC4553544 A Holarctic Biogeographical Analysis of the Collembola (Arthropoda, Hexapoda) Unravels Rec | pmc:PMC12480435 Soil Allies: Exploring the Combined Potential of Folsomia candida and Trichoderma spp. Aga | pmc:PMC4350297 The oak gene expression atlas: insights into Fagaceae genome evolution and the discovery o | pmc:10.11646/zootaxa.5147.1.1 Catalogue of Vietnamese springtails (Hexapoda, Collembola) | plazi:1E482D44FFE9F479FF36FAC491C9FA03 Onychiuridae | plazi:E03187B3FFB6D461FF31F1A3FA29FD8F Protaphorura armata Tullberg 1869 | plazi:DE3DBD36FFC3DC6CE08BF903FA45FE75 Protaphorura armata | plazi:502187F3DD46FF81FF34F8090D03FE0C Protaphorura armata | plazi:038A8793FFB5677354C6FB16FE52F9BC Protaphorura armata | plazi:03AA531A0F583537FFA85E6DFB1CA22C Protaphorura armata | plazi:03CF878BFFBEC27D229559A0FA87ADB9 Protaphorura armata sensu Gisin 1952 | plazi:B07987C2C359FF80FEDFF9C01BE8AD21 Quedius spelaeus subsp. spelaeus Horn 1871",,,,,,,,
Q173,Protaphorura armata,Protaphorura,habitat,What is the habitat of Protaphorura armata?,55,"medline:16099977 Soil invertebrates disrupt carbon flow through fungal networks. | medline:15503529 Endogenous free fatty acids repel and attract Collembola. | medline:17148177 Selective foraging of fungi by collembolans in soil. | medline:16310913 Consequences for Protaphorura armata (Collembola: Onychiuridae) following exposure to gene | medline:14759660 Cold and drought stress in combination with pyrene exposure: studies with Protaphorura arm | medline:15488527 Modelling the movement of a soil insect. | medline:17205807 [Interrelationships between yeast fungi and collembolans in soil]. | medline:15380394 Irregular walks and loops combines in small-scale movement of a soil insect: implications  | medline:21420507 Brain organization in Collembola (springtails). | medline:31032040 Collembola interact with mycorrhizal fungi in modifying oak morphology, C and N incorporat | medline:26185845 Two new species and one new country record of Protaphorura Absolon, 1901 (Collembola: Onyc | medline:12770436 Temperature dependence and acclimatory response of amylase in the High Arctic springtail O | medline:22678109 Soil organisms shape the competition between grassland plant species. | medline:18654802 Earthworms, Collembola and residue management change wheat (Triticum aestivum) and herbivo | medline:15021980 Growth and reproduction of fungal feeding Collembola as affected by fungal species, melani | pmc:10.3897/subtbiol.16.8609 Food sources of selected terrestrial cave arthropods | pmc:10.3897/subtbiol.40.69808 A comparison of collecting methods in relation to the diversity of Collembola in scree hab | pmc:PMC9864308 Warming in Cold Seasons Increases the Abundance of Ground-Dwelling Collembola in Permafros | pmc:PMC6458381 Collembola interact with mycorrhizal fungi in modifying oak morphology, C and N incorporat | pmc:PMC8654951 Ectomycorrhizal fungus supports endogenous rhythmic growth and corresponding resource allo | pmc:PMC6117009 Response of Collembola and Acari communities to summer flooding in a grassland plant diver | pmc:PMC12050398 Mixed forests with native species mitigate impacts of introduced Douglas fir on soil decom | pmc:10.11646/zootaxa.1226.1.3 Description of the pupa and observations on the distribution, ecology, and life history of | pmc:PMC2637264 Epicuticular lipids induce aggregation in Chagas disease vectors | pmc:PMC6851989 Drought decreases incorporation of recent plant photosynthate into soil food webs regardle | pmc:PMC4292314 Fungal secondary metabolite dynamics in fungus–grazer interactions: novel insights and una | pmc:PMC6305484 Differences in collembola species assemblages (Arthropoda) between spoil tips and surround | pmc:PMC12547479 StrataSeq : A Workflow for Rapid Development of Molecular Databases for Hard‐To‐Identify S | pmc:PMC4467183 Collembolan species diversity of calcareous canyons in the Republic of Moldova | pmc:PMC5557941 Delimiting species of Protaphorura (Collembola: Onychiuridae): integrative evidence based  | pmc:PMC5769716 Riparian Collembola ( Hexapoda ) communities of northern Moldova, Eastern Europe | pmc:PMC4829882 Biofilm feeding: Microbial colonization of food promotes the growth of a detritivorous art | pmc:PMC6599674 Marshland restoration benefits Collembola recruitment: a long-term chronosequence study in | pmc:PMC6163862 Habitat Structure, Quality and Landscape Predict Species Richness and Communities of Colle | pmc:PMC10878821 Ecological functions of fungal sesquiterpenes in the food preference and fitness of soil C | pmc:PMC3021706 Inconsistent impacts of decomposer diversity on the stability of aboveground and belowgrou | pmc:10.11646/zootaxa.5659.3.4 Two new luminous species of Neanuridae (Collembola) and the discovery of bioluminescence i | pmc:PMC5696395 Neutral lipid fatty acid composition as trait and constraint in Collembola evolution | pmc:PMC11537059 Effects of mycotoxin-producing fungi on the fitness and gut bacterial community of the soi | pmc:PMC4494283 Adaptations and Predispositions of Different Middle European Arthropod Taxa (Collembola, A | pmc:PMC4440272 Updated list of Collembola species currently recorded from South Africa | pmc:PMC8571575 The iDiv Ecotron—A flexible research platform for multitrophic biodiversity research | pmc:PMC6858819 Effects of miniaturization in the anatomy of the minute springtail Mesaphorura sylvatica ( | pmc:PMC4553544 A Holarctic Biogeographical Analysis of the Collembola (Arthropoda, Hexapoda) Unravels Rec | pmc:PMC12480435 Soil Allies: Exploring the Combined Potential of Folsomia candida and Trichoderma spp. Aga | pmc:PMC4350297 The oak gene expression atlas: insights into Fagaceae genome evolution and the discovery o | pmc:10.11646/zootaxa.5147.1.1 Catalogue of Vietnamese springtails (Hexapoda, Collembola) | plazi:1E482D44FFE9F479FF36FAC491C9FA03 Onychiuridae | plazi:E03187B3FFB6D461FF31F1A3FA29FD8F Protaphorura armata Tullberg 1869 | plazi:DE3DBD36FFC3DC6CE08BF903FA45FE75 Protaphorura armata | plazi:502187F3DD46FF81FF34F8090D03FE0C Protaphorura armata | plazi:038A8793FFB5677354C6FB16FE52F9BC Protaphorura armata | plazi:03AA531A0F583537FFA85E6DFB1CA22C Protaphorura armata | plazi:03CF878BFFBEC27D229559A0FA87ADB9 Protaphorura armata sensu Gisin 1952 | plazi:B07987C2C359FF80FEDFF9C01BE8AD21 Quedius spelaeus subsp. spelaeus Horn 1871",,,,,,,,
Q174,Protaphorura armata,Protaphorura,trophic_guild,What does Protaphorura armata feed on?,55,"medline:16099977 Soil invertebrates disrupt carbon flow through fungal networks. | medline:15503529 Endogenous free fatty acids repel and attract Collembola. | medline:17148177 Selective foraging of fungi by collembolans in soil. | medline:16310913 Consequences for Protaphorura armata (Collembola: Onychiuridae) following exposure to gene | medline:14759660 Cold and drought stress in combination with pyrene exposure: studies with Protaphorura arm | medline:15488527 Modelling the movement of a soil insect. | medline:17205807 [Interrelationships between yeast fungi and collembolans in soil]. | medline:15380394 Irregular walks and loops combines in small-scale movement of a soil insect: implications  | medline:21420507 Brain organization in Collembola (springtails). | medline:31032040 Collembola interact with mycorrhizal fungi in modifying oak morphology, C and N incorporat | medline:26185845 Two new species and one new country record of Protaphorura Absolon, 1901 (Collembola: Onyc | medline:12770436 Temperature dependence and acclimatory response of amylase in the High Arctic springtail O | medline:22678109 Soil organisms shape the competition between grassland plant species. | medline:18654802 Earthworms, Collembola and residue management change wheat (Triticum aestivum) and herbivo | medline:15021980 Growth and reproduction of fungal feeding Collembola as affected by fungal species, melani | pmc:10.3897/subtbiol.16.8609 Food sources of selected terrestrial cave arthropods | pmc:10.3897/subtbiol.40.69808 A comparison of collecting methods in relation to the diversity of Collembola in scree hab | pmc:PMC9864308 Warming in Cold Seasons Increases the Abundance of Ground-Dwelling Collembola in Permafros | pmc:PMC6458381 Collembola interact with mycorrhizal fungi in modifying oak morphology, C and N incorporat | pmc:PMC8654951 Ectomycorrhizal fungus supports endogenous rhythmic growth and corresponding resource allo | pmc:PMC6117009 Response of Collembola and Acari communities to summer flooding in a grassland plant diver | pmc:PMC12050398 Mixed forests with native species mitigate impacts of introduced Douglas fir on soil decom | pmc:10.11646/zootaxa.1226.1.3 Description of the pupa and observations on the distribution, ecology, and life history of | pmc:PMC2637264 Epicuticular lipids induce aggregation in Chagas disease vectors | pmc:PMC6851989 Drought decreases incorporation of recent plant photosynthate into soil food webs regardle | pmc:PMC4292314 Fungal secondary metabolite dynamics in fungus–grazer interactions: novel insights and una | pmc:PMC6305484 Differences in collembola species assemblages (Arthropoda) between spoil tips and surround | pmc:PMC12547479 StrataSeq : A Workflow for Rapid Development of Molecular Databases for Hard‐To‐Identify S | pmc:PMC4467183 Collembolan species diversity of calcareous canyons in the Republic of Moldova | pmc:PMC5557941 Delimiting species of Protaphorura (Collembola: Onychiuridae): integrative evidence based  | pmc:PMC5769716 Riparian Collembola ( Hexapoda ) communities of northern Moldova, Eastern Europe | pmc:PMC4829882 Biofilm feeding: Microbial colonization of food promotes the growth of a detritivorous art | pmc:PMC6599674 Marshland restoration benefits Collembola recruitment: a long-term chronosequence study in | pmc:PMC6163862 Habitat Structure, Quality and Landscape Predict Species Richness and Communities of Colle | pmc:PMC10878821 Ecological functions of fungal sesquiterpenes in the food preference and fitness of soil C | pmc:PMC3021706 Inconsistent impacts of decomposer diversity on the stability of aboveground and belowgrou | pmc:10.11646/zootaxa.5659.3.4 Two new luminous species of Neanuridae (Collembola) and the discovery of bioluminescence i | pmc:PMC5696395 Neutral lipid fatty acid composition as trait and constraint in Collembola evolution | pmc:PMC11537059 Effects of mycotoxin-producing fungi on the fitness and gut bacterial community of the soi | pmc:PMC4494283 Adaptations and Predispositions of Different Middle European Arthropod Taxa (Collembola, A | pmc:PMC4440272 Updated list of Collembola species currently recorded from South Africa | pmc:PMC8571575 The iDiv Ecotron—A flexible research platform for multitrophic biodiversity research | pmc:PMC6858819 Effects of miniaturization in the anatomy of the minute springtail Mesaphorura sylvatica ( | pmc:PMC4553544 A Holarctic Biogeographical Analysis of the Collembola (Arthropoda, Hexapoda) Unravels Rec | pmc:PMC12480435 Soil Allies: Exploring the Combined Potential of Folsomia candida and Trichoderma spp. Aga | pmc:PMC4350297 The oak gene expression atlas: insights into Fagaceae genome evolution and the discovery o | pmc:10.11646/zootaxa.5147.1.1 Catalogue of Vietnamese springtails (Hexapoda, Collembola) | plazi:1E482D44FFE9F479FF36FAC491C9FA03 Onychiuridae | plazi:E03187B3FFB6D461FF31F1A3FA29FD8F Protaphorura armata Tullberg 1869 | plazi:DE3DBD36FFC3DC6CE08BF903FA45FE75 Protaphorura armata | plazi:502187F3DD46FF81FF34F8090D03FE0C Protaphorura armata | plazi:038A8793FFB5677354C6FB16FE52F9BC Protaphorura armata | plazi:03AA531A0F583537FFA85E6DFB1CA22C Protaphorura armata | plazi:03CF878BFFBEC27D229559A0FA87ADB9 Protaphorura armata sensu Gisin 1952 | plazi:B07987C2C359FF80FEDFF9C01BE8AD21 Quedius spelaeus subsp. spelaeus Horn 1871",,,,,,,,
Q175,Protaphorura fimata,Protaphorura,body_size,What is the body length of Protaphorura fimata?,35,"medline:29361113 Repellent Effects of Insecticides Against Protaphorura fimata (Collembola: Poduromorpha: O | medline:36095674 Two new species and two new records of Onychiurinae (Collembola, Onychiuridae) from the Ni | medline:15142535 Effects of fungal food quality and starvation on the fatty acid composition of Protaphorur | medline:36234404 Avoidance Behaviour of Six Collembolan Species Shows Species-Specific Sensitivity-Impact o | medline:22311422 Molecular and life-history effects of a natural toxin on herbivorous and non-target soil a | medline:26470124 Evidence of Protaphorura fimata (Collembola: Poduromorpha: Onychiuridae) feeding on germin | medline:14686939 Detection and phylogenetic analysis of Wolbachia in Collembola. | medline:26428866 Accumulation of free amino acids during exposure to drought in three springtail species. | medline:29733305 Fatty Acid 13C Isotopologue Profiling Provides Insight into Trophic Carbon Transfer and Li | medline:15619097 Arbuscular mycorrhiza and Collembola interact in affecting community composition of saprot | medline:28965147 Combined effects of drought and cold acclimation on phospholipid fatty acid composition an | medline:30303532 Prey-specific impact of cold pre-exposure on kill rate and reproduction. | pmc:10.11646/zootaxa.5182.5.3 Two new species and two new records of Onychiurinae (Collembola, Onychiuridae) from the Ni | pmc:PMC9565337 Avoidance Behaviour of Six Collembolan Species Shows Species-Specific Sensitivity—Impact o | pmc:PMC8366837 Improving the application of quantitative fatty acid signature analysis in soil food webs: | pmc:PMC3325419 Molecular and life-history effects of a natural toxin on herbivorous and non-target soil a | pmc:PMC11321324 The unique epicuticular chemistry of Collembola – A cross-species analysis | pmc:PMC3781341 Plant-mediated links between detritivores and aboveground herbivores | pmc:PMC7154743 Invasive non‐native species likely to threaten biodiversity and ecosystems in the Antarcti | pmc:PMC3800792 An introduction to Iranian Collembola (Hexapoda): an update to the species list | pmc:PMC7294889 Basal tolerance but not plasticity gives invasive springtails the advantage in an assembla | pmc:PMC6387494 Protura are unique: first evidence of specialized feeding on ectomycorrhizal fungi in soil | pmc:PMC6383892 Chemical analysis of Brasilimeria Stach, 1949 (Hexapoda, Collembola, Neanuridae) hemolymph | pmc:PMC3619962 Global Collembola on Deception Island | pmc:PMC5696395 Neutral lipid fatty acid composition as trait and constraint in Collembola evolution | pmc:10.3897/subtbiol.40.69808 A comparison of collecting methods in relation to the diversity of Collembola in scree hab | pmc:PMC9846479 The Resilience of Polar Collembola (Springtails) in a Changing Climate | pmc:PMC5102424 Collembola of the genus Protaphorura Absolon, 1901 ( Onychiuridae ) in the Eastern Palearc | pmc:10.11646/zootaxa.5275.1.1 An annotated checklist of the Collembola (Hexapoda) from Iran | pmc:PMC7009882 Scientific Opinion addressing the state of the science on risk assessment of plant protect | plazi:03CF878BFFBFC27D22A35DE2FC81A842 Protaphorura fimata | plazi:DE3DBD36FFC3DC6CE3D7FE64FAFAFC88 Protaphorura fimata | plazi:038A8793FFB4677254C6FF4AFBDEFE4C Protaphorura fimata | plazi:460287B0FFA6E57318989A26FCE1F834 Protaphorura fimata | plazi:721B6E0C8C02FFBDFF382509A97A2311 Protaphorura fimata",,,,,,,,
Q176,Protaphorura fimata,Protaphorura,habitat,What is the habitat of Protaphorura fimata?,35,"medline:29361113 Repellent Effects of Insecticides Against Protaphorura fimata (Collembola: Poduromorpha: O | medline:36095674 Two new species and two new records of Onychiurinae (Collembola, Onychiuridae) from the Ni | medline:15142535 Effects of fungal food quality and starvation on the fatty acid composition of Protaphorur | medline:36234404 Avoidance Behaviour of Six Collembolan Species Shows Species-Specific Sensitivity-Impact o | medline:22311422 Molecular and life-history effects of a natural toxin on herbivorous and non-target soil a | medline:26470124 Evidence of Protaphorura fimata (Collembola: Poduromorpha: Onychiuridae) feeding on germin | medline:14686939 Detection and phylogenetic analysis of Wolbachia in Collembola. | medline:26428866 Accumulation of free amino acids during exposure to drought in three springtail species. | medline:29733305 Fatty Acid 13C Isotopologue Profiling Provides Insight into Trophic Carbon Transfer and Li | medline:15619097 Arbuscular mycorrhiza and Collembola interact in affecting community composition of saprot | medline:28965147 Combined effects of drought and cold acclimation on phospholipid fatty acid composition an | medline:30303532 Prey-specific impact of cold pre-exposure on kill rate and reproduction. | pmc:10.11646/zootaxa.5182.5.3 Two new species and two new records of Onychiurinae (Collembola, Onychiuridae) from the Ni | pmc:PMC9565337 Avoidance Behaviour of Six Collembolan Species Shows Species-Specific Sensitivity—Impact o | pmc:PMC8366837 Improving the application of quantitative fatty acid signature analysis in soil food webs: | pmc:PMC3325419 Molecular and life-history effects of a natural toxin on herbivorous and non-target soil a | pmc:PMC11321324 The unique epicuticular chemistry of Collembola – A cross-species analysis | pmc:PMC3781341 Plant-mediated links between detritivores and aboveground herbivores | pmc:PMC7154743 Invasive non‐native species likely to threaten biodiversity and ecosystems in the Antarcti | pmc:PMC3800792 An introduction to Iranian Collembola (Hexapoda): an update to the species list | pmc:PMC7294889 Basal tolerance but not plasticity gives invasive springtails the advantage in an assembla | pmc:PMC6387494 Protura are unique: first evidence of specialized feeding on ectomycorrhizal fungi in soil | pmc:PMC6383892 Chemical analysis of Brasilimeria Stach, 1949 (Hexapoda, Collembola, Neanuridae) hemolymph | pmc:PMC3619962 Global Collembola on Deception Island | pmc:PMC5696395 Neutral lipid fatty acid composition as trait and constraint in Collembola evolution | pmc:10.3897/subtbiol.40.69808 A comparison of collecting methods in relation to the diversity of Collembola in scree hab | pmc:PMC9846479 The Resilience of Polar Collembola (Springtails) in a Changing Climate | pmc:PMC5102424 Collembola of the genus Protaphorura Absolon, 1901 ( Onychiuridae ) in the Eastern Palearc | pmc:10.11646/zootaxa.5275.1.1 An annotated checklist of the Collembola (Hexapoda) from Iran | pmc:PMC7009882 Scientific Opinion addressing the state of the science on risk assessment of plant protect | plazi:03CF878BFFBFC27D22A35DE2FC81A842 Protaphorura fimata | plazi:DE3DBD36FFC3DC6CE3D7FE64FAFAFC88 Protaphorura fimata | plazi:038A8793FFB4677254C6FF4AFBDEFE4C Protaphorura fimata | plazi:460287B0FFA6E57318989A26FCE1F834 Protaphorura fimata | plazi:721B6E0C8C02FFBDFF382509A97A2311 Protaphorura fimata",,,,,,,,
Q177,Protaphorura fimata,Protaphorura,trophic_guild,What does Protaphorura fimata feed on?,35,"medline:29361113 Repellent Effects of Insecticides Against Protaphorura fimata (Collembola: Poduromorpha: O | medline:36095674 Two new species and two new records of Onychiurinae (Collembola, Onychiuridae) from the Ni | medline:15142535 Effects of fungal food quality and starvation on the fatty acid composition of Protaphorur | medline:36234404 Avoidance Behaviour of Six Collembolan Species Shows Species-Specific Sensitivity-Impact o | medline:22311422 Molecular and life-history effects of a natural toxin on herbivorous and non-target soil a | medline:26470124 Evidence of Protaphorura fimata (Collembola: Poduromorpha: Onychiuridae) feeding on germin | medline:14686939 Detection and phylogenetic analysis of Wolbachia in Collembola. | medline:26428866 Accumulation of free amino acids during exposure to drought in three springtail species. | medline:29733305 Fatty Acid 13C Isotopologue Profiling Provides Insight into Trophic Carbon Transfer and Li | medline:15619097 Arbuscular mycorrhiza and Collembola interact in affecting community composition of saprot | medline:28965147 Combined effects of drought and cold acclimation on phospholipid fatty acid composition an | medline:30303532 Prey-specific impact of cold pre-exposure on kill rate and reproduction. | pmc:10.11646/zootaxa.5182.5.3 Two new species and two new records of Onychiurinae (Collembola, Onychiuridae) from the Ni | pmc:PMC9565337 Avoidance Behaviour of Six Collembolan Species Shows Species-Specific Sensitivity—Impact o | pmc:PMC8366837 Improving the application of quantitative fatty acid signature analysis in soil food webs: | pmc:PMC3325419 Molecular and life-history effects of a natural toxin on herbivorous and non-target soil a | pmc:PMC11321324 The unique epicuticular chemistry of Collembola – A cross-species analysis | pmc:PMC3781341 Plant-mediated links between detritivores and aboveground herbivores | pmc:PMC7154743 Invasive non‐native species likely to threaten biodiversity and ecosystems in the Antarcti | pmc:PMC3800792 An introduction to Iranian Collembola (Hexapoda): an update to the species list | pmc:PMC7294889 Basal tolerance but not plasticity gives invasive springtails the advantage in an assembla | pmc:PMC6387494 Protura are unique: first evidence of specialized feeding on ectomycorrhizal fungi in soil | pmc:PMC6383892 Chemical analysis of Brasilimeria Stach, 1949 (Hexapoda, Collembola, Neanuridae) hemolymph | pmc:PMC3619962 Global Collembola on Deception Island | pmc:PMC5696395 Neutral lipid fatty acid composition as trait and constraint in Collembola evolution | pmc:10.3897/subtbiol.40.69808 A comparison of collecting methods in relation to the diversity of Collembola in scree hab | pmc:PMC9846479 The Resilience of Polar Collembola (Springtails) in a Changing Climate | pmc:PMC5102424 Collembola of the genus Protaphorura Absolon, 1901 ( Onychiuridae ) in the Eastern Palearc | pmc:10.11646/zootaxa.5275.1.1 An annotated checklist of the Collembola (Hexapoda) from Iran | pmc:PMC7009882 Scientific Opinion addressing the state of the science on risk assessment of plant protect | plazi:03CF878BFFBFC27D22A35DE2FC81A842 Protaphorura fimata | plazi:DE3DBD36FFC3DC6CE3D7FE64FAFAFC88 Protaphorura fimata | plazi:038A8793FFB4677254C6FF4AFBDEFE4C Protaphorura fimata | plazi:460287B0FFA6E57318989A26FCE1F834 Protaphorura fimata | plazi:721B6E0C8C02FFBDFF382509A97A2311 Protaphorura fimata",,,,,,,,
Q178,Protaphorura macfadyeni,Protaphorura,body_size,What is the body length of Protaphorura macfadyeni?,2,"medline:30196888 Screening of cold tolerance in fifteen springtail species. | pmc:PMC4553544 A Holarctic Biogeographical Analysis of the Collembola (Arthropoda, Hexapoda) Unravels Rec",,,,,,,,
Q179,Protaphorura macfadyeni,Protaphorura,habitat,What is the habitat of Protaphorura macfadyeni?,2,"medline:30196888 Screening of cold tolerance in fifteen springtail species. | pmc:PMC4553544 A Holarctic Biogeographical Analysis of the Collembola (Arthropoda, Hexapoda) Unravels Rec",,,,,,,,
Q180,Protaphorura macfadyeni,Protaphorura,trophic_guild,What does Protaphorura macfadyeni feed on?,2,"medline:30196888 Screening of cold tolerance in fifteen springtail species. | pmc:PMC4553544 A Holarctic Biogeographical Analysis of the Collembola (Arthropoda, Hexapoda) Unravels Rec",,,,,,,,
Q181,Protaphorura pannonica,Protaphorura,body_size,What is the body length of Protaphorura pannonica?,4,pmc:10.3897/subtbiol.40.69808 A comparison of collecting methods in relation to the diversity of Collembola in scree hab | pmc:PMC4467183 Collembolan species diversity of calcareous canyons in the Republic of Moldova | plazi:03CF878BFFBFC27A228B580CFD98A86A Protaphorura pannonica | plazi:DE3DBD36FFC3DC6CE3FFFC06FAD4FA6A Protaphorura pannonica,,,,,,,,
Q182,Protaphorura pannonica,Protaphorura,habitat,What is the habitat of Protaphorura pannonica?,4,pmc:10.3897/subtbiol.40.69808 A comparison of collecting methods in relation to the diversity of Collembola in scree hab | pmc:PMC4467183 Collembolan species diversity of calcareous canyons in the Republic of Moldova | plazi:03CF878BFFBFC27A228B580CFD98A86A Protaphorura pannonica | plazi:DE3DBD36FFC3DC6CE3FFFC06FAD4FA6A Protaphorura pannonica,,,,,,,,
Q183,Protaphorura pannonica,Protaphorura,trophic_guild,What does Protaphorura pannonica feed on?,4,pmc:10.3897/subtbiol.40.69808 A comparison of collecting methods in relation to the diversity of Collembola in scree hab | pmc:PMC4467183 Collembolan species diversity of calcareous canyons in the Republic of Moldova | plazi:03CF878BFFBFC27A228B580CFD98A86A Protaphorura pannonica | plazi:DE3DBD36FFC3DC6CE3FFFC06FAD4FA6A Protaphorura pannonica,,,,,,,,
Q184,Protaphorura subarmata,Protaphorura,body_size,What is the body length of Protaphorura subarmata?,4,pmc:PMC4467183 Collembolan species diversity of calcareous canyons in the Republic of Moldova | pmc:10.3897/subtbiol.40.69808 A comparison of collecting methods in relation to the diversity of Collembola in scree hab | plazi:03CF878BFFB8C27A21F85804FBDAA86B Protaphorura subarmata | plazi:038A8793FF88674E54C6FA68FCFAF904 Protaphorura subarmata,,,,,,,,
Q185,Protaphorura subarmata,Protaphorura,habitat,What is the habitat of Protaphorura subarmata?,4,pmc:PMC4467183 Collembolan species diversity of calcareous canyons in the Republic of Moldova | pmc:10.3897/subtbiol.40.69808 A comparison of collecting methods in relation to the diversity of Collembola in scree hab | plazi:03CF878BFFB8C27A21F85804FBDAA86B Protaphorura subarmata | plazi:038A8793FF88674E54C6FA68FCFAF904 Protaphorura subarmata,,,,,,,,
Q186,Protaphorura subarmata,Protaphorura,trophic_guild,What does Protaphorura subarmata feed on?,4,pmc:PMC4467183 Collembolan species diversity of calcareous canyons in the Republic of Moldova | pmc:10.3897/subtbiol.40.69808 A comparison of collecting methods in relation to the diversity of Collembola in scree hab | plazi:03CF878BFFB8C27A21F85804FBDAA86B Protaphorura subarmata | plazi:038A8793FF88674E54C6FA68FCFAF904 Protaphorura subarmata,,,,,,,,
Q187,Pseudachorutes dubius,Pseudachorutes,body_size,What is the body length of Pseudachorutes dubius?,14,"medline:36095652 New Pseudachorutes species Tullberg, 1871 (Collembola, Neanuridae) with a key to Iranian s | pmc:10.11646/zootaxa.5150.3.8 New Pseudachorutes species Tullberg, 1871 (Collembola, Neanuridae) with a key to Iranian s | pmc:10.3897/subtbiol.40.69808 A comparison of collecting methods in relation to the diversity of Collembola in scree hab | pmc:PMC3800792 An introduction to Iranian Collembola (Hexapoda): an update to the species list | pmc:PMC6163862 Habitat Structure, Quality and Landscape Predict Species Richness and Communities of Colle | pmc:PMC4553544 A Holarctic Biogeographical Analysis of the Collembola (Arthropoda, Hexapoda) Unravels Rec | pmc:10.11646/zootaxa.5275.1.1 An annotated checklist of the Collembola (Hexapoda) from Iran | pmc:10.11646/zootaxa.5147.1.1 Catalogue of Vietnamese springtails (Hexapoda, Collembola) | plazi:721B6E0C8C0AFFB5FF3820C9A97A24ED Pseudachorutes dubius Krausbauer 1898 | plazi:03AA531A0F563539FFA85A29FACAAE0B Pseudachorutes dubius Krausbauer 1898 | plazi:E03187B3FF80D457FF31F252FD1DF9E3 Pseudachorutes dubius Krausbauer 1898 | plazi:03FF6C3A8520FFC57A8C8E0BF7ACFACC Pseudachorutes dubius Krausbauer 1898 | plazi:0383FA7037788B72C66CF8AF5E67F7B5 Pseudachorutes dubius Krausbauer 1898 | plazi:BD19879DB83ABF589BB17DDF9074FB99 Pseudachorutes hyrcanicus Shayanmehr, Kaprus’, Ghobari, Yahyapour, Samani, Lafooraki & Sep",,,,,,,,
Q188,Pseudachorutes dubius,Pseudachorutes,habitat,What is the habitat of Pseudachorutes dubius?,14,"medline:36095652 New Pseudachorutes species Tullberg, 1871 (Collembola, Neanuridae) with a key to Iranian s | pmc:10.11646/zootaxa.5150.3.8 New Pseudachorutes species Tullberg, 1871 (Collembola, Neanuridae) with a key to Iranian s | pmc:10.3897/subtbiol.40.69808 A comparison of collecting methods in relation to the diversity of Collembola in scree hab | pmc:PMC3800792 An introduction to Iranian Collembola (Hexapoda): an update to the species list | pmc:PMC6163862 Habitat Structure, Quality and Landscape Predict Species Richness and Communities of Colle | pmc:PMC4553544 A Holarctic Biogeographical Analysis of the Collembola (Arthropoda, Hexapoda) Unravels Rec | pmc:10.11646/zootaxa.5275.1.1 An annotated checklist of the Collembola (Hexapoda) from Iran | pmc:10.11646/zootaxa.5147.1.1 Catalogue of Vietnamese springtails (Hexapoda, Collembola) | plazi:721B6E0C8C0AFFB5FF3820C9A97A24ED Pseudachorutes dubius Krausbauer 1898 | plazi:03AA531A0F563539FFA85A29FACAAE0B Pseudachorutes dubius Krausbauer 1898 | plazi:E03187B3FF80D457FF31F252FD1DF9E3 Pseudachorutes dubius Krausbauer 1898 | plazi:03FF6C3A8520FFC57A8C8E0BF7ACFACC Pseudachorutes dubius Krausbauer 1898 | plazi:0383FA7037788B72C66CF8AF5E67F7B5 Pseudachorutes dubius Krausbauer 1898 | plazi:BD19879DB83ABF589BB17DDF9074FB99 Pseudachorutes hyrcanicus Shayanmehr, Kaprus’, Ghobari, Yahyapour, Samani, Lafooraki & Sep",,,,,,,,
Q189,Pseudachorutes dubius,Pseudachorutes,trophic_guild,What does Pseudachorutes dubius feed on?,14,"medline:36095652 New Pseudachorutes species Tullberg, 1871 (Collembola, Neanuridae) with a key to Iranian s | pmc:10.11646/zootaxa.5150.3.8 New Pseudachorutes species Tullberg, 1871 (Collembola, Neanuridae) with a key to Iranian s | pmc:10.3897/subtbiol.40.69808 A comparison of collecting methods in relation to the diversity of Collembola in scree hab | pmc:PMC3800792 An introduction to Iranian Collembola (Hexapoda): an update to the species list | pmc:PMC6163862 Habitat Structure, Quality and Landscape Predict Species Richness and Communities of Colle | pmc:PMC4553544 A Holarctic Biogeographical Analysis of the Collembola (Arthropoda, Hexapoda) Unravels Rec | pmc:10.11646/zootaxa.5275.1.1 An annotated checklist of the Collembola (Hexapoda) from Iran | pmc:10.11646/zootaxa.5147.1.1 Catalogue of Vietnamese springtails (Hexapoda, Collembola) | plazi:721B6E0C8C0AFFB5FF3820C9A97A24ED Pseudachorutes dubius Krausbauer 1898 | plazi:03AA531A0F563539FFA85A29FACAAE0B Pseudachorutes dubius Krausbauer 1898 | plazi:E03187B3FF80D457FF31F252FD1DF9E3 Pseudachorutes dubius Krausbauer 1898 | plazi:03FF6C3A8520FFC57A8C8E0BF7ACFACC Pseudachorutes dubius Krausbauer 1898 | plazi:0383FA7037788B72C66CF8AF5E67F7B5 Pseudachorutes dubius Krausbauer 1898 | plazi:BD19879DB83ABF589BB17DDF9074FB99 Pseudachorutes hyrcanicus Shayanmehr, Kaprus’, Ghobari, Yahyapour, Samani, Lafooraki & Sep",,,,,,,,
Q190,Pseudisotoma monochaeta,Pseudisotoma,body_size,What is the body length of Pseudisotoma monochaeta?,5,"pmc:10.3897/subtbiol.38.66254 Collembola from Hundidero-Gato Cave in Southern Spain, with the description of a new speci | pmc:PMC9693011 Collembola from Two Samplings in the MSS of the Sierra de Guadarrama National Park in Two  | pmc:10.3897/subtbiol.33.48805 Terrestrial invertebrate fauna of Polish caves – a summary of 100 years of research | plazi:03CF878BFFD1C210229E5850FD69AFED Pseudisotoma monochaeta | plazi:039A87B5FFFD0E07FC45FD73FB34FA74 Pseudisotoma monochaeta",,,,,,,,
Q191,Pseudisotoma monochaeta,Pseudisotoma,habitat,What is the habitat of Pseudisotoma monochaeta?,5,"pmc:10.3897/subtbiol.38.66254 Collembola from Hundidero-Gato Cave in Southern Spain, with the description of a new speci | pmc:PMC9693011 Collembola from Two Samplings in the MSS of the Sierra de Guadarrama National Park in Two  | pmc:10.3897/subtbiol.33.48805 Terrestrial invertebrate fauna of Polish caves – a summary of 100 years of research | plazi:03CF878BFFD1C210229E5850FD69AFED Pseudisotoma monochaeta | plazi:039A87B5FFFD0E07FC45FD73FB34FA74 Pseudisotoma monochaeta",,,,,,,,
Q192,Pseudisotoma monochaeta,Pseudisotoma,trophic_guild,What does Pseudisotoma monochaeta feed on?,5,"pmc:10.3897/subtbiol.38.66254 Collembola from Hundidero-Gato Cave in Southern Spain, with the description of a new speci | pmc:PMC9693011 Collembola from Two Samplings in the MSS of the Sierra de Guadarrama National Park in Two  | pmc:10.3897/subtbiol.33.48805 Terrestrial invertebrate fauna of Polish caves – a summary of 100 years of research | plazi:03CF878BFFD1C210229E5850FD69AFED Pseudisotoma monochaeta | plazi:039A87B5FFFD0E07FC45FD73FB34FA74 Pseudisotoma monochaeta",,,,,,,,
Q193,Pseudisotoma sensibilis,Pseudisotoma,body_size,What is the body length of Pseudisotoma sensibilis?,14,"pmc:PMC8301111 Collembola (Hexapoda) as Biological Drivers between Land and Sea | pmc:PMC8207353 The role of bracket fungi in creating alpha diversity of invertebrates in the Białowieża N | pmc:PMC6305484 Differences in collembola species assemblages (Arthropoda) between spoil tips and surround | pmc:10.3897/subtbiol.33.48805 Terrestrial invertebrate fauna of Polish caves – a summary of 100 years of research | pmc:PMC7564799 Ecosystem Birth near Melting Glaciers: A Review on the Pioneer Role of Ground-Dwelling Art | pmc:10.11646/zootaxa.5147.1.1 Catalogue of Vietnamese springtails (Hexapoda, Collembola) | pmc:10.11646/zootaxa.5275.1.1 An annotated checklist of the Collembola (Hexapoda) from Iran | plazi:E03187B3FFF5D422FF31F386FEF4FB77 Pseudisotoma sensibilis | plazi:266B5D55F70BFF99FF7EFEC0450CFDE8 Parisotoma monochaeta | plazi:721B6E0C8C23FF9CFF382574A86823B0 Pseudisotoma sensibilis | plazi:03CF878BFFD2C21021F95B7CFCEAAAF7 Pseudisotoma sensibilis Tullberg 1876 | plazi:FB3F87CFF075D931465EF291DD850B5E Pachyotoma caucasica | plazi:5E2D9E05FF89FFD2FF50FA62FCA87CB0 Anurophorinae | plazi:4F034B6EFFBC357ED934F8A83B70FB95 Isotomidae Schaffer 1896",,,,,,,,
Q194,Pseudisotoma sensibilis,Pseudisotoma,habitat,What is the habitat of Pseudisotoma sensibilis?,14,"pmc:PMC8301111 Collembola (Hexapoda) as Biological Drivers between Land and Sea | pmc:PMC8207353 The role of bracket fungi in creating alpha diversity of invertebrates in the Białowieża N | pmc:PMC6305484 Differences in collembola species assemblages (Arthropoda) between spoil tips and surround | pmc:10.3897/subtbiol.33.48805 Terrestrial invertebrate fauna of Polish caves – a summary of 100 years of research | pmc:PMC7564799 Ecosystem Birth near Melting Glaciers: A Review on the Pioneer Role of Ground-Dwelling Art | pmc:10.11646/zootaxa.5147.1.1 Catalogue of Vietnamese springtails (Hexapoda, Collembola) | pmc:10.11646/zootaxa.5275.1.1 An annotated checklist of the Collembola (Hexapoda) from Iran | plazi:E03187B3FFF5D422FF31F386FEF4FB77 Pseudisotoma sensibilis | plazi:266B5D55F70BFF99FF7EFEC0450CFDE8 Parisotoma monochaeta | plazi:721B6E0C8C23FF9CFF382574A86823B0 Pseudisotoma sensibilis | plazi:03CF878BFFD2C21021F95B7CFCEAAAF7 Pseudisotoma sensibilis Tullberg 1876 | plazi:FB3F87CFF075D931465EF291DD850B5E Pachyotoma caucasica | plazi:5E2D9E05FF89FFD2FF50FA62FCA87CB0 Anurophorinae | plazi:4F034B6EFFBC357ED934F8A83B70FB95 Isotomidae Schaffer 1896",,,,,,,,
Q195,Pseudisotoma sensibilis,Pseudisotoma,trophic_guild,What does Pseudisotoma sensibilis feed on?,14,"pmc:PMC8301111 Collembola (Hexapoda) as Biological Drivers between Land and Sea | pmc:PMC8207353 The role of bracket fungi in creating alpha diversity of invertebrates in the Białowieża N | pmc:PMC6305484 Differences in collembola species assemblages (Arthropoda) between spoil tips and surround | pmc:10.3897/subtbiol.33.48805 Terrestrial invertebrate fauna of Polish caves – a summary of 100 years of research | pmc:PMC7564799 Ecosystem Birth near Melting Glaciers: A Review on the Pioneer Role of Ground-Dwelling Art | pmc:10.11646/zootaxa.5147.1.1 Catalogue of Vietnamese springtails (Hexapoda, Collembola) | pmc:10.11646/zootaxa.5275.1.1 An annotated checklist of the Collembola (Hexapoda) from Iran | plazi:E03187B3FFF5D422FF31F386FEF4FB77 Pseudisotoma sensibilis | plazi:266B5D55F70BFF99FF7EFEC0450CFDE8 Parisotoma monochaeta | plazi:721B6E0C8C23FF9CFF382574A86823B0 Pseudisotoma sensibilis | plazi:03CF878BFFD2C21021F95B7CFCEAAAF7 Pseudisotoma sensibilis Tullberg 1876 | plazi:FB3F87CFF075D931465EF291DD850B5E Pachyotoma caucasica | plazi:5E2D9E05FF89FFD2FF50FA62FCA87CB0 Anurophorinae | plazi:4F034B6EFFBC357ED934F8A83B70FB95 Isotomidae Schaffer 1896",,,,,,,,
Q196,Pseudosinella horaki,Pseudosinella,body_size,What is the body length of Pseudosinella horaki?,5,"pmc:10.3897/subtbiol.40.69808 A comparison of collecting methods in relation to the diversity of Collembola in scree hab | pmc:PMC4467183 Collembolan species diversity of calcareous canyons in the Republic of Moldova | pmc:PMC5769716 Riparian Collembola ( Hexapoda ) communities of northern Moldova, Eastern Europe | pmc:10.25674/So94iSS1id179 Prof. Josef Rusek (1938 - 2022) | plazi:E75F2B15FFDBFFEDFCB56887FDDDF9DA Collembola Lubbock J 1870",,,,,,,,
Q197,Pseudosinella horaki,Pseudosinella,habitat,What is the habitat of Pseudosinella horaki?,5,"pmc:10.3897/subtbiol.40.69808 A comparison of collecting methods in relation to the diversity of Collembola in scree hab | pmc:PMC4467183 Collembolan species diversity of calcareous canyons in the Republic of Moldova | pmc:PMC5769716 Riparian Collembola ( Hexapoda ) communities of northern Moldova, Eastern Europe | pmc:10.25674/So94iSS1id179 Prof. Josef Rusek (1938 - 2022) | plazi:E75F2B15FFDBFFEDFCB56887FDDDF9DA Collembola Lubbock J 1870",,,,,,,,
Q198,Pseudosinella horaki,Pseudosinella,trophic_guild,What does Pseudosinella horaki feed on?,5,"pmc:10.3897/subtbiol.40.69808 A comparison of collecting methods in relation to the diversity of Collembola in scree hab | pmc:PMC4467183 Collembolan species diversity of calcareous canyons in the Republic of Moldova | pmc:PMC5769716 Riparian Collembola ( Hexapoda ) communities of northern Moldova, Eastern Europe | pmc:10.25674/So94iSS1id179 Prof. Josef Rusek (1938 - 2022) | plazi:E75F2B15FFDBFFEDFCB56887FDDDF9DA Collembola Lubbock J 1870",,,,,,,,
Q199,Pseudosinella ksenemani,Pseudosinella,body_size,What is the body length of Pseudosinella ksenemani?,0,,,,,,,,,
Q200,Pseudosinella ksenemani,Pseudosinella,habitat,What is the habitat of Pseudosinella ksenemani?,0,,,,,,,,,
Q201,Pseudosinella ksenemani,Pseudosinella,trophic_guild,What does Pseudosinella ksenemani feed on?,0,,,,,,,,,
Q202,Pseudosinella noseki,Pseudosinella,body_size,What is the body length of Pseudosinella noseki?,2,pmc:10.25674/So94iSS1id179 Prof. Josef Rusek (1938 - 2022) | plazi:E75F2B15FFDBFFEDFCB56887FDDDF9DA Collembola Lubbock J 1870,,,,,,,,
Q203,Pseudosinella noseki,Pseudosinella,habitat,What is the habitat of Pseudosinella noseki?,2,pmc:10.25674/So94iSS1id179 Prof. Josef Rusek (1938 - 2022) | plazi:E75F2B15FFDBFFEDFCB56887FDDDF9DA Collembola Lubbock J 1870,,,,,,,,
Q204,Pseudosinella noseki,Pseudosinella,trophic_guild,What does Pseudosinella noseki feed on?,2,pmc:10.25674/So94iSS1id179 Prof. Josef Rusek (1938 - 2022) | plazi:E75F2B15FFDBFFEDFCB56887FDDDF9DA Collembola Lubbock J 1870,,,,,,,,
Q205,Pseudosinella paclti,Pseudosinella,body_size,What is the body length of Pseudosinella paclti?,3,pmc:10.25674/So94iSS1id179 Prof. Josef Rusek (1938 - 2022) | plazi:03B98133FFF46A12FF46CAAA6DB083AC Pseudosinella paclti Rusek 1961 | plazi:E75F2B15FFDBFFEDFCB56887FDDDF9DA Collembola Lubbock J 1870,,,,,,,,
Q206,Pseudosinella paclti,Pseudosinella,habitat,What is the habitat of Pseudosinella paclti?,3,pmc:10.25674/So94iSS1id179 Prof. Josef Rusek (1938 - 2022) | plazi:03B98133FFF46A12FF46CAAA6DB083AC Pseudosinella paclti Rusek 1961 | plazi:E75F2B15FFDBFFEDFCB56887FDDDF9DA Collembola Lubbock J 1870,,,,,,,,
Q207,Pseudosinella paclti,Pseudosinella,trophic_guild,What does Pseudosinella paclti feed on?,3,pmc:10.25674/So94iSS1id179 Prof. Josef Rusek (1938 - 2022) | plazi:03B98133FFF46A12FF46CAAA6DB083AC Pseudosinella paclti Rusek 1961 | plazi:E75F2B15FFDBFFEDFCB56887FDDDF9DA Collembola Lubbock J 1870,,,,,,,,
Q208,Pygmarrhopalites principalis,Pygmarrhopalites,body_size,What is the body length of Pygmarrhopalites principalis?,10,"pmc:10.3897/subtbiol.40.69808 A comparison of collecting methods in relation to the diversity of Collembola in scree hab | pmc:10.11646/zootaxa.5673.4.3 Antennal troglomorphy in Arrhopalitidae (Collembola: Symphypleona) with the description of | pmc:10.11646/zootaxa.5275.1.1 An annotated checklist of the Collembola (Hexapoda) from Iran | plazi:721B6E0C8C25FF9AFF38263DA9D421D8 Pygmarrhopalites principalis | plazi:266B5D55F720FFB3FF7EF99F45B1FF1A Pygmarrhopalites principalis | plazi:03AA531A0F473528FF595F1BFB4DA5C7 Pygmarrhopalites principalis | plazi:BA7487DEEF5DFF91FF2841AAFF7C08D0 Pygmarrhopalites principalis subsp. skelicus Vargovitsh, 2009, ssp. nov. | plazi:BA7487DEEF60FF9AFF28418FFE4509E5 Pygmarrhopalites pseudoprincipalis Vargovitsh, 2009, sp. nov. | plazi:8F2F2F2DA727FF9EFF1F4A163540FC32 Pygmarrhopalites arbaicus Vargovitsh, 2025, sp. nov. | plazi:8F2F2F2DA72EFF86FF1F4A3835AEFB36 Pygmarrhopalites trisetosus Vargovitsh, 2025, sp. nov.",,,,,,,,
Q209,Pygmarrhopalites principalis,Pygmarrhopalites,habitat,What is the habitat of Pygmarrhopalites principalis?,10,"pmc:10.3897/subtbiol.40.69808 A comparison of collecting methods in relation to the diversity of Collembola in scree hab | pmc:10.11646/zootaxa.5673.4.3 Antennal troglomorphy in Arrhopalitidae (Collembola: Symphypleona) with the description of | pmc:10.11646/zootaxa.5275.1.1 An annotated checklist of the Collembola (Hexapoda) from Iran | plazi:721B6E0C8C25FF9AFF38263DA9D421D8 Pygmarrhopalites principalis | plazi:266B5D55F720FFB3FF7EF99F45B1FF1A Pygmarrhopalites principalis | plazi:03AA531A0F473528FF595F1BFB4DA5C7 Pygmarrhopalites principalis | plazi:BA7487DEEF5DFF91FF2841AAFF7C08D0 Pygmarrhopalites principalis subsp. skelicus Vargovitsh, 2009, ssp. nov. | plazi:BA7487DEEF60FF9AFF28418FFE4509E5 Pygmarrhopalites pseudoprincipalis Vargovitsh, 2009, sp. nov. | plazi:8F2F2F2DA727FF9EFF1F4A163540FC32 Pygmarrhopalites arbaicus Vargovitsh, 2025, sp. nov. | plazi:8F2F2F2DA72EFF86FF1F4A3835AEFB36 Pygmarrhopalites trisetosus Vargovitsh, 2025, sp. nov.",,,,,,,,
Q210,Pygmarrhopalites principalis,Pygmarrhopalites,trophic_guild,What does Pygmarrhopalites principalis feed on?,10,"pmc:10.3897/subtbiol.40.69808 A comparison of collecting methods in relation to the diversity of Collembola in scree hab | pmc:10.11646/zootaxa.5673.4.3 Antennal troglomorphy in Arrhopalitidae (Collembola: Symphypleona) with the description of | pmc:10.11646/zootaxa.5275.1.1 An annotated checklist of the Collembola (Hexapoda) from Iran | plazi:721B6E0C8C25FF9AFF38263DA9D421D8 Pygmarrhopalites principalis | plazi:266B5D55F720FFB3FF7EF99F45B1FF1A Pygmarrhopalites principalis | plazi:03AA531A0F473528FF595F1BFB4DA5C7 Pygmarrhopalites principalis | plazi:BA7487DEEF5DFF91FF2841AAFF7C08D0 Pygmarrhopalites principalis subsp. skelicus Vargovitsh, 2009, ssp. nov. | plazi:BA7487DEEF60FF9AFF28418FFE4509E5 Pygmarrhopalites pseudoprincipalis Vargovitsh, 2009, sp. nov. | plazi:8F2F2F2DA727FF9EFF1F4A163540FC32 Pygmarrhopalites arbaicus Vargovitsh, 2025, sp. nov. | plazi:8F2F2F2DA72EFF86FF1F4A3835AEFB36 Pygmarrhopalites trisetosus Vargovitsh, 2025, sp. nov.",,,,,,,,
Q211,Schoettella ununguiculata,Schoettella,body_size,What is the body length of Schoettella ununguiculata?,9,"pmc:PMC5769716 Riparian Collembola ( Hexapoda ) communities of northern Moldova, Eastern Europe | pmc:PMC4467183 Collembolan species diversity of calcareous canyons in the Republic of Moldova | pmc:PMC6383892 Chemical analysis of Brasilimeria Stach, 1949 (Hexapoda, Collembola, Neanuridae) hemolymph | pmc:PMC6163862 Habitat Structure, Quality and Landscape Predict Species Richness and Communities of Colle | pmc:PMC4553544 A Holarctic Biogeographical Analysis of the Collembola (Arthropoda, Hexapoda) Unravels Rec | pmc:10.11646/zootaxa.5147.1.1 Catalogue of Vietnamese springtails (Hexapoda, Collembola) | plazi:E03187B3FF8FD459FF31F645FD2AFE47 Schoettella ununguiculata | plazi:03B387DE0E3FFFB7BF8DF9A573A8E64C Schoettella ununguiculata Tullberg 1869 | plazi:4F034B6EFFBE3573D916FAED3C8FFA65 Hypogastruridae Borner 1906",,,,,,,,
Q212,Schoettella ununguiculata,Schoettella,habitat,What is the habitat of Schoettella ununguiculata?,9,"pmc:PMC5769716 Riparian Collembola ( Hexapoda ) communities of northern Moldova, Eastern Europe | pmc:PMC4467183 Collembolan species diversity of calcareous canyons in the Republic of Moldova | pmc:PMC6383892 Chemical analysis of Brasilimeria Stach, 1949 (Hexapoda, Collembola, Neanuridae) hemolymph | pmc:PMC6163862 Habitat Structure, Quality and Landscape Predict Species Richness and Communities of Colle | pmc:PMC4553544 A Holarctic Biogeographical Analysis of the Collembola (Arthropoda, Hexapoda) Unravels Rec | pmc:10.11646/zootaxa.5147.1.1 Catalogue of Vietnamese springtails (Hexapoda, Collembola) | plazi:E03187B3FF8FD459FF31F645FD2AFE47 Schoettella ununguiculata | plazi:03B387DE0E3FFFB7BF8DF9A573A8E64C Schoettella ununguiculata Tullberg 1869 | plazi:4F034B6EFFBE3573D916FAED3C8FFA65 Hypogastruridae Borner 1906",,,,,,,,
Q213,Schoettella ununguiculata,Schoettella,trophic_guild,What does Schoettella ununguiculata feed on?,9,"pmc:PMC5769716 Riparian Collembola ( Hexapoda ) communities of northern Moldova, Eastern Europe | pmc:PMC4467183 Collembolan species diversity of calcareous canyons in the Republic of Moldova | pmc:PMC6383892 Chemical analysis of Brasilimeria Stach, 1949 (Hexapoda, Collembola, Neanuridae) hemolymph | pmc:PMC6163862 Habitat Structure, Quality and Landscape Predict Species Richness and Communities of Colle | pmc:PMC4553544 A Holarctic Biogeographical Analysis of the Collembola (Arthropoda, Hexapoda) Unravels Rec | pmc:10.11646/zootaxa.5147.1.1 Catalogue of Vietnamese springtails (Hexapoda, Collembola) | plazi:E03187B3FF8FD459FF31F645FD2AFE47 Schoettella ununguiculata | plazi:03B387DE0E3FFFB7BF8DF9A573A8E64C Schoettella ununguiculata Tullberg 1869 | plazi:4F034B6EFFBE3573D916FAED3C8FFA65 Hypogastruridae Borner 1906",,,,,,,,
Q214,Seira pallidipes,Seira,body_size,What is the body length of Seira pallidipes?,6,"pmc:PMC10838177 ﻿Mitogenomes of the two historical species Seira ferrarii Parona, 1888 and Seira pallidipe | pmc:PMC12859647 Alloscopus ramanai sp. nov. ( Orchesellidae , Heteromurinae ), a new Collembola species fr | pmc:PMC11616167 Exploring mitogenomic data to enhance the understanding of Seirinae (Collembola: Entomobry | plazi:0E45486FFF83FFA0FF20F9EE66F3FD92 Seira pallidipes Reuter 1895 | plazi:03AA531A0F44352BFFA85E70FB83A49B Seira pallidipes Reuter 1895 | plazi:6F4164B38B895EA0B29D5BC542B4442A Entomobrya nigriventris Stach 1929",,,,,,,,
Q215,Seira pallidipes,Seira,habitat,What is the habitat of Seira pallidipes?,6,"pmc:PMC10838177 ﻿Mitogenomes of the two historical species Seira ferrarii Parona, 1888 and Seira pallidipe | pmc:PMC12859647 Alloscopus ramanai sp. nov. ( Orchesellidae , Heteromurinae ), a new Collembola species fr | pmc:PMC11616167 Exploring mitogenomic data to enhance the understanding of Seirinae (Collembola: Entomobry | plazi:0E45486FFF83FFA0FF20F9EE66F3FD92 Seira pallidipes Reuter 1895 | plazi:03AA531A0F44352BFFA85E70FB83A49B Seira pallidipes Reuter 1895 | plazi:6F4164B38B895EA0B29D5BC542B4442A Entomobrya nigriventris Stach 1929",,,,,,,,
Q216,Seira pallidipes,Seira,trophic_guild,What does Seira pallidipes feed on?,6,"pmc:PMC10838177 ﻿Mitogenomes of the two historical species Seira ferrarii Parona, 1888 and Seira pallidipe | pmc:PMC12859647 Alloscopus ramanai sp. nov. ( Orchesellidae , Heteromurinae ), a new Collembola species fr | pmc:PMC11616167 Exploring mitogenomic data to enhance the understanding of Seirinae (Collembola: Entomobry | plazi:0E45486FFF83FFA0FF20F9EE66F3FD92 Seira pallidipes Reuter 1895 | plazi:03AA531A0F44352BFFA85E70FB83A49B Seira pallidipes Reuter 1895 | plazi:6F4164B38B895EA0B29D5BC542B4442A Entomobrya nigriventris Stach 1929",,,,,,,,
Q217,Sminthurides parvulus,Sminthurides,body_size,What is the body length of Sminthurides parvulus?,4,"pmc:PMC4553544 A Holarctic Biogeographical Analysis of the Collembola (Arthropoda, Hexapoda) Unravels Rec | pmc:10.11646/zootaxa.5147.1.1 Catalogue of Vietnamese springtails (Hexapoda, Collembola) | plazi:E03187B3FF10D4C7FF31F253FBE9FA57 Sminthurides parvulus | plazi:03CF878BFFE4C22622885A48FA4FABF1 Sminthurides parvulus",,,,,,,,
Q218,Sminthurides parvulus,Sminthurides,habitat,What is the habitat of Sminthurides parvulus?,4,"pmc:PMC4553544 A Holarctic Biogeographical Analysis of the Collembola (Arthropoda, Hexapoda) Unravels Rec | pmc:10.11646/zootaxa.5147.1.1 Catalogue of Vietnamese springtails (Hexapoda, Collembola) | plazi:E03187B3FF10D4C7FF31F253FBE9FA57 Sminthurides parvulus | plazi:03CF878BFFE4C22622885A48FA4FABF1 Sminthurides parvulus",,,,,,,,
Q219,Sminthurides parvulus,Sminthurides,trophic_guild,What does Sminthurides parvulus feed on?,4,"pmc:PMC4553544 A Holarctic Biogeographical Analysis of the Collembola (Arthropoda, Hexapoda) Unravels Rec | pmc:10.11646/zootaxa.5147.1.1 Catalogue of Vietnamese springtails (Hexapoda, Collembola) | plazi:E03187B3FF10D4C7FF31F253FBE9FA57 Sminthurides parvulus | plazi:03CF878BFFE4C22622885A48FA4FABF1 Sminthurides parvulus",,,,,,,,
Q220,Sminthurinus alpinus,Sminthurinus,body_size,What is the body length of Sminthurinus alpinus?,2,pmc:PMC9864308 Warming in Cold Seasons Increases the Abundance of Ground-Dwelling Collembola in Permafros | pmc:PMC12547479 StrataSeq : A Workflow for Rapid Development of Molecular Databases for Hard‐To‐Identify S,,,,,,,,
Q221,Sminthurinus alpinus,Sminthurinus,habitat,What is the habitat of Sminthurinus alpinus?,2,pmc:PMC9864308 Warming in Cold Seasons Increases the Abundance of Ground-Dwelling Collembola in Permafros | pmc:PMC12547479 StrataSeq : A Workflow for Rapid Development of Molecular Databases for Hard‐To‐Identify S,,,,,,,,
Q222,Sminthurinus alpinus,Sminthurinus,trophic_guild,What does Sminthurinus alpinus feed on?,2,pmc:PMC9864308 Warming in Cold Seasons Increases the Abundance of Ground-Dwelling Collembola in Permafros | pmc:PMC12547479 StrataSeq : A Workflow for Rapid Development of Molecular Databases for Hard‐To‐Identify S,,,,,,,,
Q223,Sminthurinus elegans,Sminthurinus,body_size,What is the body length of Sminthurinus elegans?,21,"pmc:PMC3800792 An introduction to Iranian Collembola (Hexapoda): an update to the species list | pmc:10.3897/asp.81.e104522 Breakaway from a globular body shape: molecular phylogeny reveals the evolutionary history | pmc:PMC4467183 Collembolan species diversity of calcareous canyons in the Republic of Moldova | pmc:PMC5769716 Riparian Collembola ( Hexapoda ) communities of northern Moldova, Eastern Europe | pmc:PMC6163862 Habitat Structure, Quality and Landscape Predict Species Richness and Communities of Colle | pmc:PMC11942825 The First Cavernicolous Species of Arrhopalites (Collembola, Symphypleona, Arrhopalitidae) | pmc:PMC6305484 Differences in collembola species assemblages (Arthropoda) between spoil tips and surround | pmc:10.3897/subtbiol.33.48805 Terrestrial invertebrate fauna of Polish caves – a summary of 100 years of research | pmc:10.3897/subtbiol.40.69808 A comparison of collecting methods in relation to the diversity of Collembola in scree hab | pmc:PMC12547479 StrataSeq : A Workflow for Rapid Development of Molecular Databases for Hard‐To‐Identify S | pmc:PMC4553544 A Holarctic Biogeographical Analysis of the Collembola (Arthropoda, Hexapoda) Unravels Rec | pmc:PMC7969584 Standardised arthropod ( Arthropoda ) inventory across natural and anthropogenic impacted  | pmc:PMC4568406 Biodiversity inventories in high gear: DNA barcoding facilitates a rapid biotic survey of  | pmc:10.11646/zootaxa.5275.1.1 An annotated checklist of the Collembola (Hexapoda) from Iran | plazi:4F034B6EFFB0357CDBA1FA7E3AE3F8BF Katiannidae Borner 1913 | plazi:721B6E0C8C24FF9BFF382275AF1422E5 Sminthurinus elegans | plazi:502187F3DD5DFF9BFF34FC9E0AEFFC04 Sminthurinus elegans | plazi:03CF878BFFFFC23D22A05C0FFB5EAB13 Sminthurinus elegans | plazi:03AA531A0F44352BFFA85B57FCB2A1CE Sminthurinus elegans | plazi:DE3DBD36FFDBDC74E0A7FDA4FD96FB29 Sminthurinus signatus | plazi:03B387DE0E34FFBCBF7CFBF9738CE5A4 Sminthurinus elegans Fitsch 1863",,,,,,,,
Q224,Sminthurinus elegans,Sminthurinus,habitat,What is the habitat of Sminthurinus elegans?,21,"pmc:PMC3800792 An introduction to Iranian Collembola (Hexapoda): an update to the species list | pmc:10.3897/asp.81.e104522 Breakaway from a globular body shape: molecular phylogeny reveals the evolutionary history | pmc:PMC4467183 Collembolan species diversity of calcareous canyons in the Republic of Moldova | pmc:PMC5769716 Riparian Collembola ( Hexapoda ) communities of northern Moldova, Eastern Europe | pmc:PMC6163862 Habitat Structure, Quality and Landscape Predict Species Richness and Communities of Colle | pmc:PMC11942825 The First Cavernicolous Species of Arrhopalites (Collembola, Symphypleona, Arrhopalitidae) | pmc:PMC6305484 Differences in collembola species assemblages (Arthropoda) between spoil tips and surround | pmc:10.3897/subtbiol.33.48805 Terrestrial invertebrate fauna of Polish caves – a summary of 100 years of research | pmc:10.3897/subtbiol.40.69808 A comparison of collecting methods in relation to the diversity of Collembola in scree hab | pmc:PMC12547479 StrataSeq : A Workflow for Rapid Development of Molecular Databases for Hard‐To‐Identify S | pmc:PMC4553544 A Holarctic Biogeographical Analysis of the Collembola (Arthropoda, Hexapoda) Unravels Rec | pmc:PMC7969584 Standardised arthropod ( Arthropoda ) inventory across natural and anthropogenic impacted  | pmc:PMC4568406 Biodiversity inventories in high gear: DNA barcoding facilitates a rapid biotic survey of  | pmc:10.11646/zootaxa.5275.1.1 An annotated checklist of the Collembola (Hexapoda) from Iran | plazi:4F034B6EFFB0357CDBA1FA7E3AE3F8BF Katiannidae Borner 1913 | plazi:721B6E0C8C24FF9BFF382275AF1422E5 Sminthurinus elegans | plazi:502187F3DD5DFF9BFF34FC9E0AEFFC04 Sminthurinus elegans | plazi:03CF878BFFFFC23D22A05C0FFB5EAB13 Sminthurinus elegans | plazi:03AA531A0F44352BFFA85B57FCB2A1CE Sminthurinus elegans | plazi:DE3DBD36FFDBDC74E0A7FDA4FD96FB29 Sminthurinus signatus | plazi:03B387DE0E34FFBCBF7CFBF9738CE5A4 Sminthurinus elegans Fitsch 1863",,,,,,,,
Q225,Sminthurinus elegans,Sminthurinus,trophic_guild,What does Sminthurinus elegans feed on?,21,"pmc:PMC3800792 An introduction to Iranian Collembola (Hexapoda): an update to the species list | pmc:10.3897/asp.81.e104522 Breakaway from a globular body shape: molecular phylogeny reveals the evolutionary history | pmc:PMC4467183 Collembolan species diversity of calcareous canyons in the Republic of Moldova | pmc:PMC5769716 Riparian Collembola ( Hexapoda ) communities of northern Moldova, Eastern Europe | pmc:PMC6163862 Habitat Structure, Quality and Landscape Predict Species Richness and Communities of Colle | pmc:PMC11942825 The First Cavernicolous Species of Arrhopalites (Collembola, Symphypleona, Arrhopalitidae) | pmc:PMC6305484 Differences in collembola species assemblages (Arthropoda) between spoil tips and surround | pmc:10.3897/subtbiol.33.48805 Terrestrial invertebrate fauna of Polish caves – a summary of 100 years of research | pmc:10.3897/subtbiol.40.69808 A comparison of collecting methods in relation to the diversity of Collembola in scree hab | pmc:PMC12547479 StrataSeq : A Workflow for Rapid Development of Molecular Databases for Hard‐To‐Identify S | pmc:PMC4553544 A Holarctic Biogeographical Analysis of the Collembola (Arthropoda, Hexapoda) Unravels Rec | pmc:PMC7969584 Standardised arthropod ( Arthropoda ) inventory across natural and anthropogenic impacted  | pmc:PMC4568406 Biodiversity inventories in high gear: DNA barcoding facilitates a rapid biotic survey of  | pmc:10.11646/zootaxa.5275.1.1 An annotated checklist of the Collembola (Hexapoda) from Iran | plazi:4F034B6EFFB0357CDBA1FA7E3AE3F8BF Katiannidae Borner 1913 | plazi:721B6E0C8C24FF9BFF382275AF1422E5 Sminthurinus elegans | plazi:502187F3DD5DFF9BFF34FC9E0AEFFC04 Sminthurinus elegans | plazi:03CF878BFFFFC23D22A05C0FFB5EAB13 Sminthurinus elegans | plazi:03AA531A0F44352BFFA85B57FCB2A1CE Sminthurinus elegans | plazi:DE3DBD36FFDBDC74E0A7FDA4FD96FB29 Sminthurinus signatus | plazi:03B387DE0E34FFBCBF7CFBF9738CE5A4 Sminthurinus elegans Fitsch 1863",,,,,,,,
Q226,Sminthurinus quadrimaculatus,Sminthurinus,body_size,What is the body length of Sminthurinus quadrimaculatus?,4,"medline:33746534 Standardised arthropod (Arthropoda) inventory across natural and anthropogenic impacted ha | pmc:PMC7969584 Standardised arthropod ( Arthropoda ) inventory across natural and anthropogenic impacted  | pmc:PMC4553544 A Holarctic Biogeographical Analysis of the Collembola (Arthropoda, Hexapoda) Unravels Rec | plazi:266B5D55F723FFB1FF7EFDB54684FB5D Sminthurinus quadrimaculatus",,,,,,,,
Q227,Sminthurinus quadrimaculatus,Sminthurinus,habitat,What is the habitat of Sminthurinus quadrimaculatus?,4,"medline:33746534 Standardised arthropod (Arthropoda) inventory across natural and anthropogenic impacted ha | pmc:PMC7969584 Standardised arthropod ( Arthropoda ) inventory across natural and anthropogenic impacted  | pmc:PMC4553544 A Holarctic Biogeographical Analysis of the Collembola (Arthropoda, Hexapoda) Unravels Rec | plazi:266B5D55F723FFB1FF7EFDB54684FB5D Sminthurinus quadrimaculatus",,,,,,,,
Q228,Sminthurinus quadrimaculatus,Sminthurinus,trophic_guild,What does Sminthurinus quadrimaculatus feed on?,4,"medline:33746534 Standardised arthropod (Arthropoda) inventory across natural and anthropogenic impacted ha | pmc:PMC7969584 Standardised arthropod ( Arthropoda ) inventory across natural and anthropogenic impacted  | pmc:PMC4553544 A Holarctic Biogeographical Analysis of the Collembola (Arthropoda, Hexapoda) Unravels Rec | plazi:266B5D55F723FFB1FF7EFDB54684FB5D Sminthurinus quadrimaculatus",,,,,,,,
Q229,Sminthurinus trinotatus,Sminthurinus,body_size,What is the body length of Sminthurinus trinotatus?,6,"pmc:PMC9836723 ﻿An updated checklist of Collembola in Taiwan, with DNA barcoding of Papirioides jacobsoni | pmc:PMC7564799 Ecosystem Birth near Melting Glaciers: A Review on the Pioneer Role of Ground-Dwelling Art | pmc:10.11646/zootaxa.5147.1.1 Catalogue of Vietnamese springtails (Hexapoda, Collembola) | plazi:03CF878BFFF9C23B21F85B6FFD12A937 Sminthurinus trinotatus Axelson, 1905 sensu Gisin 1963 | plazi:E03187B3FF17D4C0FF31F253FB5DFA73 Sminthurinus trinotatus Axelson 1905 | plazi:03EA87B2FF91FFDBFF26F80FFC9F9A9D Sminthurinus trinotatus Axelson 1905",,,,,,,,
Q230,Sminthurinus trinotatus,Sminthurinus,habitat,What is the habitat of Sminthurinus trinotatus?,6,"pmc:PMC9836723 ﻿An updated checklist of Collembola in Taiwan, with DNA barcoding of Papirioides jacobsoni | pmc:PMC7564799 Ecosystem Birth near Melting Glaciers: A Review on the Pioneer Role of Ground-Dwelling Art | pmc:10.11646/zootaxa.5147.1.1 Catalogue of Vietnamese springtails (Hexapoda, Collembola) | plazi:03CF878BFFF9C23B21F85B6FFD12A937 Sminthurinus trinotatus Axelson, 1905 sensu Gisin 1963 | plazi:E03187B3FF17D4C0FF31F253FB5DFA73 Sminthurinus trinotatus Axelson 1905 | plazi:03EA87B2FF91FFDBFF26F80FFC9F9A9D Sminthurinus trinotatus Axelson 1905",,,,,,,,
Q231,Sminthurinus trinotatus,Sminthurinus,trophic_guild,What does Sminthurinus trinotatus feed on?,6,"pmc:PMC9836723 ﻿An updated checklist of Collembola in Taiwan, with DNA barcoding of Papirioides jacobsoni | pmc:PMC7564799 Ecosystem Birth near Melting Glaciers: A Review on the Pioneer Role of Ground-Dwelling Art | pmc:10.11646/zootaxa.5147.1.1 Catalogue of Vietnamese springtails (Hexapoda, Collembola) | plazi:03CF878BFFF9C23B21F85B6FFD12A937 Sminthurinus trinotatus Axelson, 1905 sensu Gisin 1963 | plazi:E03187B3FF17D4C0FF31F253FB5DFA73 Sminthurinus trinotatus Axelson 1905 | plazi:03EA87B2FF91FFDBFF26F80FFC9F9A9D Sminthurinus trinotatus Axelson 1905",,,,,,,,
Q232,Sminthurus nigromaculatus,Sminthurus,body_size,What is the body length of Sminthurus nigromaculatus?,10,"medline:28311073 Surviving long submergence in the egg stage-a successful strategy of terrestrial arthropod | pmc:PMC5769716 Riparian Collembola ( Hexapoda ) communities of northern Moldova, Eastern Europe | pmc:PMC3131029 Effects of ecological flooding on the temporal and spatial dynamics of carabid beetles (Co | pmc:PMC4494283 Adaptations and Predispositions of Different Middle European Arthropod Taxa (Collembola, A | pmc:PMC4553544 A Holarctic Biogeographical Analysis of the Collembola (Arthropoda, Hexapoda) Unravels Rec | pmc:10.11646/zootaxa.5275.1.1 An annotated checklist of the Collembola (Hexapoda) from Iran | plazi:03CF878BFFFBC239228A5FE2FAF2AE4B Sminthurus nigromaculatus Nayrolles 1995 | plazi:721B6E0C8C29FF96FF3825B9A9AA2359 Sminthurus nigromaculatus Tullberg 1871 | plazi:03AA531A0F463529FFA8598CFEF3A0B8 Sminthurus nigromaculatus Tullberg 1871 | plazi:03B687E7FF9CD416FF0FFC471122FD1E Janusius geumgangensis Dányi & Park, 2016, sp. nov.",,,,,,,,
Q233,Sminthurus nigromaculatus,Sminthurus,habitat,What is the habitat of Sminthurus nigromaculatus?,10,"medline:28311073 Surviving long submergence in the egg stage-a successful strategy of terrestrial arthropod | pmc:PMC5769716 Riparian Collembola ( Hexapoda ) communities of northern Moldova, Eastern Europe | pmc:PMC3131029 Effects of ecological flooding on the temporal and spatial dynamics of carabid beetles (Co | pmc:PMC4494283 Adaptations and Predispositions of Different Middle European Arthropod Taxa (Collembola, A | pmc:PMC4553544 A Holarctic Biogeographical Analysis of the Collembola (Arthropoda, Hexapoda) Unravels Rec | pmc:10.11646/zootaxa.5275.1.1 An annotated checklist of the Collembola (Hexapoda) from Iran | plazi:03CF878BFFFBC239228A5FE2FAF2AE4B Sminthurus nigromaculatus Nayrolles 1995 | plazi:721B6E0C8C29FF96FF3825B9A9AA2359 Sminthurus nigromaculatus Tullberg 1871 | plazi:03AA531A0F463529FFA8598CFEF3A0B8 Sminthurus nigromaculatus Tullberg 1871 | plazi:03B687E7FF9CD416FF0FFC471122FD1E Janusius geumgangensis Dányi & Park, 2016, sp. nov.",,,,,,,,
Q234,Sminthurus nigromaculatus,Sminthurus,trophic_guild,What does Sminthurus nigromaculatus feed on?,10,"medline:28311073 Surviving long submergence in the egg stage-a successful strategy of terrestrial arthropod | pmc:PMC5769716 Riparian Collembola ( Hexapoda ) communities of northern Moldova, Eastern Europe | pmc:PMC3131029 Effects of ecological flooding on the temporal and spatial dynamics of carabid beetles (Co | pmc:PMC4494283 Adaptations and Predispositions of Different Middle European Arthropod Taxa (Collembola, A | pmc:PMC4553544 A Holarctic Biogeographical Analysis of the Collembola (Arthropoda, Hexapoda) Unravels Rec | pmc:10.11646/zootaxa.5275.1.1 An annotated checklist of the Collembola (Hexapoda) from Iran | plazi:03CF878BFFFBC239228A5FE2FAF2AE4B Sminthurus nigromaculatus Nayrolles 1995 | plazi:721B6E0C8C29FF96FF3825B9A9AA2359 Sminthurus nigromaculatus Tullberg 1871 | plazi:03AA531A0F463529FFA8598CFEF3A0B8 Sminthurus nigromaculatus Tullberg 1871 | plazi:03B687E7FF9CD416FF0FFC471122FD1E Janusius geumgangensis Dányi & Park, 2016, sp. nov.",,,,,,,,
Q235,Stenacidia violacea,Stenacidia,body_size,What is the body length of Stenacidia violacea?,10,"pmc:10.3897/asp.81.e104522 Breakaway from a globular body shape: molecular phylogeny reveals the evolutionary history | pmc:PMC5769716 Riparian Collembola ( Hexapoda ) communities of northern Moldova, Eastern Europe | pmc:PMC4553544 A Holarctic Biogeographical Analysis of the Collembola (Arthropoda, Hexapoda) Unravels Rec | pmc:10.11646/zootaxa.5275.1.1 An annotated checklist of the Collembola (Hexapoda) from Iran | pmc:10.11646/zootaxa.5147.1.1 Catalogue of Vietnamese springtails (Hexapoda, Collembola) | plazi:03CF878BFFE6C224200F5AEFFDD9ABF1 Stenacidia violacea | plazi:03CF878BFFA2C26022B05CE5FAE4A95F Desoria violacea | plazi:E03187B3FF0ED4D9FF31F4FFFD2AF8FE Stenacidia violacea | plazi:721B6E0C8C2AFF95FF3821CDAF1F278D Stenacidia violacea | plazi:684787B5FFBC7058FF497E651E4AF8A5 Stenacidia violacea Reuter 1881",,,,,,,,
Q236,Stenacidia violacea,Stenacidia,habitat,What is the habitat of Stenacidia violacea?,10,"pmc:10.3897/asp.81.e104522 Breakaway from a globular body shape: molecular phylogeny reveals the evolutionary history | pmc:PMC5769716 Riparian Collembola ( Hexapoda ) communities of northern Moldova, Eastern Europe | pmc:PMC4553544 A Holarctic Biogeographical Analysis of the Collembola (Arthropoda, Hexapoda) Unravels Rec | pmc:10.11646/zootaxa.5275.1.1 An annotated checklist of the Collembola (Hexapoda) from Iran | pmc:10.11646/zootaxa.5147.1.1 Catalogue of Vietnamese springtails (Hexapoda, Collembola) | plazi:03CF878BFFE6C224200F5AEFFDD9ABF1 Stenacidia violacea | plazi:03CF878BFFA2C26022B05CE5FAE4A95F Desoria violacea | plazi:E03187B3FF0ED4D9FF31F4FFFD2AF8FE Stenacidia violacea | plazi:721B6E0C8C2AFF95FF3821CDAF1F278D Stenacidia violacea | plazi:684787B5FFBC7058FF497E651E4AF8A5 Stenacidia violacea Reuter 1881",,,,,,,,
Q237,Stenacidia violacea,Stenacidia,trophic_guild,What does Stenacidia violacea feed on?,10,"pmc:10.3897/asp.81.e104522 Breakaway from a globular body shape: molecular phylogeny reveals the evolutionary history | pmc:PMC5769716 Riparian Collembola ( Hexapoda ) communities of northern Moldova, Eastern Europe | pmc:PMC4553544 A Holarctic Biogeographical Analysis of the Collembola (Arthropoda, Hexapoda) Unravels Rec | pmc:10.11646/zootaxa.5275.1.1 An annotated checklist of the Collembola (Hexapoda) from Iran | pmc:10.11646/zootaxa.5147.1.1 Catalogue of Vietnamese springtails (Hexapoda, Collembola) | plazi:03CF878BFFE6C224200F5AEFFDD9ABF1 Stenacidia violacea | plazi:03CF878BFFA2C26022B05CE5FAE4A95F Desoria violacea | plazi:E03187B3FF0ED4D9FF31F4FFFD2AF8FE Stenacidia violacea | plazi:721B6E0C8C2AFF95FF3821CDAF1F278D Stenacidia violacea | plazi:684787B5FFBC7058FF497E651E4AF8A5 Stenacidia violacea Reuter 1881",,,,,,,,
Q238,Stenaphorura denisi,Stenaphorura,body_size,What is the body length of Stenaphorura denisi?,4,pmc:PMC8093729 Incorporation of mineral nitrogen into the soil food web as affected by plant community co | pmc:PMC6305484 Differences in collembola species assemblages (Arthropoda) between spoil tips and surround | pmc:PMC6117009 Response of Collembola and Acari communities to summer flooding in a grassland plant diver | plazi:03CF878BFFA5C26722BB5C34FA78A96A Stenaphorura denisi Bagnall 1935,,,,,,,,
Q239,Stenaphorura denisi,Stenaphorura,habitat,What is the habitat of Stenaphorura denisi?,4,pmc:PMC8093729 Incorporation of mineral nitrogen into the soil food web as affected by plant community co | pmc:PMC6305484 Differences in collembola species assemblages (Arthropoda) between spoil tips and surround | pmc:PMC6117009 Response of Collembola and Acari communities to summer flooding in a grassland plant diver | plazi:03CF878BFFA5C26722BB5C34FA78A96A Stenaphorura denisi Bagnall 1935,,,,,,,,
Q240,Stenaphorura denisi,Stenaphorura,trophic_guild,What does Stenaphorura denisi feed on?,4,pmc:PMC8093729 Incorporation of mineral nitrogen into the soil food web as affected by plant community co | pmc:PMC6305484 Differences in collembola species assemblages (Arthropoda) between spoil tips and surround | pmc:PMC6117009 Response of Collembola and Acari communities to summer flooding in a grassland plant diver | plazi:03CF878BFFA5C26722BB5C34FA78A96A Stenaphorura denisi Bagnall 1935,,,,,,,,
Q241,Subisotoma pusilla,Subisotoma,body_size,What is the body length of Subisotoma pusilla?,5,"pmc:10.11646/zootaxa.5147.1.1 Catalogue of Vietnamese springtails (Hexapoda, Collembola) | plazi:03CF878BFFD2C21022A75C57FBEBA8C8 Subisotoma pusilla | plazi:E03187B3FFF4D423FF31F1A3FD40FD8E Subisotoma pusilla | plazi:038A87F82C0F7F53C8B1FA94FB48F81F Subisotoma pusilla Schaffer 1900 | plazi:03F06833FFAC647E8CC6F3ACFD39FC72 Ephemerotoma Potapov, Kahrarian, Deharveng & Shayanmehr, 2015, gen. nov.",,,,,,,,
Q242,Subisotoma pusilla,Subisotoma,habitat,What is the habitat of Subisotoma pusilla?,5,"pmc:10.11646/zootaxa.5147.1.1 Catalogue of Vietnamese springtails (Hexapoda, Collembola) | plazi:03CF878BFFD2C21022A75C57FBEBA8C8 Subisotoma pusilla | plazi:E03187B3FFF4D423FF31F1A3FD40FD8E Subisotoma pusilla | plazi:038A87F82C0F7F53C8B1FA94FB48F81F Subisotoma pusilla Schaffer 1900 | plazi:03F06833FFAC647E8CC6F3ACFD39FC72 Ephemerotoma Potapov, Kahrarian, Deharveng & Shayanmehr, 2015, gen. nov.",,,,,,,,
Q243,Subisotoma pusilla,Subisotoma,trophic_guild,What does Subisotoma pusilla feed on?,5,"pmc:10.11646/zootaxa.5147.1.1 Catalogue of Vietnamese springtails (Hexapoda, Collembola) | plazi:03CF878BFFD2C21022A75C57FBEBA8C8 Subisotoma pusilla | plazi:E03187B3FFF4D423FF31F1A3FD40FD8E Subisotoma pusilla | plazi:038A87F82C0F7F53C8B1FA94FB48F81F Subisotoma pusilla Schaffer 1900 | plazi:03F06833FFAC647E8CC6F3ACFD39FC72 Ephemerotoma Potapov, Kahrarian, Deharveng & Shayanmehr, 2015, gen. nov.",,,,,,,,
Q244,Superodontella gisini,Superodontella,body_size,What is the body length of Superodontella gisini?,1,plazi:03CF878BFFB0C272200D5E6DFD5EAEC0 Superodontella gisini,,,,,,,,
Q245,Superodontella gisini,Superodontella,habitat,What is the habitat of Superodontella gisini?,1,plazi:03CF878BFFB0C272200D5E6DFD5EAEC0 Superodontella gisini,,,,,,,,
Q246,Superodontella gisini,Superodontella,trophic_guild,What does Superodontella gisini feed on?,1,plazi:03CF878BFFB0C272200D5E6DFD5EAEC0 Superodontella gisini,,,,,,,,
Q247,Tetracanthella strenzkei,Tetracanthella,body_size,What is the body length of Tetracanthella strenzkei?,1,plazi:03CF878BFFDDC21F21F659A0FBEBADA8 Tetracanthella strenzkei Gisin 1949,,,,,,,,
Q248,Tetracanthella strenzkei,Tetracanthella,habitat,What is the habitat of Tetracanthella strenzkei?,1,plazi:03CF878BFFDDC21F21F659A0FBEBADA8 Tetracanthella strenzkei Gisin 1949,,,,,,,,
Q249,Tetracanthella strenzkei,Tetracanthella,trophic_guild,What does Tetracanthella strenzkei feed on?,1,plazi:03CF878BFFDDC21F21F659A0FBEBADA8 Tetracanthella strenzkei Gisin 1949,,,,,,,,
Q250,Tomocerina minuta,Tomocerina,body_size,What is the body length of Tomocerina minuta?,10,pmc:PMC4680968 Collembola at three alpine subarctic sites resistant to twenty years of experimental warmi | pmc:PMC6305484 Differences in collembola species assemblages (Arthropoda) between spoil tips and surround | pmc:10.3897/subtbiol.40.69808 A comparison of collecting methods in relation to the diversity of Collembola in scree hab | pmc:10.11646/zootaxa.5275.1.1 An annotated checklist of the Collembola (Hexapoda) from Iran | plazi:03CF878BFFD9C21B21F559CBFEEFABF1 Tomocerina minuta | plazi:721B6E0C8C27FF98FF3821CDA86A2439 Tomocerina minuta | plazi:03BF042CFFADB77A3AB1FC54FE27F39B Tomocerina minuta | plazi:03AA531A0F5B3534FF5959D3FB33A00F Tomocerina minuta | plazi:FB3F87CFF07AD93E45FBF292DC340ECE Tomocerina minuta | plazi:4F034B6EFFB0357CD938FD3F3FF1F9B5 Tomoceridae Schaffer 1896,,,,,,,,
Q251,Tomocerina minuta,Tomocerina,habitat,What is the habitat of Tomocerina minuta?,10,pmc:PMC4680968 Collembola at three alpine subarctic sites resistant to twenty years of experimental warmi | pmc:PMC6305484 Differences in collembola species assemblages (Arthropoda) between spoil tips and surround | pmc:10.3897/subtbiol.40.69808 A comparison of collecting methods in relation to the diversity of Collembola in scree hab | pmc:10.11646/zootaxa.5275.1.1 An annotated checklist of the Collembola (Hexapoda) from Iran | plazi:03CF878BFFD9C21B21F559CBFEEFABF1 Tomocerina minuta | plazi:721B6E0C8C27FF98FF3821CDA86A2439 Tomocerina minuta | plazi:03BF042CFFADB77A3AB1FC54FE27F39B Tomocerina minuta | plazi:03AA531A0F5B3534FF5959D3FB33A00F Tomocerina minuta | plazi:FB3F87CFF07AD93E45FBF292DC340ECE Tomocerina minuta | plazi:4F034B6EFFB0357CD938FD3F3FF1F9B5 Tomoceridae Schaffer 1896,,,,,,,,
Q252,Tomocerina minuta,Tomocerina,trophic_guild,What does Tomocerina minuta feed on?,10,pmc:PMC4680968 Collembola at three alpine subarctic sites resistant to twenty years of experimental warmi | pmc:PMC6305484 Differences in collembola species assemblages (Arthropoda) between spoil tips and surround | pmc:10.3897/subtbiol.40.69808 A comparison of collecting methods in relation to the diversity of Collembola in scree hab | pmc:10.11646/zootaxa.5275.1.1 An annotated checklist of the Collembola (Hexapoda) from Iran | plazi:03CF878BFFD9C21B21F559CBFEEFABF1 Tomocerina minuta | plazi:721B6E0C8C27FF98FF3821CDA86A2439 Tomocerina minuta | plazi:03BF042CFFADB77A3AB1FC54FE27F39B Tomocerina minuta | plazi:03AA531A0F5B3534FF5959D3FB33A00F Tomocerina minuta | plazi:FB3F87CFF07AD93E45FBF292DC340ECE Tomocerina minuta | plazi:4F034B6EFFB0357CD938FD3F3FF1F9B5 Tomoceridae Schaffer 1896,,,,,,,,
Q253,Tomocerus minor,Tomocerus,body_size,What is the body length of Tomocerus minor?,36,"medline:28309162 Interspecific and intraspecific selection by the predator Notiophilus biguttatus F. (Carab | medline:28311313 Size-specific mortality patterns in two species of forest floor Collembola. | medline:28309140 Formation and ecological significance of aggregations in collembola : An experimental stud | medline:28309145 Effects of food deprivation and type of prey on predation by Notiophilus biguttatus F. (Ca | medline:421250 The midgut of Tomocerus minor Lubbock (insecta, collembola): ultrastructure, cytochemistry | medline:18621198 Cell junctions in the gut of Protura. | medline:639082 Cytochemistry and x-ray microprobe analysis of the midgut of Tomocerus minor lubbock (inse | pmc:PMC3800792 An introduction to Iranian Collembola (Hexapoda): an update to the species list | pmc:PMC8453724 Multidimensional trophic niche revealed by complementary approaches: Gut content, digestiv | pmc:10.3897/subtbiol.40.69808 A comparison of collecting methods in relation to the diversity of Collembola in scree hab | pmc:PMC4467183 Collembolan species diversity of calcareous canyons in the Republic of Moldova | pmc:PMC9864308 Warming in Cold Seasons Increases the Abundance of Ground-Dwelling Collembola in Permafros | pmc:PMC5769716 Riparian Collembola ( Hexapoda ) communities of northern Moldova, Eastern Europe | pmc:PMC10926418 Insights into the prey of Vespa mandarinia (Hymenoptera: Vespidae) in Washington state, ob | pmc:10.5852/ejt.2016.176 Tomoceridae (Collembola, Entomobryomorpha) from the southern Annamitic cordillera: redescr | pmc:PMC10230187 Wolbachia springs eternal: symbiosis in Collembola is associated with host ecology | pmc:PMC8207353 The role of bracket fungi in creating alpha diversity of invertebrates in the Białowieża N | pmc:PMC10724306 Using dietary exposure to determine sub-lethal effects from imidacloprid in two springtail | pmc:PMC5696395 Neutral lipid fatty acid composition as trait and constraint in Collembola evolution | pmc:PMC6858819 Effects of miniaturization in the anatomy of the minute springtail Mesaphorura sylvatica ( | pmc:10.3897/subtbiol.33.48805 Terrestrial invertebrate fauna of Polish caves – a summary of 100 years of research | pmc:10.1093/zoolinnean/zlae020 Unravelling the obscure homology: postembryonic development of chaetotaxic traits in a bas | pmc:PMC12480435 Soil Allies: Exploring the Combined Potential of Folsomia candida and Trichoderma spp. Aga | pmc:10.11646/zootaxa.5147.1.1 Catalogue of Vietnamese springtails (Hexapoda, Collembola) | pmc:10.11646/zootaxa.5275.1.1 An annotated checklist of the Collembola (Hexapoda) from Iran | plazi:E03187B3FFE2D435FF31F5C7FD7FF9E2 Tomocerus (Tomocerus) minor | plazi:721B6E0C8C27FF98FF382355A9412519 Tomocerus minor | plazi:03CF878BFFDAC21820085FEDFBFFA82C Tomocerus minor | plazi:03BF042CFFADB77A3AB1FD3CFD0BF43C Tomocerus minor | plazi:03AA531A0F5B3534FF595B69FE25A1D4 Tomocerus minor | plazi:DE3DBD36FFDFDC70E17FFC47FD81F9EA Tomocerus minor | plazi:03CA87C3FF93B01AFFC9F9E3FB142C28 Tomocerus (Tomocerus) minor | plazi:FB3F87CFF07AD93E45FBF292DC340ECE Tomocerina minuta | plazi:4F034B6EFFB0357CD938FD3F3FF1F9B5 Tomoceridae Schaffer 1896 | plazi:03CF878BFFDAC21922995B41FEA9AD93 Tomocerus minor subsp. orcina Absolon 1901 | plazi:496BD62B7121F106FD8B3D28FAF29E5A Tomocerus ocreatus Denis 1948",,,,,,,,
Q254,Tomocerus minor,Tomocerus,habitat,What is the habitat of Tomocerus minor?,36,"medline:28309162 Interspecific and intraspecific selection by the predator Notiophilus biguttatus F. (Carab | medline:28311313 Size-specific mortality patterns in two species of forest floor Collembola. | medline:28309140 Formation and ecological significance of aggregations in collembola : An experimental stud | medline:28309145 Effects of food deprivation and type of prey on predation by Notiophilus biguttatus F. (Ca | medline:421250 The midgut of Tomocerus minor Lubbock (insecta, collembola): ultrastructure, cytochemistry | medline:18621198 Cell junctions in the gut of Protura. | medline:639082 Cytochemistry and x-ray microprobe analysis of the midgut of Tomocerus minor lubbock (inse | pmc:PMC3800792 An introduction to Iranian Collembola (Hexapoda): an update to the species list | pmc:PMC8453724 Multidimensional trophic niche revealed by complementary approaches: Gut content, digestiv | pmc:10.3897/subtbiol.40.69808 A comparison of collecting methods in relation to the diversity of Collembola in scree hab | pmc:PMC4467183 Collembolan species diversity of calcareous canyons in the Republic of Moldova | pmc:PMC9864308 Warming in Cold Seasons Increases the Abundance of Ground-Dwelling Collembola in Permafros | pmc:PMC5769716 Riparian Collembola ( Hexapoda ) communities of northern Moldova, Eastern Europe | pmc:PMC10926418 Insights into the prey of Vespa mandarinia (Hymenoptera: Vespidae) in Washington state, ob | pmc:10.5852/ejt.2016.176 Tomoceridae (Collembola, Entomobryomorpha) from the southern Annamitic cordillera: redescr | pmc:PMC10230187 Wolbachia springs eternal: symbiosis in Collembola is associated with host ecology | pmc:PMC8207353 The role of bracket fungi in creating alpha diversity of invertebrates in the Białowieża N | pmc:PMC10724306 Using dietary exposure to determine sub-lethal effects from imidacloprid in two springtail | pmc:PMC5696395 Neutral lipid fatty acid composition as trait and constraint in Collembola evolution | pmc:PMC6858819 Effects of miniaturization in the anatomy of the minute springtail Mesaphorura sylvatica ( | pmc:10.3897/subtbiol.33.48805 Terrestrial invertebrate fauna of Polish caves – a summary of 100 years of research | pmc:10.1093/zoolinnean/zlae020 Unravelling the obscure homology: postembryonic development of chaetotaxic traits in a bas | pmc:PMC12480435 Soil Allies: Exploring the Combined Potential of Folsomia candida and Trichoderma spp. Aga | pmc:10.11646/zootaxa.5147.1.1 Catalogue of Vietnamese springtails (Hexapoda, Collembola) | pmc:10.11646/zootaxa.5275.1.1 An annotated checklist of the Collembola (Hexapoda) from Iran | plazi:E03187B3FFE2D435FF31F5C7FD7FF9E2 Tomocerus (Tomocerus) minor | plazi:721B6E0C8C27FF98FF382355A9412519 Tomocerus minor | plazi:03CF878BFFDAC21820085FEDFBFFA82C Tomocerus minor | plazi:03BF042CFFADB77A3AB1FD3CFD0BF43C Tomocerus minor | plazi:03AA531A0F5B3534FF595B69FE25A1D4 Tomocerus minor | plazi:DE3DBD36FFDFDC70E17FFC47FD81F9EA Tomocerus minor | plazi:03CA87C3FF93B01AFFC9F9E3FB142C28 Tomocerus (Tomocerus) minor | plazi:FB3F87CFF07AD93E45FBF292DC340ECE Tomocerina minuta | plazi:4F034B6EFFB0357CD938FD3F3FF1F9B5 Tomoceridae Schaffer 1896 | plazi:03CF878BFFDAC21922995B41FEA9AD93 Tomocerus minor subsp. orcina Absolon 1901 | plazi:496BD62B7121F106FD8B3D28FAF29E5A Tomocerus ocreatus Denis 1948",,,,,,,,
Q255,Tomocerus minor,Tomocerus,trophic_guild,What does Tomocerus minor feed on?,36,"medline:28309162 Interspecific and intraspecific selection by the predator Notiophilus biguttatus F. (Carab | medline:28311313 Size-specific mortality patterns in two species of forest floor Collembola. | medline:28309140 Formation and ecological significance of aggregations in collembola : An experimental stud | medline:28309145 Effects of food deprivation and type of prey on predation by Notiophilus biguttatus F. (Ca | medline:421250 The midgut of Tomocerus minor Lubbock (insecta, collembola): ultrastructure, cytochemistry | medline:18621198 Cell junctions in the gut of Protura. | medline:639082 Cytochemistry and x-ray microprobe analysis of the midgut of Tomocerus minor lubbock (inse | pmc:PMC3800792 An introduction to Iranian Collembola (Hexapoda): an update to the species list | pmc:PMC8453724 Multidimensional trophic niche revealed by complementary approaches: Gut content, digestiv | pmc:10.3897/subtbiol.40.69808 A comparison of collecting methods in relation to the diversity of Collembola in scree hab | pmc:PMC4467183 Collembolan species diversity of calcareous canyons in the Republic of Moldova | pmc:PMC9864308 Warming in Cold Seasons Increases the Abundance of Ground-Dwelling Collembola in Permafros | pmc:PMC5769716 Riparian Collembola ( Hexapoda ) communities of northern Moldova, Eastern Europe | pmc:PMC10926418 Insights into the prey of Vespa mandarinia (Hymenoptera: Vespidae) in Washington state, ob | pmc:10.5852/ejt.2016.176 Tomoceridae (Collembola, Entomobryomorpha) from the southern Annamitic cordillera: redescr | pmc:PMC10230187 Wolbachia springs eternal: symbiosis in Collembola is associated with host ecology | pmc:PMC8207353 The role of bracket fungi in creating alpha diversity of invertebrates in the Białowieża N | pmc:PMC10724306 Using dietary exposure to determine sub-lethal effects from imidacloprid in two springtail | pmc:PMC5696395 Neutral lipid fatty acid composition as trait and constraint in Collembola evolution | pmc:PMC6858819 Effects of miniaturization in the anatomy of the minute springtail Mesaphorura sylvatica ( | pmc:10.3897/subtbiol.33.48805 Terrestrial invertebrate fauna of Polish caves – a summary of 100 years of research | pmc:10.1093/zoolinnean/zlae020 Unravelling the obscure homology: postembryonic development of chaetotaxic traits in a bas | pmc:PMC12480435 Soil Allies: Exploring the Combined Potential of Folsomia candida and Trichoderma spp. Aga | pmc:10.11646/zootaxa.5147.1.1 Catalogue of Vietnamese springtails (Hexapoda, Collembola) | pmc:10.11646/zootaxa.5275.1.1 An annotated checklist of the Collembola (Hexapoda) from Iran | plazi:E03187B3FFE2D435FF31F5C7FD7FF9E2 Tomocerus (Tomocerus) minor | plazi:721B6E0C8C27FF98FF382355A9412519 Tomocerus minor | plazi:03CF878BFFDAC21820085FEDFBFFA82C Tomocerus minor | plazi:03BF042CFFADB77A3AB1FD3CFD0BF43C Tomocerus minor | plazi:03AA531A0F5B3534FF595B69FE25A1D4 Tomocerus minor | plazi:DE3DBD36FFDFDC70E17FFC47FD81F9EA Tomocerus minor | plazi:03CA87C3FF93B01AFFC9F9E3FB142C28 Tomocerus (Tomocerus) minor | plazi:FB3F87CFF07AD93E45FBF292DC340ECE Tomocerina minuta | plazi:4F034B6EFFB0357CD938FD3F3FF1F9B5 Tomoceridae Schaffer 1896 | plazi:03CF878BFFDAC21922995B41FEA9AD93 Tomocerus minor subsp. orcina Absolon 1901 | plazi:496BD62B7121F106FD8B3D28FAF29E5A Tomocerus ocreatus Denis 1948",,,,,,,,
Q256,Tomocerus problematicus,Tomocerus,body_size,What is the body length of Tomocerus problematicus?,2,pmc:PMC3088440 A new relictual and highly troglomorphic species of Tomoceridae (Collembola) from a deep C | plazi:03CF878BFFDBC21921D15EEDFD37A88A Tomocerus problematicus Cassagnau 1964,,,,,,,,
Q257,Tomocerus problematicus,Tomocerus,habitat,What is the habitat of Tomocerus problematicus?,2,pmc:PMC3088440 A new relictual and highly troglomorphic species of Tomoceridae (Collembola) from a deep C | plazi:03CF878BFFDBC21921D15EEDFD37A88A Tomocerus problematicus Cassagnau 1964,,,,,,,,
Q258,Tomocerus problematicus,Tomocerus,trophic_guild,What does Tomocerus problematicus feed on?,2,pmc:PMC3088440 A new relictual and highly troglomorphic species of Tomoceridae (Collembola) from a deep C | plazi:03CF878BFFDBC21921D15EEDFD37A88A Tomocerus problematicus Cassagnau 1964,,,,,,,,
Q259,Tomocerus vulgaris,Tomocerus,body_size,What is the body length of Tomocerus vulgaris?,22,"pmc:PMC10823885 Complete mitochondrial genome of the Korean endemic springtail Tomocerus caputiviolaceus L | pmc:10.3897/subtbiol.40.69808 A comparison of collecting methods in relation to the diversity of Collembola in scree hab | pmc:PMC11321324 The unique epicuticular chemistry of Collembola – A cross-species analysis | pmc:PMC11311677 Frequent Acquisition of Glycoside Hydrolase Family 32 (GH32) Genes from Bacteria via Horiz | pmc:PMC5696395 Neutral lipid fatty acid composition as trait and constraint in Collembola evolution | pmc:PMC3800792 An introduction to Iranian Collembola (Hexapoda): an update to the species list | pmc:PMC4467183 Collembolan species diversity of calcareous canyons in the Republic of Moldova | pmc:PMC5769716 Riparian Collembola ( Hexapoda ) communities of northern Moldova, Eastern Europe | pmc:PMC5728517 Root-derived carbon and nitrogen from beech and ash trees differentially fuel soil animal  | pmc:PMC6163862 Habitat Structure, Quality and Landscape Predict Species Richness and Communities of Colle | pmc:PMC6305484 Differences in collembola species assemblages (Arthropoda) between spoil tips and surround | pmc:10.3897/subtbiol.33.48805 Terrestrial invertebrate fauna of Polish caves – a summary of 100 years of research | pmc:PMC4553544 A Holarctic Biogeographical Analysis of the Collembola (Arthropoda, Hexapoda) Unravels Rec | pmc:10.11646/zootaxa.5275.1.1 An annotated checklist of the Collembola (Hexapoda) from Iran | plazi:721B6E0C8C27FF98FF382275AB09232D Tomocerus vulgaris | plazi:03CF878BFFDBC21921F25BE8FECDABF1 Tomocerus vulgaris | plazi:03E5878DFFC7FFA0FF5DF9DA8484F85B Tomocerus vulgaris | plazi:0383FA70377D8B76C69FF80A5EFDFE2F Tomocerus vulgaris | plazi:03AA531A0F5A3535FFA85CBEFBD9A78E Tomocerus vulgaris | plazi:FB3F87CFF07AD93F465EF293DDA30D94 Tomocerus vulgaris | plazi:4F034B6EFFB0357CD938FD3F3FF1F9B5 Tomoceridae Schaffer 1896 | plazi:03E5878DFFC6FFA3FFAEFE8983B5FBBF Entomobryomorpha Borner 1913",,,,,,,,
Q260,Tomocerus vulgaris,Tomocerus,habitat,What is the habitat of Tomocerus vulgaris?,22,"pmc:PMC10823885 Complete mitochondrial genome of the Korean endemic springtail Tomocerus caputiviolaceus L | pmc:10.3897/subtbiol.40.69808 A comparison of collecting methods in relation to the diversity of Collembola in scree hab | pmc:PMC11321324 The unique epicuticular chemistry of Collembola – A cross-species analysis | pmc:PMC11311677 Frequent Acquisition of Glycoside Hydrolase Family 32 (GH32) Genes from Bacteria via Horiz | pmc:PMC5696395 Neutral lipid fatty acid composition as trait and constraint in Collembola evolution | pmc:PMC3800792 An introduction to Iranian Collembola (Hexapoda): an update to the species list | pmc:PMC4467183 Collembolan species diversity of calcareous canyons in the Republic of Moldova | pmc:PMC5769716 Riparian Collembola ( Hexapoda ) communities of northern Moldova, Eastern Europe | pmc:PMC5728517 Root-derived carbon and nitrogen from beech and ash trees differentially fuel soil animal  | pmc:PMC6163862 Habitat Structure, Quality and Landscape Predict Species Richness and Communities of Colle | pmc:PMC6305484 Differences in collembola species assemblages (Arthropoda) between spoil tips and surround | pmc:10.3897/subtbiol.33.48805 Terrestrial invertebrate fauna of Polish caves – a summary of 100 years of research | pmc:PMC4553544 A Holarctic Biogeographical Analysis of the Collembola (Arthropoda, Hexapoda) Unravels Rec | pmc:10.11646/zootaxa.5275.1.1 An annotated checklist of the Collembola (Hexapoda) from Iran | plazi:721B6E0C8C27FF98FF382275AB09232D Tomocerus vulgaris | plazi:03CF878BFFDBC21921F25BE8FECDABF1 Tomocerus vulgaris | plazi:03E5878DFFC7FFA0FF5DF9DA8484F85B Tomocerus vulgaris | plazi:0383FA70377D8B76C69FF80A5EFDFE2F Tomocerus vulgaris | plazi:03AA531A0F5A3535FFA85CBEFBD9A78E Tomocerus vulgaris | plazi:FB3F87CFF07AD93F465EF293DDA30D94 Tomocerus vulgaris | plazi:4F034B6EFFB0357CD938FD3F3FF1F9B5 Tomoceridae Schaffer 1896 | plazi:03E5878DFFC6FFA3FFAEFE8983B5FBBF Entomobryomorpha Borner 1913",,,,,,,,
Q261,Tomocerus vulgaris,Tomocerus,trophic_guild,What does Tomocerus vulgaris feed on?,22,"pmc:PMC10823885 Complete mitochondrial genome of the Korean endemic springtail Tomocerus caputiviolaceus L | pmc:10.3897/subtbiol.40.69808 A comparison of collecting methods in relation to the diversity of Collembola in scree hab | pmc:PMC11321324 The unique epicuticular chemistry of Collembola – A cross-species analysis | pmc:PMC11311677 Frequent Acquisition of Glycoside Hydrolase Family 32 (GH32) Genes from Bacteria via Horiz | pmc:PMC5696395 Neutral lipid fatty acid composition as trait and constraint in Collembola evolution | pmc:PMC3800792 An introduction to Iranian Collembola (Hexapoda): an update to the species list | pmc:PMC4467183 Collembolan species diversity of calcareous canyons in the Republic of Moldova | pmc:PMC5769716 Riparian Collembola ( Hexapoda ) communities of northern Moldova, Eastern Europe | pmc:PMC5728517 Root-derived carbon and nitrogen from beech and ash trees differentially fuel soil animal  | pmc:PMC6163862 Habitat Structure, Quality and Landscape Predict Species Richness and Communities of Colle | pmc:PMC6305484 Differences in collembola species assemblages (Arthropoda) between spoil tips and surround | pmc:10.3897/subtbiol.33.48805 Terrestrial invertebrate fauna of Polish caves – a summary of 100 years of research | pmc:PMC4553544 A Holarctic Biogeographical Analysis of the Collembola (Arthropoda, Hexapoda) Unravels Rec | pmc:10.11646/zootaxa.5275.1.1 An annotated checklist of the Collembola (Hexapoda) from Iran | plazi:721B6E0C8C27FF98FF382275AB09232D Tomocerus vulgaris | plazi:03CF878BFFDBC21921F25BE8FECDABF1 Tomocerus vulgaris | plazi:03E5878DFFC7FFA0FF5DF9DA8484F85B Tomocerus vulgaris | plazi:0383FA70377D8B76C69FF80A5EFDFE2F Tomocerus vulgaris | plazi:03AA531A0F5A3535FFA85CBEFBD9A78E Tomocerus vulgaris | plazi:FB3F87CFF07AD93F465EF293DDA30D94 Tomocerus vulgaris | plazi:4F034B6EFFB0357CD938FD3F3FF1F9B5 Tomoceridae Schaffer 1896 | plazi:03E5878DFFC6FFA3FFAEFE8983B5FBBF Entomobryomorpha Borner 1913",,,,,,,,
Q262,Vertagopus alpinus,Vertagopus,body_size,What is the body length of Vertagopus alpinus?,0,,,,,,,,,
Q263,Vertagopus alpinus,Vertagopus,habitat,What is the habitat of Vertagopus alpinus?,0,,,,,,,,,
Q264,Vertagopus alpinus,Vertagopus,trophic_guild,What does Vertagopus alpinus feed on?,0,,,,,,,,,
Q265,Vertagopus glacialis,Vertagopus,body_size,What is the body length of Vertagopus glacialis?,2,medline:39247954 Ecological interactions in glacier environments: a review of studies on a model Alpine gla | pmc:PMC11718624 Ecological interactions in glacier environments: a review of studies on a model Alpine gla,,,,,,,,
Q266,Vertagopus glacialis,Vertagopus,habitat,What is the habitat of Vertagopus glacialis?,2,medline:39247954 Ecological interactions in glacier environments: a review of studies on a model Alpine gla | pmc:PMC11718624 Ecological interactions in glacier environments: a review of studies on a model Alpine gla,,,,,,,,
Q267,Vertagopus glacialis,Vertagopus,trophic_guild,What does Vertagopus glacialis feed on?,2,medline:39247954 Ecological interactions in glacier environments: a review of studies on a model Alpine gla | pmc:PMC11718624 Ecological interactions in glacier environments: a review of studies on a model Alpine gla,,,,,,,,
Q268,Vertagopus glacieinigrae,Vertagopus,body_size,What is the body length of Vertagopus glacieinigrae?,0,,,,,,,,,
Q269,Vertagopus glacieinigrae,Vertagopus,habitat,What is the habitat of Vertagopus glacieinigrae?,0,,,,,,,,,
Q270,Vertagopus glacieinigrae,Vertagopus,trophic_guild,What does Vertagopus glacieinigrae feed on?,0,,,,,,,,,
Q271,Vertagopus sarekensis,Vertagopus,body_size,What is the body length of Vertagopus sarekensis?,4,"medline:37957119 Cyclopropane Hydrocarbons from the Springtail Vertagopus sarekensis─A New Class of Cuticul | pmc:PMC10825826 Cyclopropane Hydrocarbons from the Springtail Vertagopus sarekensis—A New Class of Cuticul | pmc:PMC11321324 The unique epicuticular chemistry of Collembola – A cross-species analysis | pmc:PMC4553544 A Holarctic Biogeographical Analysis of the Collembola (Arthropoda, Hexapoda) Unravels Rec",,,,,,,,
Q272,Vertagopus sarekensis,Vertagopus,habitat,What is the habitat of Vertagopus sarekensis?,4,"medline:37957119 Cyclopropane Hydrocarbons from the Springtail Vertagopus sarekensis─A New Class of Cuticul | pmc:PMC10825826 Cyclopropane Hydrocarbons from the Springtail Vertagopus sarekensis—A New Class of Cuticul | pmc:PMC11321324 The unique epicuticular chemistry of Collembola – A cross-species analysis | pmc:PMC4553544 A Holarctic Biogeographical Analysis of the Collembola (Arthropoda, Hexapoda) Unravels Rec",,,,,,,,
Q273,Vertagopus sarekensis,Vertagopus,trophic_guild,What does Vertagopus sarekensis feed on?,4,"medline:37957119 Cyclopropane Hydrocarbons from the Springtail Vertagopus sarekensis─A New Class of Cuticul | pmc:PMC10825826 Cyclopropane Hydrocarbons from the Springtail Vertagopus sarekensis—A New Class of Cuticul | pmc:PMC11321324 The unique epicuticular chemistry of Collembola – A cross-species analysis | pmc:PMC4553544 A Holarctic Biogeographical Analysis of the Collembola (Arthropoda, Hexapoda) Unravels Rec",,,,,,,,
Q274,Willemia similis,Willemia,body_size,What is the body length of Willemia similis?,7,"pmc:10.11646/zootaxa.4838.3.10 Isotomurus graminis Fjellberg (Collembola: Isotomidae) new for Iran, key to Iranian specie | pmc:PMC12547479 StrataSeq : A Workflow for Rapid Development of Molecular Databases for Hard‐To‐Identify S | pmc:PMC4553544 A Holarctic Biogeographical Analysis of the Collembola (Arthropoda, Hexapoda) Unravels Rec | pmc:10.11646/zootaxa.5275.1.1 An annotated checklist of the Collembola (Hexapoda) from Iran | plazi:721B6E0C8C1FFFA0FF382429A99C2029 Willemia similis Mills 1934 | plazi:266B5D55F755FFC4FF7EF94E46C3FF11 Willemia similis Mills 1934 | plazi:266B5D55F75BFFC9FF7EFE384409FD4D Willemia similis",,,,,,,,
Q275,Willemia similis,Willemia,habitat,What is the habitat of Willemia similis?,7,"pmc:10.11646/zootaxa.4838.3.10 Isotomurus graminis Fjellberg (Collembola: Isotomidae) new for Iran, key to Iranian specie | pmc:PMC12547479 StrataSeq : A Workflow for Rapid Development of Molecular Databases for Hard‐To‐Identify S | pmc:PMC4553544 A Holarctic Biogeographical Analysis of the Collembola (Arthropoda, Hexapoda) Unravels Rec | pmc:10.11646/zootaxa.5275.1.1 An annotated checklist of the Collembola (Hexapoda) from Iran | plazi:721B6E0C8C1FFFA0FF382429A99C2029 Willemia similis Mills 1934 | plazi:266B5D55F755FFC4FF7EF94E46C3FF11 Willemia similis Mills 1934 | plazi:266B5D55F75BFFC9FF7EFE384409FD4D Willemia similis",,,,,,,,
Q276,Willemia similis,Willemia,trophic_guild,What does Willemia similis feed on?,7,"pmc:10.11646/zootaxa.4838.3.10 Isotomurus graminis Fjellberg (Collembola: Isotomidae) new for Iran, key to Iranian specie | pmc:PMC12547479 StrataSeq : A Workflow for Rapid Development of Molecular Databases for Hard‐To‐Identify S | pmc:PMC4553544 A Holarctic Biogeographical Analysis of the Collembola (Arthropoda, Hexapoda) Unravels Rec | pmc:10.11646/zootaxa.5275.1.1 An annotated checklist of the Collembola (Hexapoda) from Iran | plazi:721B6E0C8C1FFFA0FF382429A99C2029 Willemia similis Mills 1934 | plazi:266B5D55F755FFC4FF7EF94E46C3FF11 Willemia similis Mills 1934 | plazi:266B5D55F75BFFC9FF7EFE384409FD4D Willemia similis",,,,,,,,
Q277,Willowsia buski,Willowsia,body_size,What is the body length of Willowsia buski?,11,"pmc:PMC6117009 Response of Collembola and Acari communities to summer flooding in a grassland plant diver | pmc:PMC6920439 Biosecurity risks posed by a large sea-going passenger vessel: challenges of terrestrial a | pmc:10.5852/ejt.2024.935.2549 Two new species and one new record of Willowsia Shoebotham, 1917 (Collembola: Entomobryida | pmc:PMC6163862 Habitat Structure, Quality and Landscape Predict Species Richness and Communities of Colle | pmc:PMC4607850 Taxonomic review and phylogenetic analysis of fifteen North American Entomobrya ( Collembo | pmc:10.3897/subtbiol.40.69808 A comparison of collecting methods in relation to the diversity of Collembola in scree hab | plazi:03CF878BFFF6C23422B15D0AFBB5A819 Willowsia buski | plazi:266B5D55F71BFF89FF7EFCAA4694FB79 Willowsia buski | plazi:03E58E29FFF6FF9C9EF6FA3C4321FE30 Willowsia buski | plazi:03C13C313466FFCB107BF9CBBB105849 Willowsia arunachalensis Mandal & Mandal & Suman & Bhattacharya 2024, sp. nov. | plazi:4F034B6EFFB3357CD92FFE8E3FE0FDD9 Entomobryidae Schaffer 1896",,,,,,,,
Q278,Willowsia buski,Willowsia,habitat,What is the habitat of Willowsia buski?,11,"pmc:PMC6117009 Response of Collembola and Acari communities to summer flooding in a grassland plant diver | pmc:PMC6920439 Biosecurity risks posed by a large sea-going passenger vessel: challenges of terrestrial a | pmc:10.5852/ejt.2024.935.2549 Two new species and one new record of Willowsia Shoebotham, 1917 (Collembola: Entomobryida | pmc:PMC6163862 Habitat Structure, Quality and Landscape Predict Species Richness and Communities of Colle | pmc:PMC4607850 Taxonomic review and phylogenetic analysis of fifteen North American Entomobrya ( Collembo | pmc:10.3897/subtbiol.40.69808 A comparison of collecting methods in relation to the diversity of Collembola in scree hab | plazi:03CF878BFFF6C23422B15D0AFBB5A819 Willowsia buski | plazi:266B5D55F71BFF89FF7EFCAA4694FB79 Willowsia buski | plazi:03E58E29FFF6FF9C9EF6FA3C4321FE30 Willowsia buski | plazi:03C13C313466FFCB107BF9CBBB105849 Willowsia arunachalensis Mandal & Mandal & Suman & Bhattacharya 2024, sp. nov. | plazi:4F034B6EFFB3357CD92FFE8E3FE0FDD9 Entomobryidae Schaffer 1896",,,,,,,,
Q279,Willowsia buski,Willowsia,trophic_guild,What does Willowsia buski feed on?,11,"pmc:PMC6117009 Response of Collembola and Acari communities to summer flooding in a grassland plant diver | pmc:PMC6920439 Biosecurity risks posed by a large sea-going passenger vessel: challenges of terrestrial a | pmc:10.5852/ejt.2024.935.2549 Two new species and one new record of Willowsia Shoebotham, 1917 (Collembola: Entomobryida | pmc:PMC6163862 Habitat Structure, Quality and Landscape Predict Species Richness and Communities of Colle | pmc:PMC4607850 Taxonomic review and phylogenetic analysis of fifteen North American Entomobrya ( Collembo | pmc:10.3897/subtbiol.40.69808 A comparison of collecting methods in relation to the diversity of Collembola in scree hab | plazi:03CF878BFFF6C23422B15D0AFBB5A819 Willowsia buski | plazi:266B5D55F71BFF89FF7EFCAA4694FB79 Willowsia buski | plazi:03E58E29FFF6FF9C9EF6FA3C4321FE30 Willowsia buski | plazi:03C13C313466FFCB107BF9CBBB105849 Willowsia arunachalensis Mandal & Mandal & Suman & Bhattacharya 2024, sp. nov. | plazi:4F034B6EFFB3357CD92FFE8E3FE0FDD9 Entomobryidae Schaffer 1896",,,,,,,,
Q280,Xenylla acauda,Xenylla,body_size,What is the body length of Xenylla acauda?,0,,,,,,,,,
Q281,Xenylla acauda,Xenylla,habitat,What is the habitat of Xenylla acauda?,0,,,,,,,,,
Q282,Xenylla acauda,Xenylla,trophic_guild,What does Xenylla acauda feed on?,0,,,,,,,,,
Q283,Xenylla boerneri,Xenylla,body_size,What is the body length of Xenylla boerneri?,6,"pmc:10.11646/zootaxa.1959.1.4 Species of the genus Xenylla Tullberg, 1869 (Collembola: Hypogastruridae) from the Republi | pmc:PMC4680968 Collembola at three alpine subarctic sites resistant to twenty years of experimental warmi | pmc:PMC4467183 Collembolan species diversity of calcareous canyons in the Republic of Moldova | pmc:10.3897/subtbiol.33.48805 Terrestrial invertebrate fauna of Polish caves – a summary of 100 years of research | plazi:03CF878BFF9BC25922CD5900FB11AB1A Xenylla boerneri Axelson 1905 | plazi:0392E246FFA0353BFF48081B72828050 Xenylla undetermined",,,,,,,,
Q284,Xenylla boerneri,Xenylla,habitat,What is the habitat of Xenylla boerneri?,6,"pmc:10.11646/zootaxa.1959.1.4 Species of the genus Xenylla Tullberg, 1869 (Collembola: Hypogastruridae) from the Republi | pmc:PMC4680968 Collembola at three alpine subarctic sites resistant to twenty years of experimental warmi | pmc:PMC4467183 Collembolan species diversity of calcareous canyons in the Republic of Moldova | pmc:10.3897/subtbiol.33.48805 Terrestrial invertebrate fauna of Polish caves – a summary of 100 years of research | plazi:03CF878BFF9BC25922CD5900FB11AB1A Xenylla boerneri Axelson 1905 | plazi:0392E246FFA0353BFF48081B72828050 Xenylla undetermined",,,,,,,,
Q285,Xenylla boerneri,Xenylla,trophic_guild,What does Xenylla boerneri feed on?,6,"pmc:10.11646/zootaxa.1959.1.4 Species of the genus Xenylla Tullberg, 1869 (Collembola: Hypogastruridae) from the Republi | pmc:PMC4680968 Collembola at three alpine subarctic sites resistant to twenty years of experimental warmi | pmc:PMC4467183 Collembolan species diversity of calcareous canyons in the Republic of Moldova | pmc:10.3897/subtbiol.33.48805 Terrestrial invertebrate fauna of Polish caves – a summary of 100 years of research | plazi:03CF878BFF9BC25922CD5900FB11AB1A Xenylla boerneri Axelson 1905 | plazi:0392E246FFA0353BFF48081B72828050 Xenylla undetermined",,,,,,,,
Q286,Xenylla humicola,Xenylla,body_size,What is the body length of Xenylla humicola?,14,"pmc:PMC5142048 Interactions between rates of temperature change and acclimation affect latitudinal patter | pmc:10.5281/zenodo.193753 Paraxenylla norvegica sp. nov., the most northern species of the genus (Collembola, Hypoga | pmc:PMC3585932 PyroClean: Denoising Pyrosequences from Protein-Coding Amplicons for the Recovery of Inter | pmc:PMC3800792 An introduction to Iranian Collembola (Hexapoda): an update to the species list | pmc:PMC6383892 Chemical analysis of Brasilimeria Stach, 1949 (Hexapoda, Collembola, Neanuridae) hemolymph | pmc:PMC4553544 A Holarctic Biogeographical Analysis of the Collembola (Arthropoda, Hexapoda) Unravels Rec | pmc:10.11646/zootaxa.5275.1.1 An annotated checklist of the Collembola (Hexapoda) from Iran | pmc:10.11646/zootaxa.5147.1.1 Catalogue of Vietnamese springtails (Hexapoda, Collembola) | plazi:03CF878BFF84C24622A35FE2FA9AADD3 Xenylla humicola | plazi:721B6E0C8C1EFFA1FF3821CDA99C278D Xenylla humicola | plazi:266B5D55F756FFC5FF7EF938450CFEA2 Xenylla humicola | plazi:03AA531A0F54353BFFA8591CFEF3A052 Xenylla humicola | plazi:E03187B3FF8DD45BFF31F727FC28FC33 Xenylla humicola | plazi:03EE284EFFF71D01FF02FC09FC732729 Paraxenylla norvegica Fjellberg, 2010, sp. nov.",,,,,,,,
Q287,Xenylla humicola,Xenylla,habitat,What is the habitat of Xenylla humicola?,14,"pmc:PMC5142048 Interactions between rates of temperature change and acclimation affect latitudinal patter | pmc:10.5281/zenodo.193753 Paraxenylla norvegica sp. nov., the most northern species of the genus (Collembola, Hypoga | pmc:PMC3585932 PyroClean: Denoising Pyrosequences from Protein-Coding Amplicons for the Recovery of Inter | pmc:PMC3800792 An introduction to Iranian Collembola (Hexapoda): an update to the species list | pmc:PMC6383892 Chemical analysis of Brasilimeria Stach, 1949 (Hexapoda, Collembola, Neanuridae) hemolymph | pmc:PMC4553544 A Holarctic Biogeographical Analysis of the Collembola (Arthropoda, Hexapoda) Unravels Rec | pmc:10.11646/zootaxa.5275.1.1 An annotated checklist of the Collembola (Hexapoda) from Iran | pmc:10.11646/zootaxa.5147.1.1 Catalogue of Vietnamese springtails (Hexapoda, Collembola) | plazi:03CF878BFF84C24622A35FE2FA9AADD3 Xenylla humicola | plazi:721B6E0C8C1EFFA1FF3821CDA99C278D Xenylla humicola | plazi:266B5D55F756FFC5FF7EF938450CFEA2 Xenylla humicola | plazi:03AA531A0F54353BFFA8591CFEF3A052 Xenylla humicola | plazi:E03187B3FF8DD45BFF31F727FC28FC33 Xenylla humicola | plazi:03EE284EFFF71D01FF02FC09FC732729 Paraxenylla norvegica Fjellberg, 2010, sp. nov.",,,,,,,,
Q288,Xenylla humicola,Xenylla,trophic_guild,What does Xenylla humicola feed on?,14,"pmc:PMC5142048 Interactions between rates of temperature change and acclimation affect latitudinal patter | pmc:10.5281/zenodo.193753 Paraxenylla norvegica sp. nov., the most northern species of the genus (Collembola, Hypoga | pmc:PMC3585932 PyroClean: Denoising Pyrosequences from Protein-Coding Amplicons for the Recovery of Inter | pmc:PMC3800792 An introduction to Iranian Collembola (Hexapoda): an update to the species list | pmc:PMC6383892 Chemical analysis of Brasilimeria Stach, 1949 (Hexapoda, Collembola, Neanuridae) hemolymph | pmc:PMC4553544 A Holarctic Biogeographical Analysis of the Collembola (Arthropoda, Hexapoda) Unravels Rec | pmc:10.11646/zootaxa.5275.1.1 An annotated checklist of the Collembola (Hexapoda) from Iran | pmc:10.11646/zootaxa.5147.1.1 Catalogue of Vietnamese springtails (Hexapoda, Collembola) | plazi:03CF878BFF84C24622A35FE2FA9AADD3 Xenylla humicola | plazi:721B6E0C8C1EFFA1FF3821CDA99C278D Xenylla humicola | plazi:266B5D55F756FFC5FF7EF938450CFEA2 Xenylla humicola | plazi:03AA531A0F54353BFFA8591CFEF3A052 Xenylla humicola | plazi:E03187B3FF8DD45BFF31F727FC28FC33 Xenylla humicola | plazi:03EE284EFFF71D01FF02FC09FC732729 Paraxenylla norvegica Fjellberg, 2010, sp. nov.",,,,,,,,
Q289,Xenylla mediterranea,Xenylla,body_size,What is the body length of Xenylla mediterranea?,6,pmc:10.5852/ejt.2025.976.2777 Integrative description of two new species of the Xenylla maritima species complex (Collem | pmc:PMC9693011 Collembola from Two Samplings in the MSS of the Sierra de Guadarrama National Park in Two  | pmc:10.11646/zootaxa.5275.1.1 An annotated checklist of the Collembola (Hexapoda) from Iran | plazi:03DD7F24142CFF93FE44FA6AFC6CF855 Xenylla mediterranea Gama 1964 | plazi:721B6E0C8C1EFFA1FF3823E9A97A25E9 Xenylla mediterranea da Gama 1964 | plazi:195D87CB8564FFD7BFEEFD22FE47FA7A Australonura wellingtonia,,,,,,,,
Q290,Xenylla mediterranea,Xenylla,habitat,What is the habitat of Xenylla mediterranea?,6,pmc:10.5852/ejt.2025.976.2777 Integrative description of two new species of the Xenylla maritima species complex (Collem | pmc:PMC9693011 Collembola from Two Samplings in the MSS of the Sierra de Guadarrama National Park in Two  | pmc:10.11646/zootaxa.5275.1.1 An annotated checklist of the Collembola (Hexapoda) from Iran | plazi:03DD7F24142CFF93FE44FA6AFC6CF855 Xenylla mediterranea Gama 1964 | plazi:721B6E0C8C1EFFA1FF3823E9A97A25E9 Xenylla mediterranea da Gama 1964 | plazi:195D87CB8564FFD7BFEEFD22FE47FA7A Australonura wellingtonia,,,,,,,,
Q291,Xenylla mediterranea,Xenylla,trophic_guild,What does Xenylla mediterranea feed on?,6,pmc:10.5852/ejt.2025.976.2777 Integrative description of two new species of the Xenylla maritima species complex (Collem | pmc:PMC9693011 Collembola from Two Samplings in the MSS of the Sierra de Guadarrama National Park in Two  | pmc:10.11646/zootaxa.5275.1.1 An annotated checklist of the Collembola (Hexapoda) from Iran | plazi:03DD7F24142CFF93FE44FA6AFC6CF855 Xenylla mediterranea Gama 1964 | plazi:721B6E0C8C1EFFA1FF3823E9A97A25E9 Xenylla mediterranea da Gama 1964 | plazi:195D87CB8564FFD7BFEEFD22FE47FA7A Australonura wellingtonia,,,,,,,,
Q292,Xenylla pomorskii,Xenylla,body_size,What is the body length of Xenylla pomorskii?,0,,,,,,,,,
Q293,Xenylla pomorskii,Xenylla,habitat,What is the habitat of Xenylla pomorskii?,0,,,,,,,,,
Q294,Xenylla pomorskii,Xenylla,trophic_guild,What does Xenylla pomorskii feed on?,0,,,,,,,,,
Q295,Xenylla szeptyckii,Xenylla,body_size,What is the body length of Xenylla szeptyckii?,3,"pmc:PMC10230187 Wolbachia springs eternal: symbiosis in Collembola is associated with host ecology | pmc:10.11646/zootaxa.5275.1.1 An annotated checklist of the Collembola (Hexapoda) from Iran | plazi:721B6E0C8C1EFFA1FF3825E1A9EF23E2 Xenylla szeptyckii Skarzynski, Piwnik & Porco 2018",,,,,,,,
Q296,Xenylla szeptyckii,Xenylla,habitat,What is the habitat of Xenylla szeptyckii?,3,"pmc:PMC10230187 Wolbachia springs eternal: symbiosis in Collembola is associated with host ecology | pmc:10.11646/zootaxa.5275.1.1 An annotated checklist of the Collembola (Hexapoda) from Iran | plazi:721B6E0C8C1EFFA1FF3825E1A9EF23E2 Xenylla szeptyckii Skarzynski, Piwnik & Porco 2018",,,,,,,,
Q297,Xenylla szeptyckii,Xenylla,trophic_guild,What does Xenylla szeptyckii feed on?,3,"pmc:PMC10230187 Wolbachia springs eternal: symbiosis in Collembola is associated with host ecology | pmc:10.11646/zootaxa.5275.1.1 An annotated checklist of the Collembola (Hexapoda) from Iran | plazi:721B6E0C8C1EFFA1FF3825E1A9EF23E2 Xenylla szeptyckii Skarzynski, Piwnik & Porco 2018",,,,,,,,
Q298,Xenylla tullbergi,Xenylla,body_size,What is the body length of Xenylla tullbergi?,7,pmc:10.52547/jibs.9.1.1 Addition to Iranian Springtails fauna and a checklist of the Collembola from Kurdistan pro | pmc:PMC6305484 Differences in collembola species assemblages (Arthropoda) between spoil tips and surround | pmc:10.11646/zootaxa.5275.1.1 An annotated checklist of the Collembola (Hexapoda) from Iran | plazi:721B6E0C8C1EFFA1FF3824FDA97A209D Xenylla tullbergi Borner 1903 | plazi:03AA531A0F573538FF595CBEFC1CA7F6 Xenylla tullbergi Borner 1903 | plazi:03CF878BFF85C24720125B28FA87AD75 Xenylla tullbergi Borner 1903 | plazi:03DD371FFFA4FFD13405FC87FD58FBBA Xenylla tullbergi Borner 1903,,,,,,,,
Q299,Xenylla tullbergi,Xenylla,habitat,What is the habitat of Xenylla tullbergi?,7,pmc:10.52547/jibs.9.1.1 Addition to Iranian Springtails fauna and a checklist of the Collembola from Kurdistan pro | pmc:PMC6305484 Differences in collembola species assemblages (Arthropoda) between spoil tips and surround | pmc:10.11646/zootaxa.5275.1.1 An annotated checklist of the Collembola (Hexapoda) from Iran | plazi:721B6E0C8C1EFFA1FF3824FDA97A209D Xenylla tullbergi Borner 1903 | plazi:03AA531A0F573538FF595CBEFC1CA7F6 Xenylla tullbergi Borner 1903 | plazi:03CF878BFF85C24720125B28FA87AD75 Xenylla tullbergi Borner 1903 | plazi:03DD371FFFA4FFD13405FC87FD58FBBA Xenylla tullbergi Borner 1903,,,,,,,,
Q300,Xenylla tullbergi,Xenylla,trophic_guild,What does Xenylla tullbergi feed on?,7,pmc:10.52547/jibs.9.1.1 Addition to Iranian Springtails fauna and a checklist of the Collembola from Kurdistan pro | pmc:PMC6305484 Differences in collembola species assemblages (Arthropoda) between spoil tips and surround | pmc:10.11646/zootaxa.5275.1.1 An annotated checklist of the Collembola (Hexapoda) from Iran | plazi:721B6E0C8C1EFFA1FF3824FDA97A209D Xenylla tullbergi Borner 1903 | plazi:03AA531A0F573538FF595CBEFC1CA7F6 Xenylla tullbergi Borner 1903 | plazi:03CF878BFF85C24720125B28FA87AD75 Xenylla tullbergi Borner 1903 | plazi:03DD371FFFA4FFD13405FC87FD58FBBA Xenylla tullbergi Borner 1903,,,,,,,,
