qid,config,trait,family,answer_offset,gold,plazi_answer,top_collection,gold_retrieved,wall_s,plazi,top,pipeline_answer,pipeline_collection,pipeline_path,n_pipeline_docs,no_docs,gold_in_pipeline_ids,pipeline,stored,plazi_food,top_food,pipeline_food
N001,doc_extractive,body_size_negative,Arrhopalitidae,-1,NOT_DOCUMENTED,1.6X,plazi,1,2.66,correct,correct,,,,,,,,,,,
N001,doc_generative,body_size_negative,Arrhopalitidae,-1,NOT_DOCUMENTED,"Based on the provided documents, the body length of *Arrhopalites amorimi* is not specified . The description includes details about setae, antennae, and other morphological features but does not mention the overall body length.",plazi,1,0.56,correct,correct,,,,,,,,,,,
N001,e2e_sparse_extractive,body_size_negative,Arrhopalitidae,-1,NOT_DOCUMENTED,1.2 mm,pmc,0,7.67,wrong,correct,,,,,,,,,,,
N001,e2e_sparse_generative,body_size_negative,Arrhopalitidae,-1,NOT_DOCUMENTED,"Based on the provided documents, the body length of *Arrhopalites amorimi* is not explicitly stated. However, it is mentioned that *Arrhopalites botuveraensis* is similar to *A. amorimi*, and the body length of *A. botuveraensis* is noted as 0.66 mm for the adult female holotype . This does not directly provide the body length of *A. amorimi*. Therefore, the specific body length of *A. amorimi* cannot be determined from the given sources.",pmc,0,2.0,wrong,wrong,,,,,,,,,,,
N001,pipeline,body_size_negative,Arrhopalitidae,-1,NOT_DOCUMENTED,"Based on the provided documents, the body length of *Arrhopalites amorimi* is not specified . The description includes details about setae, antennae, and other morphological features but does not mention the overall body length.",plazi,1,3.14,correct,correct,"Based on the provided documents, the body length of *Arrhopalites amorimi* is not specified . The description includes details about setae, antennae, and other morphological features but does not mention the overall body length.",plazi,species_phrase_docrefs,1,0,1,correct,correct,,,
N002,doc_extractive,body_size_negative,Arrhopalitidae,-1,NOT_DOCUMENTED,1.6X,plazi,1,2.69,correct,correct,,,,,,,,,,,
N002,doc_generative,body_size_negative,Arrhopalitidae,-1,NOT_DOCUMENTED,"Based on the provided documents, there is no specific mention of the body length of *Arrhopalites christianseni*. The description focuses on morphological features such as the shape of the female subanal appendages and various anatomical structures, but does not provide measurements .",plazi,1,0.98,correct,correct,,,,,,,,,,,
N002,e2e_sparse_extractive,body_size_negative,Arrhopalitidae,-1,NOT_DOCUMENTED,1.6X,plazi,1,7.47,correct,correct,,,,,,,,,,,
N002,e2e_sparse_generative,body_size_negative,Arrhopalitidae,-1,NOT_DOCUMENTED,"Based on the provided documents, the body length of *Arrhopalites christianseni* is not explicitly mentioned. However, it can be inferred that its size is comparable to other related species within the genus, which typically have body lengths ranging from 1.3 to 1.7 mm . Further details would require direct measurement from specimen data.",plazi,0,2.54,wrong,wrong,,,,,,,,,,,
N002,pipeline,body_size_negative,Arrhopalitidae,-1,NOT_DOCUMENTED,"Based on the provided documents, there is no specific mention of the body length of *Arrhopalites christianseni*. The description focuses on morphological features such as the shape of the female subanal appendages and various anatomical structures, but does not provide measurements .",plazi,1,2.97,correct,correct,"Based on the provided documents, there is no specific mention of the body length of *Arrhopalites christianseni*. The description focuses on morphological features such as the shape of the female subanal appendages and various anatomical structures, but does not provide measurements .",plazi,species_phrase_docrefs,1,0,1,correct,correct,,,
N003,doc_extractive,body_size_negative,Arrhopalitidae,-1,NOT_DOCUMENTED,"17­vi­1990. BRAZIL, Sao Paulo, Iporanga. Alambari de Baixo cave. Gnaspini­Neto leg. Laboratorio de Ecologia y Sistemática de Microartrópodos, Depto. de Biología, Fac. Ciencias, UNAM, Mexico (LESM).
Species C1 C2 C3 C4 C5 C6 C7 C8 D5 D7 E8 E9 E10 E11 B10",plazi,1,1.36,correct,correct,,,,,,,,,,,
N003,doc_generative,body_size_negative,Arrhopalitidae,-1,NOT_DOCUMENTED,"Based on the provided documents, the body length of *Arrhopalites gnaspinii* is not specified . The source provides taxonomic details but lacks morphological measurements such as body length.",plazi,1,0.53,correct,correct,,,,,,,,,,,
N003,e2e_sparse_extractive,body_size_negative,Arrhopalitidae,-1,NOT_DOCUMENTED,1.28X,pmc,0,8.07,correct,wrong,,,,,,,,,,,
N003,e2e_sparse_generative,body_size_negative,Arrhopalitidae,-1,NOT_DOCUMENTED,"Based on the provided documents, the body length of Arrhopalites gnaspinii is not explicitly stated. However, it is mentioned that Arrhopalites alambariensis has a body length of 0.46 mm, and Arrhopalites paranaensis has a body length of 0.56 mm , . These measurements may provide some context, but without direct data on A. gnaspinii's body length, a specific value cannot be determined from the given sources.",pmc,0,3.19,wrong,correct,,,,,,,,,,,
N003,pipeline,body_size_negative,Arrhopalitidae,-1,NOT_DOCUMENTED,"Based on the provided documents, the body length of *Arrhopalites gnaspinii* is not specified . The source provides taxonomic details but lacks morphological measurements such as body length.",plazi,1,2.92,correct,correct,"Based on the provided documents, the body length of *Arrhopalites gnaspinii* is not specified . The source provides taxonomic details but lacks morphological measurements such as body length.",plazi,species_phrase_docrefs,1,0,1,correct,correct,,,
N004,doc_extractive,body_size_negative,Arrhopalitidae,-1,NOT_DOCUMENTED,16­x­1954,plazi,1,1.41,correct,correct,,,,,,,,,,,
N004,doc_generative,body_size_negative,Arrhopalitidae,-1,NOT_DOCUMENTED,"Based on the provided documents, the body length of *Arrhopalites japonicus* is not specified .",plazi,1,0.4,correct,correct,,,,,,,,,,,
N004,e2e_sparse_extractive,body_size_negative,Arrhopalitidae,-1,NOT_DOCUMENTED,16­x­1954,pmc,1,8.07,correct,correct,,,,,,,,,,,
N004,e2e_sparse_generative,body_size_negative,Arrhopalitidae,-1,NOT_DOCUMENTED,"Based on the provided documents, the body length of *Arrhopalites japonicus* is not explicitly mentioned. However, it is noted that *Lernanthropus gisleri*, which is a different species, has body lengths of 8.80 and 8.90 mm for females . There is no direct information about the body length of *Arrhopalites japonicus* in the given sources.",pmc,0,4.1,wrong,wrong,,,,,,,,,,,
N004,pipeline,body_size_negative,Arrhopalitidae,-1,NOT_DOCUMENTED,"Based on the provided documents, the body length of *Arrhopalites japonicus* is not specified .",plazi,1,2.74,correct,correct,"Based on the provided documents, the body length of *Arrhopalites japonicus* is not specified .",plazi,species_phrase_docrefs,1,0,1,correct,correct,,,
N005,doc_extractive,body_size_negative,Arrhopalitidae,-1,NOT_DOCUMENTED,2X as long as the cephalic diagonal,plazi,1,1.31,correct,correct,,,,,,,,,,,
N005,doc_generative,body_size_negative,Arrhopalitidae,-1,NOT_DOCUMENTED,"Based on the provided documents, the body length of *Arrhopalites minutus* is not specified .",plazi,1,0.41,correct,correct,,,,,,,,,,,
N005,e2e_sparse_extractive,body_size_negative,Arrhopalitidae,-1,NOT_DOCUMENTED,0.6–0.8 mm,pmc,1,5.69,wrong,correct,,,,,,,,,,,
N005,e2e_sparse_generative,body_size_negative,Arrhopalitidae,-1,NOT_DOCUMENTED,"Based on the provided documents, the body length of *Arrhopalites minutus* is approximately 0.5 mm . This measurement is derived from descriptions detailing its morphological characteristics.",pmc,1,2.49,wrong,correct,,,,,,,,,,,
N005,pipeline,body_size_negative,Arrhopalitidae,-1,NOT_DOCUMENTED,"Based on the provided documents, the body length of *Arrhopalites minutus* is not specified .",plazi,1,2.72,correct,correct,"Based on the provided documents, the body length of *Arrhopalites minutus* is not specified .",plazi,species_phrase_docrefs,1,0,1,correct,correct,,,
N006,doc_extractive,body_size_negative,Arrhopalitidae,-1,NOT_DOCUMENTED,1.8X,plazi,1,1.35,correct,correct,,,,,,,,,,,
N006,doc_generative,body_size_negative,Arrhopalitidae,-1,NOT_DOCUMENTED,"Based on the provided documents, the body length of *Arrhopalites papaveroi* is not specified .",plazi,1,0.42,correct,correct,,,,,,,,,,,
N006,e2e_sparse_extractive,body_size_negative,Arrhopalitidae,-1,NOT_DOCUMENTED,6.5 mm,pmc,0,6.49,wrong,wrong,,,,,,,,,,,
N006,e2e_sparse_generative,body_size_negative,Arrhopalitidae,-1,NOT_DOCUMENTED,"Based on the provided documents, the body length of *Arrhopalites papaveroi* is not explicitly stated. However, it can be inferred that its body length is similar to related species such as *Syringogaster papaveroi*, which has a body length of 4.6 mm . For precise measurements specific to *Arrhopalites papaveroi*, further detailed references would be required.",pmc,0,3.89,wrong,correct,,,,,,,,,,,
N006,pipeline,body_size_negative,Arrhopalitidae,-1,NOT_DOCUMENTED,"Based on the provided documents, the body length of *Arrhopalites papaveroi* is not specified .",plazi,1,2.74,correct,correct,"Based on the provided documents, the body length of *Arrhopalites papaveroi* is not specified .",plazi,species_phrase_docrefs,1,0,1,correct,correct,,,
N007,doc_extractive,body_size_negative,Arrhopalitidae,-1,NOT_DOCUMENTED,unguis and not spinelike at the hind part,plazi,1,1.28,correct,correct,,,,,,,,,,,
N007,doc_generative,body_size_negative,Arrhopalitidae,-1,NOT_DOCUMENTED,"Based on the provided documents, the body length of *Arrhopalites wallacei* is not specified . The description focuses on morphological features rather than providing measurements.",plazi,1,0.46,correct,correct,,,,,,,,,,,
N007,e2e_sparse_extractive,body_size_negative,Arrhopalitidae,-1,NOT_DOCUMENTED,9 mm,pmc,0,6.46,wrong,correct,,,,,,,,,,,
N007,e2e_sparse_generative,body_size_negative,Arrhopalitidae,-1,NOT_DOCUMENTED,"Based on the provided documents, the body length of *Arrhopalites wallacei* is not explicitly stated. However, related species such as *Oedichirus wallacei* have a body length of 9 mm . For *Arrhopalites wallacei*, specific measurements are not directly given in the text , , . Therefore, the exact body length cannot be determined from the available information.",pmc,1,4.17,wrong,correct,,,,,,,,,,,
N007,pipeline,body_size_negative,Arrhopalitidae,-1,NOT_DOCUMENTED,"Based on the provided documents, the body length of *Arrhopalites wallacei* is not specified . The description focuses on morphological features rather than providing measurements.",plazi,1,2.9,correct,correct,"Based on the provided documents, the body length of *Arrhopalites wallacei* is not specified . The description focuses on morphological features rather than providing measurements.",plazi,species_phrase_docrefs,1,0,1,correct,correct,,,
N008,doc_extractive,body_size_negative,Neanuridae,-1,NOT_DOCUMENTED,1:(3-4,plazi,1,1.32,correct,correct,,,,,,,,,,,
N008,doc_generative,body_size_negative,Neanuridae,-1,NOT_DOCUMENTED,"Based on the provided documents, the body length of *Cephalachorutes judithae* is not specified .",plazi,1,0.42,correct,correct,,,,,,,,,,,
N008,e2e_sparse_extractive,body_size_negative,Neanuridae,-1,NOT_DOCUMENTED,1:(3-4,plazi,1,2.02,correct,correct,,,,,,,,,,,
N008,e2e_sparse_generative,body_size_negative,Neanuridae,-1,NOT_DOCUMENTED,"Based on the provided documents, the body length of *Cephalachorutes judithae* is not specified .",plazi,1,0.87,correct,correct,,,,,,,,,,,
N008,pipeline,body_size_negative,Neanuridae,-1,NOT_DOCUMENTED,"Based on the provided documents, the body length of *Cephalachorutes judithae* is not specified .",plazi,1,4.46,correct,correct,"Based on the provided documents, the body length of *Cephalachorutes judithae* is not specified .",plazi,species_phrase_docrefs,2,0,1,correct,correct,,,
N009,doc_extractive,body_size_negative,Oncopoduridae,-1,NOT_DOCUMENTED,Folsom 1902,plazi,1,1.36,correct,correct,,,,,,,,,,,
N009,doc_generative,body_size_negative,Oncopoduridae,-1,NOT_DOCUMENTED,"Based on the provided documents, there is no specific mention of the body length of *Coecobrya tenebricosa*. The sources describe collection details but do not provide morphological measurements .",plazi,1,0.53,correct,correct,,,,,,,,,,,
N009,e2e_sparse_extractive,body_size_negative,Oncopoduridae,-1,NOT_DOCUMENTED,1.4 mm,pmc,0,6.41,wrong,correct,,,,,,,,,,,
N009,e2e_sparse_generative,body_size_negative,Oncopoduridae,-1,NOT_DOCUMENTED,"Based on the provided documents, there is no direct mention of the body length of *Coecobrya tenebricosa*. However, it is referenced in the context of other species within the *tenebricosa*-group, such as *Coecobrya tianfucavica* and *Coecobrya edenticulata*, but without specific measurements . Therefore, the body length of *Coecobrya tenebricosa* cannot be determined from the given sources.",pmc,0,3.55,correct,correct,,,,,,,,,,,
N009,pipeline,body_size_negative,Oncopoduridae,-1,NOT_DOCUMENTED,"Based on the provided documents, there is no specific mention of the body length of *Coecobrya tenebricosa*. The sources discuss taxonomy, distribution, morphology, and ecology but do not provide measurements for body length .",medline,1,6.96,correct,correct,"Based on the provided documents, the body length of *Coecobrya tenebricosa* is not explicitly mentioned . However, it is noted that this species is a ""tramp"" species and has been found in various environments, including burial sites . For precise measurements, additional studies or references would be required.",medline,species_phrase_docrefs,9,0,1,correct,correct,,,
N010,doc_extractive,body_size_negative,Oncopoduridae,-1,NOT_DOCUMENTED,24,plazi,1,1.35,correct,correct,,,,,,,,,,,
N010,doc_generative,body_size_negative,Oncopoduridae,-1,NOT_DOCUMENTED,"Based on the provided documents, the body length of *Disparrhopalites patrizi* is not explicitly mentioned. The text provides details about the collection locations, dates, humidity levels, and other environmental conditions but does not specify the body length . Additional sources would be required to determine this characteristic.",plazi,1,0.72,correct,correct,,,,,,,,,,,
N010,e2e_sparse_extractive,body_size_negative,Oncopoduridae,-1,NOT_DOCUMENTED,,medline,0,1.95,correct,correct,,,,,,,,,,,
N010,e2e_sparse_generative,body_size_negative,Oncopoduridae,-1,NOT_DOCUMENTED,,medline,0,0.96,correct,correct,,,,,,,,,,,
N010,pipeline,body_size_negative,Oncopoduridae,-1,NOT_DOCUMENTED,"Based on the provided documents, there is no specific mention of the body length of *Disparrhopalites patrizi*. The sources describe collection details and distribution but do not provide morphological measurements such as body length , .",medline,1,5.0,correct,correct,"Based on the provided documents, the body length of *Disparrhopalites patrizi* is not specified .",medline,species_phrase_docrefs,3,0,1,correct,correct,,,
N011,doc_extractive,body_size_negative,Entomobryidae,-1,NOT_DOCUMENTED,elongate and cylindrical,plazi,1,1.26,correct,correct,,,,,,,,,,,
N011,doc_generative,body_size_negative,Entomobryidae,-1,NOT_DOCUMENTED,"Based on the provided documents, the body length of *Entomobrya quadrilineata* is not specified . The description focuses on the color pattern and morphology but does not mention measurements.",plazi,1,0.48,correct,correct,,,,,,,,,,,
N011,e2e_sparse_extractive,body_size_negative,Entomobryidae,-1,NOT_DOCUMENTED,7.5–10 mm,pmc,1,7.58,wrong,correct,,,,,,,,,,,
N011,e2e_sparse_generative,body_size_negative,Entomobryidae,-1,NOT_DOCUMENTED,"Based on the provided documents, the body length of *Entomobrya quadrilineata* is not explicitly stated. However, it is mentioned that *Meroloba siberutana*, a different species, has a body length of 16.2–18.5 mm, while *M. quadrilineata* is noted to have a body length of 19.1–22.2 mm . Therefore, the body length of *Entomobrya quadrilineata* is 19.1–22.2 mm.",pmc,0,5.34,wrong,correct,,,,,,,,,,,
N011,pipeline,body_size_negative,Entomobryidae,-1,NOT_DOCUMENTED,"Based on the provided documents, there is no specific mention of the body length of *Entomobrya quadrilineata*. The descriptions focus on morphological features such as color patterns, abdominal chaetotaxy, and setal arrangements rather than providing measurements . Therefore, the body length cannot be determined from the given sources.",medline,1,6.57,correct,correct,"Based on the provided documents, the specific body length of *Entomobrya quadrilineata* is not mentioned . The source discusses taxonomic review, phylogenetic analysis, and intraspecific variation in macrosetal patterns but does not provide measurements related to body length.",medline,species_phrase_docrefs,8,0,1,correct,correct,,,
N012,doc_extractive,body_size_negative,Hypogastruridae,-1,NOT_DOCUMENTED,3.2–3.5:1,plazi,1,1.3,correct,correct,,,,,,,,,,,
N012,doc_generative,body_size_negative,Hypogastruridae,-1,NOT_DOCUMENTED,"Based on the provided documents, the body length of *Hypogastrura distincta* is not explicitly mentioned. The text describes morphological features such as the length ratio of dens:mucro and other structural characteristics but does not provide specific measurements for body length .",plazi,1,0.64,correct,correct,,,,,,,,,,,
N012,e2e_sparse_extractive,body_size_negative,Hypogastruridae,-1,NOT_DOCUMENTED,0.9–1.5 mm,pmc,0,7.3,wrong,wrong,,,,,,,,,,,
N012,e2e_sparse_generative,body_size_negative,Hypogastruridae,-1,NOT_DOCUMENTED,"Based on the provided documents, the body length of *Hypogastrura distincta* is not explicitly stated. However, it can be inferred that it is relatively small, as other closely related species such as *Hypogastrura martiani* have a body length ranging from 0.9 to 1.5 mm . Therefore, *Hypogastrura distincta* likely falls within a similar size range.",pmc,0,5.67,wrong,wrong,,,,,,,,,,,
N012,pipeline,body_size_negative,Hypogastruridae,-1,NOT_DOCUMENTED,"Based on the provided documents, the body length of *Hypogastrura distincta* is not explicitly mentioned . Therefore, no specific measurement can be given from the available information.",plazi,1,5.07,correct,correct,"Based on the provided documents, the body length of *Hypogastrura distincta* is not explicitly mentioned . Therefore, no specific measurement can be given from the available information.",plazi,species_phrase_docrefs,3,0,1,correct,correct,,,
N013,doc_extractive,body_size_negative,Hypogastruridae,-1,NOT_DOCUMENTED,"maxillary lamellae 1, 2, 4 and 5",plazi,1,1.3,correct,correct,,,,,,,,,,,
N013,doc_generative,body_size_negative,Hypogastruridae,-1,NOT_DOCUMENTED,"Based on the provided documents, the body length of *Hypogastrura trybomi* is not specified . The text describes morphological features but does not mention measurements related to body length.",plazi,1,0.53,correct,correct,,,,,,,,,,,
N013,e2e_sparse_extractive,body_size_negative,Hypogastruridae,-1,NOT_DOCUMENTED,1-1.3 mm,pmc,0,5.57,wrong,wrong,,,,,,,,,,,
N013,e2e_sparse_generative,body_size_negative,Hypogastruridae,-1,NOT_DOCUMENTED,"Based on the provided documents, there is no direct mention of the body length of *Hypogastrura trybomi*. However, related species such as *Hypogastrura ireneae* have a body length not explicitly stated but described as being similar to *H. oregonensis*, which is part of the same group . For precise measurements, additional references specific to *H. trybomi* would be required.",pmc,0,5.16,correct,wrong,,,,,,,,,,,
N013,pipeline,body_size_negative,Hypogastruridae,-1,NOT_DOCUMENTED,"Based on the provided documents, there is no specific mention of the body length of *Hypogastrura trybomi*. The sources focus on morphological characteristics such as setae arrangements and structural features rather than providing measurements . Therefore, the body length of *Hypogastrura trybomi* cannot be determined from the given information.",plazi,1,3.79,correct,correct,"Based on the provided documents, there is no specific mention of the body length of *Hypogastrura trybomi*. The sources focus on morphological characteristics such as setae arrangements and structural features rather than providing measurements . Therefore, the body length of *Hypogastrura trybomi* cannot be determined from the given information.",plazi,species_phrase_docrefs,2,0,1,correct,correct,,,
N014,doc_extractive,body_size_negative,Paronellidae,-1,NOT_DOCUMENTED,Microparonella flava,plazi,1,1.36,correct,correct,,,,,,,,,,,
N014,doc_generative,body_size_negative,Paronellidae,-1,NOT_DOCUMENTED,"Based on the provided documents, there is no specific mention of the body length of *Lepidonella flava*. The text discusses taxonomic revisions and morphological features but does not provide measurements . Additional sources would be required to determine the body length of this species.",plazi,1,0.61,correct,correct,,,,,,,,,,,
N014,e2e_sparse_extractive,body_size_negative,Paronellidae,-1,NOT_DOCUMENTED,"1,8 mm",plazi,0,3.18,wrong,wrong,,,,,,,,,,,
N014,e2e_sparse_generative,body_size_negative,Paronellidae,-1,NOT_DOCUMENTED,"Based on the provided documents, there is no specific mention of the body length of *Lepidonella flava*. The document discusses *Lepidonella zeppelinii* with a total length of 1.8 mm, but does not provide similar data for *Lepidonella flava* . Therefore, the body length of *Lepidonella flava* cannot be determined from the given sources.",plazi,0,1.51,wrong,wrong,,,,,,,,,,,
N014,pipeline,body_size_negative,Paronellidae,-1,NOT_DOCUMENTED,"Based on the provided documents, there is no specific mention of the body length of *Lepidonella flava*. The texts discuss taxonomic classifications and morphological features but do not provide measurements related to body size . Additional sources would be required to determine the body length of this species.",plazi,1,4.05,correct,correct,"Based on the provided documents, there is no specific mention of the body length of *Lepidonella flava*. The texts discuss taxonomic classifications and morphological features but do not provide measurements related to body size . Additional sources would be required to determine the body length of this species.",plazi,species_phrase_docrefs,2,0,1,correct,correct,,,
N015,doc_extractive,body_size_negative,Isotomidae,-1,NOT_DOCUMENTED,3 + 3,plazi,1,1.38,correct,correct,,,,,,,,,,,
N015,doc_generative,body_size_negative,Isotomidae,-1,NOT_DOCUMENTED,"Based on the provided documents, there is no specific mention of the body length of *Micrisotoma achromata*. The text discusses taxonomic information and morphological characteristics but does not provide measurements .",plazi,1,0.5,correct,correct,,,,,,,,,,,
N015,e2e_sparse_extractive,body_size_negative,Isotomidae,-1,NOT_DOCUMENTED,"6/3,3,3",pmc,0,4.36,correct,correct,,,,,,,,,,,
N015,e2e_sparse_generative,body_size_negative,Isotomidae,-1,NOT_DOCUMENTED,"Based on the provided documents, there is no specific mention of the body length of *Micrisotoma achromata*. The sources discuss taxonomic relationships, morphological features, and setal patterns but do not provide measurements related to body length .",pmc,1,2.2,correct,correct,,,,,,,,,,,
N015,pipeline,body_size_negative,Isotomidae,-1,NOT_DOCUMENTED,"Based on the provided documents, there is no specific mention of the body length of *Micrisotoma achromata*. The sources discuss its taxonomy, morphology, and geographic distribution but do not provide measurements related to body size , .",plazi,1,3.86,correct,correct,"Based on the provided documents, there is no specific mention of the body length of *Micrisotoma achromata*. The sources discuss its taxonomy, morphology, and geographic distribution but do not provide measurements related to body size , .",plazi,species_phrase_docrefs,2,0,1,correct,correct,,,
N016,doc_extractive,body_size_negative,Tullbergiidae,-1,NOT_DOCUMENTED,Barra 1995,plazi,1,1.32,correct,correct,,,,,,,,,,,
N016,doc_generative,body_size_negative,Tullbergiidae,-1,NOT_DOCUMENTED,"Based on the provided documents, there is no specific mention of the body length of *Odontellina deharvengi* . The text describes its distribution and habitat but does not provide morphological measurements. Further research would be needed to determine its body length.",plazi,1,0.66,correct,correct,,,,,,,,,,,
N016,e2e_sparse_extractive,body_size_negative,Tullbergiidae,-1,NOT_DOCUMENTED,,pmc,0,1.88,correct,correct,,,,,,,,,,,
N016,e2e_sparse_generative,body_size_negative,Tullbergiidae,-1,NOT_DOCUMENTED,,pmc,0,0.81,correct,correct,,,,,,,,,,,
N016,pipeline,body_size_negative,Tullbergiidae,-1,NOT_DOCUMENTED,"Based on the provided documents, there is no specific mention of the body length of *Odontellina deharvengi* . The text describes its distribution and habitat but does not provide morphological measurements. Further research would be needed to determine its body length.",plazi,1,2.94,correct,correct,"Based on the provided documents, there is no specific mention of the body length of *Odontellina deharvengi* . The text describes its distribution and habitat but does not provide morphological measurements. Further research would be needed to determine its body length.",plazi,species_phrase_docrefs,1,0,1,correct,correct,,,
N017,doc_extractive,body_size_negative,Tomoceridae,-1,NOT_DOCUMENTED,Turkey,plazi,1,1.32,correct,correct,,,,,,,,,,,
N017,doc_generative,body_size_negative,Tomoceridae,-1,NOT_DOCUMENTED,"Based on the provided documents, the body length of *Pachyotoma caucasica* is not specified . Additional sources would be required to determine this characteristic.",plazi,1,0.45,correct,correct,,,,,,,,,,,
N017,e2e_sparse_extractive,body_size_negative,Tomoceridae,-1,NOT_DOCUMENTED,15-20 mm,plazi,0,7.91,wrong,wrong,,,,,,,,,,,
N017,e2e_sparse_generative,body_size_negative,Tomoceridae,-1,NOT_DOCUMENTED,"Based on the provided documents, the body length of *Pachyotoma caucasica* is not explicitly mentioned. However, it is noted that this species is well characterized by its dense pale-gray body color, oval and bigger eye spots, and 4+4 postlabial chaetae . Additional details about its morphology can be inferred from related studies, but specific body length measurements are absent in the given texts.",plazi,1,5.15,correct,correct,,,,,,,,,,,
N017,pipeline,body_size_negative,Tomoceridae,-1,NOT_DOCUMENTED,"Based on the provided documents, there is no specific mention of the body length of *Pachyotoma caucasica*. The descriptions focus on morphological characteristics such as coloration, eye spots, and chaetae arrangement, but not on body size measurements , . Therefore, the body length of this species remains unspecified in the given sources.",plazi,1,4.21,correct,correct,"Based on the provided documents, there is no specific mention of the body length of *Pachyotoma caucasica*. The descriptions focus on morphological characteristics such as coloration, eye spots, and chaetae arrangement, but not on body size measurements , . Therefore, the body length of this species remains unspecified in the given sources.",plazi,species_phrase_docrefs,2,0,1,correct,correct,,,
N018,doc_extractive,body_size_negative,Entomobryidae,-1,NOT_DOCUMENTED,1.5 mi,plazi,1,1.26,correct,correct,,,,,,,,,,,
N018,doc_generative,body_size_negative,Entomobryidae,-1,NOT_DOCUMENTED,"Based on the provided documents, there is no specific mention of the body length of *Pseudotremia fulgida*. The available information focuses on its habitat, distribution, and ecological notes rather than morphological characteristics . Further details regarding its physical dimensions would require additional scientific references.",plazi,1,0.67,correct,correct,,,,,,,,,,,
N018,e2e_sparse_extractive,body_size_negative,Entomobryidae,-1,NOT_DOCUMENTED,7.2–7.5 mm,pmc,0,7.95,wrong,wrong,,,,,,,,,,,
N018,e2e_sparse_generative,body_size_negative,Entomobryidae,-1,NOT_DOCUMENTED,"Based on the provided documents, there is no specific mention of the body length of *Pseudotremia fulgida*. The references discuss various species within the genus *Swima* and *Pseudotremia*, but none provide detailed measurements for *Pseudotremia fulgida* .",pmc,0,5.32,correct,correct,,,,,,,,,,,
N018,pipeline,body_size_negative,Entomobryidae,-1,NOT_DOCUMENTED,"Based on the provided documents, there is no specific mention of the body length of *Pseudotremia fulgida*. The available information focuses on its habitat, distribution, and ecological notes rather than morphological characteristics . Further details regarding its physical dimensions would require additional scientific references.",plazi,1,3.19,correct,correct,"Based on the provided documents, there is no specific mention of the body length of *Pseudotremia fulgida*. The available information focuses on its habitat, distribution, and ecological notes rather than morphological characteristics . Further details regarding its physical dimensions would require additional scientific references.",plazi,species_phrase_docrefs,1,0,1,correct,correct,,,
N019,doc_extractive,body_size_negative,Arrhopalitidae,-1,NOT_DOCUMENTED,third unguis,plazi,1,1.31,correct,correct,,,,,,,,,,,
N019,doc_generative,body_size_negative,Arrhopalitidae,-1,NOT_DOCUMENTED,"Based on the provided documents, the body length of *Pygmarrhopalites plethorasari* is not specified .",plazi,1,0.42,correct,correct,,,,,,,,,,,
N019,e2e_sparse_extractive,body_size_negative,Arrhopalitidae,-1,NOT_DOCUMENTED,9,plazi,0,7.18,correct,correct,,,,,,,,,,,
N019,e2e_sparse_generative,body_size_negative,Arrhopalitidae,-1,NOT_DOCUMENTED,"Based on the provided documents, there is no specific mention of the body length of *Pygmarrhopalites plethorasari*. The descriptions focus on morphological features such as setae lengths, antenna structures, and other anatomical details rather than overall body dimensions . Therefore, the body length cannot be determined from the given information.",plazi,1,4.64,correct,correct,,,,,,,,,,,
N019,pipeline,body_size_negative,Arrhopalitidae,-1,NOT_DOCUMENTED,"Based on the provided documents, the body length of *Pygmarrhopalites plethorasari* is not specified .",plazi,1,2.74,correct,correct,"Based on the provided documents, the body length of *Pygmarrhopalites plethorasari* is not specified .",plazi,species_phrase_docrefs,1,0,1,correct,correct,,,
N020,doc_extractive,body_size_negative,Entomobryidae,-1,NOT_DOCUMENTED,1+1,plazi,1,1.27,correct,correct,,,,,,,,,,,
N020,doc_generative,body_size_negative,Entomobryidae,-1,NOT_DOCUMENTED,"Based on the provided documents, the body length of *Seira paraibensis* is not specified .",plazi,1,0.38,correct,correct,,,,,,,,,,,
N020,e2e_sparse_extractive,body_size_negative,Entomobryidae,-1,NOT_DOCUMENTED,1.35 mm,pmc,0,7.14,wrong,wrong,,,,,,,,,,,
N020,e2e_sparse_generative,body_size_negative,Entomobryidae,-1,NOT_DOCUMENTED,"Based on the provided documents, the body length of *Seira paraibensis* is not explicitly mentioned . However, it can be inferred that its body length is similar to other described *Seira* species, which range from approximately 1.25 mm to 2.8 mm . For precise measurements, additional specific data would be required.",pmc,1,4.74,wrong,wrong,,,,,,,,,,,
N020,pipeline,body_size_negative,Entomobryidae,-1,NOT_DOCUMENTED,"Based on the provided documents, the body length of *Seira paraibensis* is not specified .",plazi,1,2.72,correct,correct,"Based on the provided documents, the body length of *Seira paraibensis* is not specified .",plazi,species_phrase_docrefs,1,0,1,correct,correct,,,
N021,doc_extractive,body_size_negative,Sminthuridae,-1,NOT_DOCUMENTED,eight subsegments of the Ant. IV,plazi,1,1.3,correct,correct,,,,,,,,,,,
N021,doc_generative,body_size_negative,Sminthuridae,-1,NOT_DOCUMENTED,"Based on the provided documents, the body length of *Szeptyckitheca bellingeri* is not specified .",plazi,1,0.37,correct,correct,,,,,,,,,,,
N021,e2e_sparse_extractive,body_size_negative,Sminthuridae,-1,NOT_DOCUMENTED,900 µm and 1400 µm,pmc,0,6.52,wrong,correct,,,,,,,,,,,
N021,e2e_sparse_generative,body_size_negative,Sminthuridae,-1,NOT_DOCUMENTED,"Based on the provided documents, there is no specific mention of the body length of *Szeptyckitheca bellingeri*. The available data describe other species such as *Szeptyckitheca andrzeji* and *Szeptyckitheca cyanea*, but not *Szeptyckitheca bellingeri* . Therefore, the body length of this particular species could not be determined from the given sources.",pmc,0,3.21,correct,wrong,,,,,,,,,,,
N021,pipeline,body_size_negative,Sminthuridae,-1,NOT_DOCUMENTED,"Based on the provided documents, the body length of *Szeptyckitheca bellingeri* is not specified .",plazi,1,2.66,correct,correct,"Based on the provided documents, the body length of *Szeptyckitheca bellingeri* is not specified .",plazi,species_phrase_docrefs,1,0,1,correct,correct,,,
N022,doc_extractive,body_size_negative,Sminthuridae,-1,NOT_DOCUMENTED,very long subanal appendages of the females,plazi,1,1.29,correct,correct,,,,,,,,,,,
N022,doc_generative,body_size_negative,Sminthuridae,-1,NOT_DOCUMENTED,"Based on the provided documents, the body length of *Szeptyckitheca boneti* is not specified .",plazi,1,0.4,correct,correct,,,,,,,,,,,
N022,e2e_sparse_extractive,body_size_negative,Sminthuridae,-1,NOT_DOCUMENTED,1.8–2.4 mm,pmc,0,6.54,wrong,wrong,,,,,,,,,,,
N022,e2e_sparse_generative,body_size_negative,Sminthuridae,-1,NOT_DOCUMENTED,"Based on the provided documents, there is no direct mention of the body length of *Szeptyckitheca boneti*. The document  describes morphological features related to *Szeptyckitheca*, but does not specify body length. Therefore, the body length of *Szeptyckitheca boneti* cannot be determined from the given sources.",pmc,0,4.69,correct,wrong,,,,,,,,,,,
N022,pipeline,body_size_negative,Sminthuridae,-1,NOT_DOCUMENTED,"Based on the provided documents, there is no specific mention of the body length of *Szeptyckitheca boneti* . The descriptions focus on morphological features such as coloration, segmentation, and structural characteristics rather than providing measurements. Further research or additional sources would be required to determine the body length.",plazi,1,3.82,correct,correct,"Based on the provided documents, there is no specific mention of the body length of *Szeptyckitheca boneti* . The descriptions focus on morphological features such as coloration, segmentation, and structural characteristics rather than providing measurements. Further research or additional sources would be required to determine the body length.",plazi,species_phrase_docrefs,2,0,1,correct,correct,,,
N023,doc_extractive,body_size_negative,Sminthuridae,-1,NOT_DOCUMENTED,"Bellini & Oliveira & Weiner & Nunes & Medeiros 2023, comb. nov.. Sphyrotheca karlarum Palacios-Vargas, Vazquez & Cuellar, 2003: 303-306, 308",plazi,1,2.38,correct,correct,,,,,,,,,,,
N023,doc_generative,body_size_negative,Sminthuridae,-1,NOT_DOCUMENTED,"Based on the provided documents, the body length of *Szeptyckitheca karlarum* is not specified . The description includes details about its morphology and habitat but does not mention measurements related to body length.",plazi,1,0.56,correct,correct,,,,,,,,,,,
N023,e2e_sparse_extractive,body_size_negative,Sminthuridae,-1,NOT_DOCUMENTED,900 µm and 1400 µm,pmc,0,4.99,wrong,wrong,,,,,,,,,,,
N023,e2e_sparse_generative,body_size_negative,Sminthuridae,-1,NOT_DOCUMENTED,"Based on the provided documents, there is no specific mention of the body length of *Szeptyckitheca karlarum*. The available data describe the body lengths of other species such as *Szeptyckitheca andrzeji* and *Szeptyckitheca cyanea*, but not *Szeptyckitheca karlarum* . Therefore, the body length of *Szeptyckitheca karlarum* could not be determined from the given sources.",pmc,0,3.11,correct,wrong,,,,,,,,,,,
N023,pipeline,body_size_negative,Sminthuridae,-1,NOT_DOCUMENTED,"Based on the provided documents, the body length of *Szeptyckitheca karlarum* is not specified . The description includes details about its morphology and habitat but does not mention measurements related to body length.",plazi,1,2.84,correct,correct,"Based on the provided documents, the body length of *Szeptyckitheca karlarum* is not specified . The description includes details about its morphology and habitat but does not mention measurements related to body length.",plazi,species_phrase_docrefs,1,0,1,correct,correct,,,
N024,doc_extractive,body_size_negative,Sminthuridae,-1,NOT_DOCUMENTED,1-13,plazi,1,1.46,correct,correct,,,,,,,,,,,
N024,doc_generative,body_size_negative,Sminthuridae,-1,NOT_DOCUMENTED,"Based on the provided documents, the body length of *Szeptyckitheca koreana* is not specified .",plazi,1,0.58,correct,correct,,,,,,,,,,,
N024,e2e_sparse_extractive,body_size_negative,Sminthuridae,-1,NOT_DOCUMENTED,9.1 mm,pmc,0,6.25,wrong,wrong,,,,,,,,,,,
N024,e2e_sparse_generative,body_size_negative,Sminthuridae,-1,NOT_DOCUMENTED,"Based on the provided documents, there is no specific mention of the body length of *Szeptyckitheca koreana*. The source  describes morphological characteristics but does not provide body length measurements for this species. Therefore, the body length cannot be determined from the given information.",pmc,0,4.6,correct,correct,,,,,,,,,,,
N024,pipeline,body_size_negative,Sminthuridae,-1,NOT_DOCUMENTED,"Based on the provided documents, the body length of *Szeptyckitheca koreana* is not specified .",plazi,1,2.68,correct,correct,"Based on the provided documents, the body length of *Szeptyckitheca koreana* is not specified .",plazi,species_phrase_docrefs,1,0,1,correct,correct,,,
N025,doc_extractive,body_size_negative,Sminthuridae,-1,NOT_DOCUMENTED,80,plazi,1,1.37,correct,correct,,,,,,,,,,,
N025,doc_generative,body_size_negative,Sminthuridae,-1,NOT_DOCUMENTED,"Based on the provided documents, there is no specific mention of the body length of *Szeptyckitheca machadoi* . The available information focuses on morphological characteristics and habitat rather than measurements. Additional studies or references would be needed to determine its body length.",plazi,1,0.66,correct,correct,,,,,,,,,,,
N025,e2e_sparse_extractive,body_size_negative,Sminthuridae,-1,NOT_DOCUMENTED,2.0 mm,pmc,0,7.17,wrong,correct,,,,,,,,,,,
N025,e2e_sparse_generative,body_size_negative,Sminthuridae,-1,NOT_DOCUMENTED,"Based on the provided documents, there is no specific mention of the body length of *Szeptyckitheca machadoi*. The available information pertains to other species such as *Plonaphacarus machadoi*, *Microlia machadoi*, and *Cyclocephala everardoi*, but not *Szeptyckitheca machadoi* . Therefore, the body length of *Szeptyckitheca machadoi* cannot be determined from the given sources.",pmc,0,4.72,correct,wrong,,,,,,,,,,,
N025,pipeline,body_size_negative,Sminthuridae,-1,NOT_DOCUMENTED,"Based on the provided documents, there is no specific mention of the body length of *Szeptyckitheca machadoi* . The available information focuses on morphological characteristics and habitat rather than measurements. Additional studies or references would be needed to determine its body length.",plazi,1,3.04,correct,correct,"Based on the provided documents, there is no specific mention of the body length of *Szeptyckitheca machadoi* . The available information focuses on morphological characteristics and habitat rather than measurements. Additional studies or references would be needed to determine its body length.",plazi,species_phrase_docrefs,1,0,1,correct,correct,,,
N026,doc_extractive,body_size_negative,Sminthuridae,-1,NOT_DOCUMENTED,"1-3, Mexico, Quintana Roo, Reserva de la Biosfera de Sian Ka'na (orig. descr.).
Diagnosis.
Males pale bluish, with purple or blue spots on antennae, dorsal head, dorsal trunk and furca, females yellowish, with brown spots with the same distribution of males. Ant. IV with nine or ten subsegments, with some proximal chaetae capitate; Ant. II with 12 chaetae, two of them clearly longer than the others. Eyepatches with one interocular chaeta each. Head vertex with a total of 16 large and rough spines, two of them unpaired; unpaired chaeta A1 absent; secondarily reduced chaetae near the spines present. Trochanters I-III with 1,1,1 spines respectively, trochanter II spine knobbed and III blunt; trochanter III with five regular chaetae other than the spine. Ungues with a single inner tooth, with tunica and strong pseudonychia; unguiculus I with the internal tooth; unguiculus III filament thin and surpassing the tip of the unguis III. Large abdomen",plazi,1,1.44,correct,correct,,,,,,,,,,,
N026,doc_generative,body_size_negative,Sminthuridae,-1,NOT_DOCUMENTED,"Based on the provided documents, the body length of *Szeptyckitheca peteri* is not specified . The description mentions morphological characteristics such as chaetotaxy and spine structures but does not provide measurements for body length.",plazi,1,0.77,correct,correct,,,,,,,,,,,
N026,e2e_sparse_extractive,body_size_negative,Sminthuridae,-1,NOT_DOCUMENTED,2.5–2.8 mm,pmc,0,6.93,wrong,wrong,,,,,,,,,,,
N026,e2e_sparse_generative,body_size_negative,Sminthuridae,-1,NOT_DOCUMENTED,"Based on the provided documents, there is no direct mention of the body length of *Szeptyckitheca peteri*. However, related species such as *Szeptyckitheca andrzeji* have a body length ranging from 900 m to 1400 m . For *Quetarsius peteri*, the body length is noted as 9–11.5 mm . Since these are different species, this information cannot be directly applied to *Szeptyckitheca peteri*. Therefore, the specific body length of *Szeptyckitheca peteri* is not available in the given sources.",pmc,0,5.69,wrong,wrong,,,,,,,,,,,
N026,pipeline,body_size_negative,Sminthuridae,-1,NOT_DOCUMENTED,"Based on the provided documents, the body length of *Szeptyckitheca peteri* is not specified . The description mentions morphological characteristics such as chaetotaxy and spine structures but does not provide measurements for body length.",plazi,1,2.87,correct,correct,"Based on the provided documents, the body length of *Szeptyckitheca peteri* is not specified . The description mentions morphological characteristics such as chaetotaxy and spine structures but does not provide measurements for body length.",plazi,species_phrase_docrefs,1,0,1,correct,correct,,,
N027,doc_extractive,body_size_negative,Sminthuridae,-1,NOT_DOCUMENTED,without the ungual inner tooth,plazi,1,1.29,correct,correct,,,,,,,,,,,
N027,doc_generative,body_size_negative,Sminthuridae,-1,NOT_DOCUMENTED,"Based on the provided documents, there is no specific mention of the body length of *Szeptyckitheca santiagoi* . The text discusses morphological variations and taxonomic considerations but does not provide measurements related to body size.",plazi,1,0.55,correct,correct,,,,,,,,,,,
N027,e2e_sparse_extractive,body_size_negative,Sminthuridae,-1,NOT_DOCUMENTED,10.8–11.6 mm,pmc,0,6.32,wrong,wrong,,,,,,,,,,,
N027,e2e_sparse_generative,body_size_negative,Sminthuridae,-1,NOT_DOCUMENTED,"Based on the provided documents, there is no direct mention of the body length of *Szeptyckitheca santiagoi*. However, the document  describes *Augochlora (Augochlora) santiagoi*, which may be a different species from *Szeptyckitheca santiagoi*. The body length for *Augochlora (Augochlora) santiagoi* is noted as ~8.5 mm . Since *Szeptyckitheca santiagoi* is not explicitly described in the given texts, its body length cannot be determined from the available information.",pmc,0,5.24,wrong,correct,,,,,,,,,,,
N027,pipeline,body_size_negative,Sminthuridae,-1,NOT_DOCUMENTED,"Based on the provided documents, there is no specific mention of the body length of *Szeptyckitheca santiagoi* . The text discusses morphological variations and taxonomic considerations but does not provide measurements related to body size.",plazi,1,2.95,correct,correct,"Based on the provided documents, there is no specific mention of the body length of *Szeptyckitheca santiagoi* . The text discusses morphological variations and taxonomic considerations but does not provide measurements related to body size.",plazi,species_phrase_docrefs,1,0,1,correct,correct,,,
N028,doc_extractive,body_size_negative,Sminthuridae,-1,NOT_DOCUMENTED,Ant. IV,plazi,1,1.29,correct,correct,,,,,,,,,,,
N028,doc_generative,body_size_negative,Sminthuridae,-1,NOT_DOCUMENTED,"Based on the provided documents, there is no specific mention of the body length of *Szeptyckitheca vanderdrifti* . The description focuses on morphological features such as coloration, antenna structure, and head characteristics but does not provide measurements. Therefore, the body length cannot be determined from the given source.",plazi,1,0.71,correct,correct,,,,,,,,,,,
N028,e2e_sparse_extractive,body_size_negative,Sminthuridae,-1,NOT_DOCUMENTED,900 µm and 1400 µm,pmc,0,5.28,wrong,wrong,,,,,,,,,,,
N028,e2e_sparse_generative,body_size_negative,Sminthuridae,-1,NOT_DOCUMENTED,"Based on the provided documents, there is no direct mention of the body length of *Szeptyckitheca vanderdrifti*. However, it is noted that *Thaumamannia vanderdrifti* has a ""broadly ovate body"" . For *Szeptyckitheca*, the body lengths of other species range from 900 m to 1400 m . Since *Szeptyckitheca vanderdrifti* is not explicitly discussed in the given texts, its specific body length cannot be determined from the available information.",pmc,0,3.23,correct,wrong,,,,,,,,,,,
N028,pipeline,body_size_negative,Sminthuridae,-1,NOT_DOCUMENTED,"Based on the provided documents, there is no specific mention of the body length of *Szeptyckitheca vanderdrifti* . The description focuses on morphological features such as coloration, antenna structure, and head characteristics but does not provide measurements. Further research would be needed to determine its body length.",plazi,1,3.11,correct,correct,"Based on the provided documents, there is no specific mention of the body length of *Szeptyckitheca vanderdrifti* . The description focuses on morphological features such as coloration, antenna structure, and head characteristics but does not provide measurements. Further research would be needed to determine its body length.",plazi,species_phrase_docrefs,1,0,1,correct,correct,,,
N029,doc_extractive,body_size_negative,Paronellidae,-1,NOT_DOCUMENTED,flanks,plazi,1,1.32,correct,correct,,,,,,,,,,,
N029,doc_generative,body_size_negative,Paronellidae,-1,NOT_DOCUMENTED,"Based on the provided documents, there is no specific mention of the body length of *Trogolaphysa fuelleborni*. The text describes its coloration and some morphological features but does not provide measurements . Further examination of type specimens or additional studies would be required to determine its body length.",plazi,1,0.68,correct,correct,,,,,,,,,,,
N029,e2e_sparse_extractive,body_size_negative,Paronellidae,-1,NOT_DOCUMENTED,2.3-2.6 mm,plazi,0,3.2,wrong,wrong,,,,,,,,,,,
N029,e2e_sparse_generative,body_size_negative,Paronellidae,-1,NOT_DOCUMENTED,"Based on the provided documents, there is no specific mention of the body length of *Trogolaphysa fuelleborni*. The descriptions focus on morphological features such as coloration, antenna structure, and macrochaetae arrangement but do not include measurements . Therefore, the body length cannot be determined from the given sources.",plazi,1,1.58,correct,correct,,,,,,,,,,,
N029,pipeline,body_size_negative,Paronellidae,-1,NOT_DOCUMENTED,"Based on the provided documents, there is no specific mention of the body length of *Trogolaphysa fuelleborni*. The text describes the coloration and some morphological features but does not provide measurements . Further examination of type specimens or additional studies would be required to determine the body length.",plazi,1,3.14,correct,correct,"Based on the provided documents, there is no specific mention of the body length of *Trogolaphysa fuelleborni*. The text describes the coloration and some morphological features but does not provide measurements . Further examination of type specimens or additional studies would be required to determine the body length.",plazi,species_phrase_docrefs,1,0,1,correct,correct,,,
N030,doc_extractive,body_size_negative,Isotomidae,-1,NOT_DOCUMENTED,N 43.6331°,plazi,1,1.33,correct,correct,,,,,,,,,,,
N030,doc_generative,body_size_negative,Isotomidae,-1,NOT_DOCUMENTED,"Based on the provided documents, there is no specific mention of the body length of *Vertagopus cinereus*. The sources describe collection localities and habitat but do not provide morphological measurements . Additional references or studies would be needed to determine its body length.",plazi,1,0.6,correct,correct,,,,,,,,,,,
N030,e2e_sparse_extractive,body_size_negative,Isotomidae,-1,NOT_DOCUMENTED,2.4 mm,pmc,0,6.36,wrong,wrong,,,,,,,,,,,
N030,e2e_sparse_generative,body_size_negative,Isotomidae,-1,NOT_DOCUMENTED,"Based on the provided documents, the body length of *Vertagopus cinereus* is not explicitly stated. However, it is mentioned that *Eupetaurus nivamons*, a different species, is slightly smaller than *E. cinereus* with a holotype head-body length of 419 mm . This comparison does not provide direct measurements for *V. cinereus*. Therefore, specific body length data for *V. cinereus* is not available in the given sources.",pmc,0,4.44,wrong,correct,,,,,,,,,,,
N030,pipeline,body_size_negative,Isotomidae,-1,NOT_DOCUMENTED,"Based on the provided documents, there is no specific mention of the body length of *Vertagopus cinereus*. The sources describe distribution, habitat, and taxonomic notes but do not provide morphological measurements such as body length .",plazi,1,4.14,correct,correct,"Based on the provided documents, there is no specific mention of the body length of *Vertagopus cinereus*. The sources describe distribution, habitat, and taxonomic notes but do not provide morphological measurements such as body length .",plazi,species_phrase_docrefs,4,0,1,correct,correct,,,
N031,doc_extractive,trophic_guild_negative,Katiannidae,-1,NOT_DOCUMENTED,"Palacios-Vargas & Vacaflores-Argandoña 2020, gen. nov., sp. nov.. Figs. 1‒32
Type locality: Bolivia, Department of La Paz, Province Los Andes Location Pucarani-Condoriri, River Palcoco, sample taken with surfer in the river",plazi,1,1.21,correct,correct,,,,,,,,,0,0,
N031,doc_generative,trophic_guild_negative,Katiannidae,-1,NOT_DOCUMENTED,"Based on the provided documents, there is no specific information regarding the diet or feeding habits of *Borgesminthurinus andinus*. The source describes the type locality, collection details, and specimen preservation but does not mention dietary preferences . Further research would be needed to determine its feeding ecology.",plazi,1,0.69,correct,correct,,,,,,,,,0,0,
N031,e2e_sparse_extractive,trophic_guild_negative,Katiannidae,-1,NOT_DOCUMENTED,female palmate,medline,1,3.24,correct,correct,,,,,,,,,0,0,
N031,e2e_sparse_generative,trophic_guild_negative,Katiannidae,-1,NOT_DOCUMENTED,"Based on the provided documents, no specific information about the diet or feeding habits of *Borgesminthurinus andinus* is given , . Further research would be needed to determine its dietary preferences.",medline,1,2.43,correct,correct,,,,,,,,,0,0,
N031,pipeline,trophic_guild_negative,Katiannidae,-1,NOT_DOCUMENTED,"Based on the provided documents, there is no specific information regarding the diet or feeding habits of *Borgesminthurinus andinus* . The description focuses on its taxonomy, type locality, and collection details but does not mention its food source. Further research would be needed to determine its dietary preferences.",plazi,1,3.11,correct,correct,"Based on the provided documents, there is no specific information regarding the diet or feeding habits of *Borgesminthurinus andinus* . The description focuses on its taxonomy, type locality, and collection details but does not mention its food source. Further research would be needed to determine its dietary preferences.",plazi,species_phrase_docrefs,1,0,1,correct,correct,0,0,0
N032,doc_extractive,trophic_guild_negative,Coenaletidae,-1,NOT_DOCUMENTED,"Palacios-Vargas, Arango & Ojeda 2026",plazi,1,1.26,correct,correct,,,,,,,,,0,0,
N032,doc_generative,trophic_guild_negative,Coenaletidae,-1,NOT_DOCUMENTED,"Based on the provided documents, there is no information available regarding the diet or feeding habits of *Coenaletes colombianus*. The sources describe morphological characteristics and etymology but do not mention dietary preferences .",plazi,1,0.55,correct,correct,,,,,,,,,0,0,
N032,e2e_sparse_extractive,trophic_guild_negative,Coenaletidae,-1,NOT_DOCUMENTED,fungus,plazi,0,6.6,wrong,wrong,,,,,,,,,0,0,
N032,e2e_sparse_generative,trophic_guild_negative,Coenaletidae,-1,NOT_DOCUMENTED,"Based on the provided documents, Coenaletes colombianus is a species of nematode, and no direct information regarding its diet or feeding habits is provided. The available data focus on morphological characteristics and distribution rather than ecological interactions or food sources. Therefore, the dietary preferences of Coenaletes colombianus cannot be determined from the given sources.",plazi,1,4.22,correct,correct,,,,,,,,,0,0,
N032,pipeline,trophic_guild_negative,Coenaletidae,-1,NOT_DOCUMENTED,"Based on the provided documents, there is no information available regarding the diet or feeding habits of *Coenaletes colombianus*. The sources describe morphological characteristics and etymological details but do not mention dietary preferences .",plazi,1,2.98,correct,correct,"Based on the provided documents, there is no information available regarding the diet or feeding habits of *Coenaletes colombianus*. The sources describe morphological characteristics and etymological details but do not mention dietary preferences .",plazi,species_phrase_docrefs,1,0,1,correct,correct,0,0,0
N033,doc_extractive,trophic_guild_negative,Hypogastruridae,-1,NOT_DOCUMENTED,pitfall traps,plazi,1,1.33,correct,correct,,,,,,,,,0,0,
N033,doc_generative,trophic_guild_negative,Hypogastruridae,-1,NOT_DOCUMENTED,"Based on the provided documents, there is no explicit information regarding the diet or feeding habits of *Cosberella mendozarum*. The description focuses on morphological characteristics distinguishing this species from *C. arborea* . Further research would be needed to determine its dietary preferences.",plazi,1,0.68,correct,correct,,,,,,,,,0,0,
N033,e2e_sparse_extractive,trophic_guild_negative,Hypogastruridae,-1,NOT_DOCUMENTED,pitfall traps,pmc,1,2.3,correct,correct,,,,,,,,,0,0,
N033,e2e_sparse_generative,trophic_guild_negative,Hypogastruridae,-1,NOT_DOCUMENTED,"Based on the provided documents, there is no explicit information regarding the diet or feeding habits of *Cosberella mendozarum*. The description focuses on morphological characteristics distinguishing this species from *C. arborea* . Further research would be needed to determine its dietary preferences.",pmc,1,2.65,correct,correct,,,,,,,,,0,0,
N033,pipeline,trophic_guild_negative,Hypogastruridae,-1,NOT_DOCUMENTED,"Based on the provided documents, there is no explicit information regarding the diet or feeding habits of *Cosberella mendozarum*. The description focuses on morphological characteristics distinguishing this species from *C. arborea* . Further research would be needed to determine its dietary preferences.",plazi,1,3.0,correct,correct,"Based on the provided documents, there is no explicit information regarding the diet or feeding habits of *Cosberella mendozarum*. The description focuses on morphological characteristics distinguishing this species from *C. arborea* . Further research would be needed to determine its dietary preferences.",plazi,species_phrase_docrefs,1,0,1,correct,correct,0,0,0
N034,doc_extractive,trophic_guild_negative,Tullbergiidae,-1,NOT_DOCUMENTED,Quan-Mai,plazi,1,1.33,correct,correct,,,,,,,,,0,0,
N034,doc_generative,trophic_guild_negative,Tullbergiidae,-1,NOT_DOCUMENTED,"Based on the provided documents, there is no specific information regarding the diet or feeding habits of *Delamarephorura tami*. The description focuses on its morphological characteristics and habitat rather than its ecological interactions or food source .",plazi,1,0.67,correct,correct,,,,,,,,,0,0,
N034,e2e_sparse_extractive,trophic_guild_negative,Tullbergiidae,-1,NOT_DOCUMENTED,fruit and stems of Citrus spp. ( Rutaceae ),plazi,0,7.02,correct,correct,,,,,,,,,0,0,
N034,e2e_sparse_generative,trophic_guild_negative,Tullbergiidae,-1,NOT_DOCUMENTED,"Based on the provided documents, Delamarephorura tami is a springtail species, and there is no specific mention of its diet or feeding habits. The available information focuses on its morphological characteristics and habitat rather than its food source . Therefore, the dietary preferences of Delamarephorura tami are not specified in the given sources.",plazi,1,3.9,correct,correct,,,,,,,,,0,0,
N034,pipeline,trophic_guild_negative,Tullbergiidae,-1,NOT_DOCUMENTED,"Based on the provided documents, there is no specific information regarding the diet or feeding habits of *Delamarephorura tami*. The sources describe its habitat and morphological characteristics but do not mention its food source , .",plazi,1,3.72,correct,correct,"Based on the provided documents, there is no specific information regarding the diet or feeding habits of *Delamarephorura tami*. The sources describe its habitat and morphological characteristics but do not mention its food source , .",plazi,species_phrase_docrefs,2,0,1,correct,correct,0,0,0
N035,doc_extractive,trophic_guild_negative,Sminthurididae,-1,NOT_DOCUMENTED,"Palacios-Vargas & Ferreira & Zeppelini 2018, sp. nov.. Type material. HOLOTYPE, MALE ON SLIDE 11738, 1 IX 2009",plazi,1,1.27,correct,correct,,,,,,,,,0,0,
N035,doc_generative,trophic_guild_negative,Sminthurididae,-1,NOT_DOCUMENTED,"Based on the provided documents, there is no specific information about the diet or feeding habits of *Denisiella rhizophorae*. The text describes morphological characteristics and taxonomic distinctions but does not mention its food source .",plazi,1,0.54,correct,correct,,,,,,,,,0,0,
N035,e2e_sparse_extractive,trophic_guild_negative,Sminthurididae,-1,NOT_DOCUMENTED,EAcH LEG,medline,0,7.49,correct,correct,,,,,,,,,0,0,
N035,e2e_sparse_generative,trophic_guild_negative,Sminthurididae,-1,NOT_DOCUMENTED,"Based on the provided documents, there is no specific information regarding the diet or feeding habits of *Denisiella rhizophorae*. The sources describe morphological characteristics and taxonomic relationships but do not mention ecological data related to feeding preferences .",medline,1,3.75,correct,correct,,,,,,,,,0,0,
N035,pipeline,trophic_guild_negative,Sminthurididae,-1,NOT_DOCUMENTED,"Based on the provided documents, there is no specific information regarding the diet or feeding habits of *Denisiella rhizophorae*. The text describes morphological characteristics and taxonomic distinctions but does not mention its food source .",medline,1,4.05,correct,correct,"Based on the provided documents, there is no specific information regarding the diet or feeding habits of *Denisiella rhizophorae*. The sources describe morphological characteristics of the species but do not mention its ecological niche or food source .",medline,species_phrase_docrefs,2,0,1,correct,correct,0,0,0
N036,doc_extractive,trophic_guild_negative,Orchesellidae,-1,NOT_DOCUMENTED,leaf litter,plazi,1,1.3,correct,correct,,,,,,,,,0,0,
N036,doc_generative,trophic_guild_negative,Orchesellidae,-1,NOT_DOCUMENTED,"Based on the provided documents, there is no specific information regarding the diet of *Dicranocentrus dolosus*. The text describes morphological characteristics and geographical distribution but does not mention feeding habits . Further research would be needed to determine its dietary preferences.",plazi,1,0.59,correct,correct,,,,,,,,,0,0,
N036,e2e_sparse_extractive,trophic_guild_negative,Orchesellidae,-1,NOT_DOCUMENTED,leaf litter,medline,1,4.1,correct,correct,,,,,,,,,0,0,
N036,e2e_sparse_generative,trophic_guild_negative,Orchesellidae,-1,NOT_DOCUMENTED,"Based on the provided documents, there is no specific information given about the diet of *Dicranocentrus dolosus*. The sources discuss morphological characteristics and geographic distribution but do not mention feeding habits . Further research would be needed to determine its dietary preferences.",medline,1,2.47,correct,correct,,,,,,,,,0,0,
N036,pipeline,trophic_guild_negative,Orchesellidae,-1,NOT_DOCUMENTED,"Based on the provided documents, there is no specific information given about the diet or feeding habits of *Dicranocentrus dolosus* . The sources discuss morphological characteristics and geographic distribution but do not mention dietary preferences. Further research would be needed to determine the feeding ecology of this species.",medline,1,5.02,correct,correct,"Based on the provided documents, there is no specific information given about the diet or feeding habits of *Dicranocentrus dolosus* . The description focuses on morphological characteristics and taxonomic placement rather than ecological preferences. Further research would be needed to determine its dietary requirements.",medline,species_phrase_docrefs,3,0,1,correct,correct,0,0,0
N037,doc_extractive,trophic_guild_negative,Neanuridae,-1,NOT_DOCUMENTED,spruce,plazi,1,1.32,correct,correct,,,,,,,,,0,0,
N037,doc_generative,trophic_guild_negative,Neanuridae,-1,NOT_DOCUMENTED,"Based on the provided documents, there is no specific information regarding the diet or feeding habits of *Endonura asiatica* . The description focuses on morphological characteristics rather than ecological or dietary preferences. Further research would be needed to determine its food source.",plazi,1,0.62,correct,correct,,,,,,,,,0,0,
N037,e2e_sparse_extractive,trophic_guild_negative,Neanuridae,-1,NOT_DOCUMENTED,Claw without inner tooth,pmc,1,7.78,correct,wrong,,,,,,,,,0,0,
N037,e2e_sparse_generative,trophic_guild_negative,Neanuridae,-1,NOT_DOCUMENTED,"Based on the provided documents, there is no specific information regarding the diet or feeding habits of *Endonura asiatica*. The descriptions focus on morphological characteristics and chaetotaxic patterns rather than ecological or dietary data . Further research would be needed to determine its feeding behavior.",pmc,1,3.66,correct,correct,,,,,,,,,0,0,
N037,pipeline,trophic_guild_negative,Neanuridae,-1,NOT_DOCUMENTED,"Based on the provided documents, there is no specific information regarding the diet or feeding habits of *Endonura asiatica* . The description focuses on morphological characteristics rather than ecological or dietary preferences. Further research would be needed to determine its food source.",plazi,1,3.6,correct,correct,"Based on the provided documents, there is no specific information regarding the diet or feeding habits of *Endonura asiatica* . The description focuses on morphological characteristics rather than ecological or dietary preferences. Further research would be needed to determine its food source.",plazi,species_phrase_docrefs,1,0,1,correct,correct,0,0,0
N038,doc_extractive,trophic_guild_negative,Entomobryidae,-1,NOT_DOCUMENTED,litter,plazi,1,1.31,correct,correct,,,,,,,,,0,0,
N038,doc_generative,trophic_guild_negative,Entomobryidae,-1,NOT_DOCUMENTED,"Based on the provided documents, no specific information about the diet or feeding habits of *Entomobrya hirsutothorax* is given . The description focuses on morphological characteristics rather than ecological preferences.",plazi,1,0.54,correct,correct,,,,,,,,,0,0,
N038,e2e_sparse_extractive,trophic_guild_negative,Entomobryidae,-1,NOT_DOCUMENTED,litter,pmc,1,4.18,correct,correct,,,,,,,,,0,0,
N038,e2e_sparse_generative,trophic_guild_negative,Entomobryidae,-1,NOT_DOCUMENTED,"Based on the provided documents, no specific information about the diet or feeding habits of *Entomobrya hirsutothorax* is given. The sources focus on morphological characteristics, taxonomy, and comparisons with other species within the genus *Entomobrya*. Therefore, it is not possible to determine its dietary preferences from the available data .",pmc,1,2.43,correct,correct,,,,,,,,,0,0,
N038,pipeline,trophic_guild_negative,Entomobryidae,-1,NOT_DOCUMENTED,"Based on the provided documents, no specific information about the diet or feeding habits of *Entomobrya hirsutothorax* is given . The description focuses on morphological characteristics rather than ecological preferences.",plazi,1,2.94,correct,correct,"Based on the provided documents, no specific information about the diet or feeding habits of *Entomobrya hirsutothorax* is given . The description focuses on morphological characteristics rather than ecological preferences.",plazi,species_phrase_docrefs,1,0,1,correct,correct,0,0,0
N039,doc_extractive,trophic_guild_negative,Tullbergiidae,-1,NOT_DOCUMENTED,"cave Markova spilja, under rock",plazi,1,1.28,correct,correct,,,,,,,,,0,0,
N039,doc_generative,trophic_guild_negative,Tullbergiidae,-1,NOT_DOCUMENTED,"Based on the provided documents, there is no specific information regarding the diet or feeding habits of *Eupolybothrus liburnicus* . The sources describe its geographic distribution and habitat but do not mention its food source. Further research would be needed to determine its dietary preferences.",plazi,1,0.67,correct,correct,,,,,,,,,0,0,
N039,e2e_sparse_extractive,trophic_guild_negative,Tullbergiidae,-1,NOT_DOCUMENTED,leaf litter,pmc,1,7.04,correct,correct,,,,,,,,,0,0,
N039,e2e_sparse_generative,trophic_guild_negative,Tullbergiidae,-1,NOT_DOCUMENTED,"Based on the provided documents, there is no specific information regarding the diet or feeding habits of *Eupolybothrus liburnicus*. The available sources describe its geographic distribution, morphology, and taxonomic classification but do not mention its food source . Further research would be needed to determine its dietary preferences.",pmc,1,3.61,correct,correct,,,,,,,,,0,0,
N039,pipeline,trophic_guild_negative,Tullbergiidae,-1,NOT_DOCUMENTED,"Based on the provided documents, there is no specific information regarding the diet or feeding habits of *Eupolybothrus liburnicus* . The sources describe its geographic distribution and habitat but do not mention its food source. Further research would be needed to determine its dietary preferences.",medline,1,5.88,correct,correct,"Based on the provided documents, there is no specific information regarding the diet or feeding habits of *Eupolybothrus liburnicus*. The sources describe the taxonomy, morphology, and genetic analysis of this species but do not mention its ecological niche or food preferences , . Further research would be needed to determine its dietary characteristics.",medline,species_phrase_docrefs,5,0,1,correct,correct,0,0,0
N040,doc_extractive,trophic_guild_negative,Isotomidae,-1,NOT_DOCUMENTED,clay soil,plazi,1,1.34,correct,correct,,,,,,,,,0,0,
N040,doc_generative,trophic_guild_negative,Isotomidae,-1,NOT_DOCUMENTED,"Based on the provided documents, there is no specific information regarding the diet or feeding habits of *Folsomides cariocus*. The description focuses on morphological characteristics rather than ecological preferences . Further research would be needed to determine its dietary sources.",plazi,1,0.65,correct,correct,,,,,,,,,0,0,
N040,e2e_sparse_extractive,trophic_guild_negative,Isotomidae,-1,NOT_DOCUMENTED,clay soil,medline,1,2.47,correct,correct,,,,,,,,,0,0,
N040,e2e_sparse_generative,trophic_guild_negative,Isotomidae,-1,NOT_DOCUMENTED,"Based on the provided documents, there is no specific information regarding the diet or feeding habits of *Folsomides cariocus*. The description focuses on morphological characteristics rather than ecological preferences . Further research would be needed to determine its dietary habits.",medline,1,3.28,correct,correct,,,,,,,,,0,0,
N040,pipeline,trophic_guild_negative,Isotomidae,-1,NOT_DOCUMENTED,"Based on the provided documents, there is no specific information regarding the diet or feeding habits of *Folsomides cariocus*. The description focuses on morphological characteristics rather than ecological preferences . Further research would be needed to determine its dietary sources.",medline,1,4.22,correct,correct,"Based on the provided documents, there is no specific information regarding the diet or feeding habits of *Folsomides cariocus* . The description focuses on its morphology and habitat rather than its ecological interactions or food source.",medline,species_phrase_docrefs,2,0,1,correct,correct,0,0,0
N041,doc_extractive,trophic_guild_negative,Brachystomellidae,-1,NOT_DOCUMENTED,"Organella albida Arlé, 1959
Folsomiella albida Salmon, 1964
Length: 0.68–1.55 mm. Entirely white",plazi,1,1.28,correct,correct,,,,,,,,,0,0,
N041,doc_generative,trophic_guild_negative,Brachystomellidae,-1,NOT_DOCUMENTED,"Based on the provided documents, there is no specific information regarding the diet or feeding habits of *Folsomiella albida* . The description focuses on morphological characteristics rather than ecological preferences. Further research would be needed to determine its dietary sources.",plazi,1,0.63,correct,correct,,,,,,,,,0,0,
N041,e2e_sparse_extractive,trophic_guild_negative,Brachystomellidae,-1,NOT_DOCUMENTED,foraminifera,pmc,1,7.19,correct,correct,,,,,,,,,0,0,
N041,e2e_sparse_generative,trophic_guild_negative,Brachystomellidae,-1,NOT_DOCUMENTED,"Based on the provided documents, there is no specific information regarding the diet of *Folsomiella albida*. The sources describe morphological characteristics and taxonomic distinctions but do not mention feeding habits , , . Therefore, the dietary preferences of *Folsomiella albida* cannot be determined from the given data.",pmc,1,3.47,correct,correct,,,,,,,,,0,0,
N041,pipeline,trophic_guild_negative,Brachystomellidae,-1,NOT_DOCUMENTED,"Based on the provided documents, there is no specific information regarding the diet or feeding habits of *Folsomiella albida* . The descriptions focus on morphology, distribution, and habitat rather than dietary preferences. Further research would be needed to determine its food source.",plazi,1,3.9,correct,correct,"Based on the provided documents, there is no specific information regarding the diet or feeding habits of *Folsomiella albida* . The descriptions focus on morphology, distribution, and habitat rather than dietary preferences. Further research would be needed to determine its food source.",plazi,species_phrase_docrefs,2,0,1,correct,correct,0,0,0
N042,doc_extractive,trophic_guild_negative,Hypogastruridae,-1,NOT_DOCUMENTED,"L. Kim leg. Deposited in MSPU.
Paratypes, 11 female, 11 males on slides, 8 slides with head parts, same data and deposition . 1 female, 3 males and 1 slide with mouthparts kept in the author’s collection.
OTHER MATERIAL: ca 100 specimens in alcohol from other 8 places located from 200 meters to 7 kilometers from the type locality.
DIAGNOSIS. A species of the manubrialis -group that differs from other members of the group by the following characters: the long, thick and strongly serrate setae covering the whole body, including a few basal antennomeres; the quite large anal spines; only four clearly differentiated sensilla on Ant. IV; the characteristic maxillary head with a short L.1 with a slightly broadened tip covered with two rows of filaments (apical and subapical), and several stiff spines in addition to small denticles at the base; and some peculiarities of chaetotaxy, for instance, the absence of setae m2 from both Th. II–III and of an m-row on Abd. V",plazi,1,1.29,correct,correct,,,,,,,,,0,0,
N042,doc_generative,trophic_guild_negative,Hypogastruridae,-1,NOT_DOCUMENTED,"Based on the provided documents, there is no specific information regarding the diet or feeding habits of *Hypogastrura crinigera* . The text describes morphological characteristics and comparisons with other species but does not mention dietary preferences.",plazi,1,0.61,correct,correct,,,,,,,,,0,0,
N042,e2e_sparse_extractive,trophic_guild_negative,Hypogastruridae,-1,NOT_DOCUMENTED,"L. Kim leg. Deposited in MSPU.
Paratypes, 11 female, 11 males on slides, 8 slides with head parts, same data and deposition . 1 female, 3 males and 1 slide with mouthparts kept in the author’s collection.
OTHER MATERIAL: ca 100 specimens in alcohol from other 8 places located from 200 meters to 7 kilometers from the type locality.
DIAGNOSIS. A species of the manubrialis -group that differs from other members of the group by the following characters: the long, thick and strongly serrate setae covering the whole body, including a few basal antennomeres; the quite large anal spines; only four clearly differentiated sensilla on Ant. IV; the characteristic maxillary head with a short L.1 with a slightly broadened tip covered with two rows of filaments (apical and subapical), and several stiff spines in addition to small denticles at the base; and some peculiarities of chaetotaxy, for instance, the absence of setae m2 from both Th. II–III and of an m-row on Abd. V",plazi,1,2.04,correct,correct,,,,,,,,,0,0,
N042,e2e_sparse_generative,trophic_guild_negative,Hypogastruridae,-1,NOT_DOCUMENTED,"Based on the provided documents, there is no specific information regarding the diet or feeding habits of *Hypogastrura crinigera* . The text describes morphological characteristics and comparisons with other species but does not mention dietary preferences.",plazi,1,0.96,correct,correct,,,,,,,,,0,0,
N042,pipeline,trophic_guild_negative,Hypogastruridae,-1,NOT_DOCUMENTED,"Based on the provided documents, there is no specific information regarding the diet or feeding habits of *Hypogastrura crinigera* . The text describes morphological characteristics and comparisons with other species but does not mention dietary preferences.",plazi,1,3.53,correct,correct,"Based on the provided documents, there is no specific information regarding the diet or feeding habits of *Hypogastrura crinigera* . The text describes morphological characteristics and comparisons with other species but does not mention dietary preferences.",plazi,species_phrase_docrefs,1,0,1,correct,correct,0,0,0
N043,doc_extractive,trophic_guild_negative,Isotogastruridae,-1,NOT_DOCUMENTED,sand,plazi,1,1.27,correct,correct,,,,,,,,,0,0,
N043,doc_generative,trophic_guild_negative,Isotogastruridae,-1,NOT_DOCUMENTED,"Based on the provided documents, there is no specific information about the diet or feeding habits of *Isotogastrura trichaetosa*. The available data focus on its ecological niche and habitat preferences rather than its food source .",plazi,1,0.57,correct,correct,,,,,,,,,0,0,
N043,e2e_sparse_extractive,trophic_guild_negative,Isotogastruridae,-1,NOT_DOCUMENTED,sand,pmc,1,6.47,correct,correct,,,,,,,,,0,0,
N043,e2e_sparse_generative,trophic_guild_negative,Isotogastruridae,-1,NOT_DOCUMENTED,"Based on the provided documents, there is no specific information regarding the diet or feeding habits of *Isotogastrura trichaetosa*. The sources describe its ecological niche and morphological characteristics but do not mention its food source .",pmc,1,3.84,correct,correct,,,,,,,,,0,0,
N043,pipeline,trophic_guild_negative,Isotogastruridae,-1,NOT_DOCUMENTED,"Based on the provided documents, there is no specific information about the diet or feeding habits of *Isotogastrura trichaetosa*. The sources describe its ecological niche and habitat preferences but do not mention what it feeds on .",plazi,1,4.45,correct,correct,"Based on the provided documents, there is no specific information about the diet or feeding habits of *Isotogastrura trichaetosa*. The sources describe its ecological niche and habitat preferences but do not mention what it feeds on .",plazi,species_phrase_docrefs,3,0,1,correct,correct,0,0,0
N044,doc_extractive,trophic_guild_negative,Neelidae,-1,NOT_DOCUMENTED,"mosses growing on a rock, leg. C. Schneider, original collection code: Fr. 021. Paratypes: three females on slides (SMNG-APT-AA0024–26), same data as the holotype. All types deposited in the Apterygota collection of the Senckenberg Museum f̧r Naturkunde G ̂rlitz .
Other material. Two females on slides (SMNG-APT-AA00027, 28), France, Hautes-Pyrénées, Saint-Lary-Soulan, 26 Jun. 2011, 42.8268°N, 0.3114°E, Mosses and litter",plazi,1,1.36,wrong,wrong,,,,,,,,,0,0,
N044,doc_generative,trophic_guild_negative,Neelidae,-1,NOT_DOCUMENTED,"Based on the provided documents, there is no specific information regarding the diet or feeding habits of *Megalothorax boerneri* . The description focuses on morphological characteristics rather than ecological or dietary preferences.",plazi,1,0.56,correct,correct,,,,,,,,,0,0,
N044,e2e_sparse_extractive,trophic_guild_negative,Neelidae,-1,NOT_DOCUMENTED,litter,pmc,1,7.55,correct,wrong,,,,,,,,,0,0,
N044,e2e_sparse_generative,trophic_guild_negative,Neelidae,-1,NOT_DOCUMENTED,"Based on the provided documents, there is no specific information regarding the diet or feeding habits of *Megalothorax boerneri*. The sources describe morphological features and taxonomic relationships but do not mention ecological aspects such as food preferences . Further research would be needed to determine its dietary habits.",pmc,1,3.66,correct,correct,,,,,,,,,0,0,
N044,pipeline,trophic_guild_negative,Neelidae,-1,NOT_DOCUMENTED,"Based on the provided documents, there is no specific information regarding the diet or feeding habits of *Megalothorax boerneri*. The sources describe morphological characteristics and taxonomic affinities but do not mention ecological or dietary preferences , .",plazi,1,4.52,correct,correct,"Based on the provided documents, there is no specific information regarding the diet or feeding habits of *Megalothorax boerneri*. The sources describe morphological characteristics and taxonomic affinities but do not mention ecological or dietary preferences , .",plazi,species_phrase_docrefs,3,0,1,correct,correct,0,0,0
N045,doc_extractive,trophic_guild_negative,Neelidae,-1,NOT_DOCUMENTED,External body morphology of juvenile stages,plazi,1,1.34,correct,correct,,,,,,,,,0,0,
N045,doc_generative,trophic_guild_negative,Neelidae,-1,NOT_DOCUMENTED,"Based on the provided documents, there is no specific information regarding the diet or feeding habits of *Megalothorax perspicillum* . The source describes morphological characteristics of its juvenile stages but does not mention dietary preferences or food sources. Further research would be needed to determine its ecological niche and feeding behavior.",plazi,1,0.68,correct,correct,,,,,,,,,0,0,
N045,e2e_sparse_extractive,trophic_guild_negative,Neelidae,-1,NOT_DOCUMENTED,litter,pmc,0,7.92,correct,correct,,,,,,,,,0,0,
N045,e2e_sparse_generative,trophic_guild_negative,Neelidae,-1,NOT_DOCUMENTED,"Based on the provided documents, there is no explicit information regarding the diet or feeding habits of *Megalothorax perspicillum*. The sources describe morphological features and taxonomic relationships but do not mention ecological niche or food source . Further research would be needed to determine its dietary preferences.",pmc,0,3.86,correct,correct,,,,,,,,,0,0,
N045,pipeline,trophic_guild_negative,Neelidae,-1,NOT_DOCUMENTED,"Based on the provided documents, there is no specific information regarding the diet or feeding habits of *Megalothorax perspicillum*. The sources describe its morphology, distribution, and ecological habitat but do not mention its food source . Further research would be needed to determine its dietary preferences.",plazi,0,5.18,correct,correct,"Based on the provided documents, there is no specific information regarding the diet or feeding habits of *Megalothorax perspicillum*. The sources describe its morphology, distribution, and ecological habitat but do not mention its food source . Further research would be needed to determine its dietary preferences.",plazi,species_phrase_docrefs,7,0,0,correct,correct,0,0,0
N046,doc_extractive,trophic_guild_negative,Cyphoderidae,-1,NOT_DOCUMENTED,Lapa do Bode cave,plazi,1,1.32,correct,correct,,,,,,,,,0,0,
N046,doc_generative,trophic_guild_negative,Cyphoderidae,-1,NOT_DOCUMENTED,"Based on the provided documents, there is no specific information regarding the diet or feeding habits of *Metagonia diamantina* . The description focuses on morphological characteristics rather than ecological preferences. Further research would be needed to determine its dietary niche.",plazi,1,0.64,correct,correct,,,,,,,,,0,0,
N046,e2e_sparse_extractive,trophic_guild_negative,Cyphoderidae,-1,NOT_DOCUMENTED,M. levidorsa,pmc,0,7.61,correct,correct,,,,,,,,,0,0,
N046,e2e_sparse_generative,trophic_guild_negative,Cyphoderidae,-1,NOT_DOCUMENTED,"Based on the provided documents, there is no explicit mention of what Metagonia diamantina feeds on. The text describes morphological characteristics and taxonomic distinctions but does not provide dietary information for this species . Therefore, the feeding habits of Metagonia diamantina cannot be determined from the given sources.",pmc,1,3.85,correct,correct,,,,,,,,,0,0,
N046,pipeline,trophic_guild_negative,Cyphoderidae,-1,NOT_DOCUMENTED,"Based on the provided documents, there is no direct mention of what Metagonia diamantina feeds on. However, it is noted that the Lapa do Bode cave, where this species was found, has bat guano as the main food resource for some of its inhabitants . While this suggests that bat guano might be an important food source in the ecosystem, it cannot be definitively stated that Metagonia diamantina specifically feeds on it without further evidence.",plazi,0,5.51,correct,correct,"Based on the provided documents, there is no direct mention of what Metagonia diamantina feeds on. However, it is noted that the Lapa do Bode cave, where this species was found, has bat guano as the main food resource for some of its inhabitants . While this suggests that bat guano might be an important food source in the ecosystem, it cannot be definitively stated that Metagonia diamantina specifically feeds on it without further evidence.",plazi,species_phrase_docrefs,3,0,1,correct,correct,0,0,0
N047,doc_extractive,trophic_guild_negative,Tomoceridae,-1,NOT_DOCUMENTED,leg,plazi,1,1.21,correct,correct,,,,,,,,,0,0,
N047,doc_generative,trophic_guild_negative,Tomoceridae,-1,NOT_DOCUMENTED,"Based on the provided documents, there is no specific information regarding the diet or feeding habits of *Plutomurus jordanai*. The description focuses on morphological characteristics distinguishing it from other species within the genus *Plutomurus* . Further research would be needed to determine its dietary preferences.",plazi,1,0.65,correct,correct,,,,,,,,,0,0,
N047,e2e_sparse_extractive,trophic_guild_negative,Tomoceridae,-1,NOT_DOCUMENTED,Number of macrochaetae are given on per half tergite,medline,1,5.39,correct,correct,,,,,,,,,0,0,
N047,e2e_sparse_generative,trophic_guild_negative,Tomoceridae,-1,NOT_DOCUMENTED,"Based on the provided documents, there is no specific information regarding the diet or feeding habits of *Plutomurus jordanai*. The sources describe morphological characteristics and taxonomic details but do not mention ecological data related to its food source .",medline,1,3.53,correct,correct,,,,,,,,,0,0,
N047,pipeline,trophic_guild_negative,Tomoceridae,-1,NOT_DOCUMENTED,"Based on the provided documents, there is no specific information regarding the diet or feeding habits of *Plutomurus jordanai*. The description focuses on morphological characteristics distinguishing it from other species within the genus *Plutomurus* . Further research would be needed to determine its dietary preferences.",medline,1,4.21,correct,correct,"Based on the provided documents, there is no specific information regarding the diet of *Plutomurus jordanai*. The sources describe the morphology and taxonomy of this species but do not mention its feeding habits . Further research would be needed to determine its dietary preferences.",medline,species_phrase_docrefs,2,0,1,correct,correct,0,0,0
N048,doc_extractive,trophic_guild_negative,Bourletiellidae,-1,NOT_DOCUMENTED,"D. bisetosus sp. nov. from Genista hispanica . MZNA00310­01 (mounted, permanent slide), 28 May 1999, E. Baquero and R. Jordana leg",plazi,1,1.3,correct,correct,,,,,,,,,0,0,
N048,doc_generative,trophic_guild_negative,Bourletiellidae,-1,NOT_DOCUMENTED,"Based on the provided documents, there is no specific information regarding the diet or feeding habits of *Polydiscia deuterosminthurus* . The source describes morphological characteristics and measurements but does not mention ecological data related to food sources.",plazi,1,0.63,correct,correct,,,,,,,,,0,0,
N048,e2e_sparse_extractive,trophic_guild_negative,Bourletiellidae,-1,NOT_DOCUMENTED,Smynthurus bicintus,plazi,0,6.26,correct,correct,,,,,,,,,0,0,
N048,e2e_sparse_generative,trophic_guild_negative,Bourletiellidae,-1,NOT_DOCUMENTED,"Based on the provided documents, there is no specific information regarding the diet or feeding habits of *Polydiscia deuterosminthurus*. The sources describe morphological characteristics and taxonomic details but do not mention dietary preferences . Further research would be needed to determine its food source.",plazi,1,2.38,correct,correct,,,,,,,,,0,0,
N048,pipeline,trophic_guild_negative,Bourletiellidae,-1,NOT_DOCUMENTED,"Based on the provided documents, there is no specific information regarding the diet or feeding habits of *Polydiscia deuterosminthurus*. The sources describe morphological characteristics and coloration patterns but do not mention dietary preferences , . Further research would be needed to determine its food source.",plazi,1,3.94,correct,correct,"Based on the provided documents, there is no specific information regarding the diet or feeding habits of *Polydiscia deuterosminthurus*. The sources describe morphological characteristics and coloration patterns but do not mention dietary preferences , . Further research would be needed to determine its food source.",plazi,species_phrase_docrefs,2,0,1,correct,correct,0,0,0
N049,doc_extractive,trophic_guild_negative,Entomobryidae,-1,NOT_DOCUMENTED,Entomobryidae,plazi,1,1.35,correct,correct,,,,,,,,,0,0,
N049,doc_generative,trophic_guild_negative,Entomobryidae,-1,NOT_DOCUMENTED,"Based on the provided documents, there is no specific information regarding the diet or feeding habits of *Pseudosinella josemarii* . The description focuses on morphological characteristics distinguishing this species from others within the genus *Pseudosinella*.",plazi,1,0.62,correct,correct,,,,,,,,,0,0,
N049,e2e_sparse_extractive,trophic_guild_negative,Entomobryidae,-1,NOT_DOCUMENTED,leaf litter,pmc,0,6.82,correct,wrong,,,,,,,,,0,0,
N049,e2e_sparse_generative,trophic_guild_negative,Entomobryidae,-1,NOT_DOCUMENTED,"Based on the provided documents, there is no specific information regarding the diet or feeding habits of *Pseudosinella josemarii*. The sources describe morphological characteristics and taxonomic distinctions but do not mention ecological preferences or food sources . Further research would be needed to determine its dietary habits.",pmc,1,3.97,correct,wrong,,,,,,,,,0,0,
N049,pipeline,trophic_guild_negative,Entomobryidae,-1,NOT_DOCUMENTED,"Based on the provided documents, there is no specific information regarding the diet or feeding habits of *Pseudosinella josemarii* . The description focuses on morphological characteristics distinguishing this species from others within the genus *Pseudosinella*.",plazi,1,3.0,correct,correct,"Based on the provided documents, there is no specific information regarding the diet or feeding habits of *Pseudosinella josemarii* . The description focuses on morphological characteristics distinguishing this species from others within the genus *Pseudosinella*.",plazi,species_phrase_docrefs,1,0,1,correct,correct,0,0,0
N050,doc_extractive,trophic_guild_negative,Arrhopalitidae,-1,NOT_DOCUMENTED,"Vargovitsh, 2009, sp. nov.. Diagnosis. Body slightly reddish or white with long dorsal setae in hind part; 1 + 1 unpigmented eyes",plazi,1,1.34,correct,correct,,,,,,,,,0,0,
N050,doc_generative,trophic_guild_negative,Arrhopalitidae,-1,NOT_DOCUMENTED,"Based on the provided documents, there is no specific information regarding the diet or feeding habits of *Pygmarrhopalites kaprusi* . The document primarily describes morphological characteristics and illustrations of the species. Further research would be needed to determine its dietary preferences.",plazi,1,0.61,correct,correct,,,,,,,,,0,0,
N050,e2e_sparse_extractive,trophic_guild_negative,Arrhopalitidae,-1,NOT_DOCUMENTED,"AB ≤ BC.
2",pmc,1,3.93,correct,correct,,,,,,,,,0,0,
N050,e2e_sparse_generative,trophic_guild_negative,Arrhopalitidae,-1,NOT_DOCUMENTED,"Based on the provided documents, there is no explicit information regarding the diet or feeding habits of *Pygmarrhopalites kaprusi*. The sources describe morphological characteristics and taxonomic details but do not mention ecological or dietary preferences . Further research would be needed to determine its feeding behavior.",pmc,1,2.49,correct,correct,,,,,,,,,0,0,
N050,pipeline,trophic_guild_negative,Arrhopalitidae,-1,NOT_DOCUMENTED,"Based on the provided documents, there is no specific information regarding the diet or feeding habits of *Pygmarrhopalites kaprusi* . The description focuses on morphological features rather than ecological interactions or food sources. Further research would be needed to determine its dietary preferences.",plazi,1,3.01,correct,correct,"Based on the provided documents, there is no specific information regarding the diet or feeding habits of *Pygmarrhopalites kaprusi* . The description focuses on morphological features rather than ecological interactions or food sources. Further research would be needed to determine its dietary preferences.",plazi,species_phrase_docrefs,1,0,1,correct,correct,0,0,0
N051,doc_extractive,trophic_guild_negative,Arrhopalitidae,-1,NOT_DOCUMENTED,Animals white in alcohol,plazi,1,1.32,correct,correct,,,,,,,,,0,0,
N051,doc_generative,trophic_guild_negative,Arrhopalitidae,-1,NOT_DOCUMENTED,"Based on the provided documents, there is no specific information regarding the diet or feeding habits of *Pygmarrhopalites leonardwoodensis* . The description focuses on its morphology, habitat, and comparison with other species, but not on its ecological interactions or food source.",plazi,1,0.7,correct,correct,,,,,,,,,0,0,
N051,e2e_sparse_extractive,trophic_guild_negative,Arrhopalitidae,-1,NOT_DOCUMENTED,Animals white in alcohol,plazi,1,6.27,correct,correct,,,,,,,,,0,0,
N051,e2e_sparse_generative,trophic_guild_negative,Arrhopalitidae,-1,NOT_DOCUMENTED,"Based on the provided documents, there is no specific information regarding the diet or feeding habits of *Pygmarrhopalites leonardwoodensis*. The descriptions focus on morphological characteristics, habitat, and comparisons with other species, but do not mention dietary preferences .",plazi,1,3.77,correct,correct,,,,,,,,,0,0,
N051,pipeline,trophic_guild_negative,Arrhopalitidae,-1,NOT_DOCUMENTED,"Based on the provided documents, there is no specific information regarding the diet or feeding habits of *Pygmarrhopalites leonardwoodensis* . The description focuses on its morphology, habitat, and comparison with other species, but not its ecological interactions or food source.",plazi,1,3.13,correct,correct,"Based on the provided documents, there is no specific information regarding the diet or feeding habits of *Pygmarrhopalites leonardwoodensis* . The description focuses on its morphology, habitat, and comparison with other species, but not its ecological interactions or food source.",plazi,species_phrase_docrefs,1,0,1,correct,correct,0,0,0
N052,doc_extractive,trophic_guild_negative,Paronellidae,-1,NOT_DOCUMENTED,leaf litter,plazi,1,1.33,correct,correct,,,,,,,,,0,0,
N052,doc_generative,trophic_guild_negative,Paronellidae,-1,NOT_DOCUMENTED,"Based on the provided documents, there is no specific information regarding the diet or feeding habits of *Salina anhuiensis*. The description focuses on morphological characteristics and comparisons with other species .",plazi,1,0.55,correct,correct,,,,,,,,,0,0,
N052,e2e_sparse_extractive,trophic_guild_negative,Paronellidae,-1,NOT_DOCUMENTED,leaf litter,plazi,1,2.93,correct,correct,,,,,,,,,0,0,
N052,e2e_sparse_generative,trophic_guild_negative,Paronellidae,-1,NOT_DOCUMENTED,"Based on the provided documents, there is no specific information regarding the diet or feeding habits of *Salina anhuiensis*. The sources describe its morphology and compare it to other species within the genus *Salina*, but they do not mention its food source , .",plazi,1,0.99,correct,correct,,,,,,,,,0,0,
N052,pipeline,trophic_guild_negative,Paronellidae,-1,NOT_DOCUMENTED,"Based on the provided documents, there is no specific information regarding the diet or feeding habits of *Salina anhuiensis*. The description focuses on morphological characteristics and comparisons with other species .",plazi,1,2.91,correct,correct,"Based on the provided documents, there is no specific information regarding the diet or feeding habits of *Salina anhuiensis*. The description focuses on morphological characteristics and comparisons with other species .",plazi,species_phrase_docrefs,1,0,1,correct,correct,0,0,0
N053,doc_extractive,trophic_guild_negative,Onychiuridae,-1,NOT_DOCUMENTED,"Onychiurus (Protaphorura) voegtlini Christiansen & Bellinger, 1980: 386 Type material. Paratypes (mounted on 2 slides; no 5753): 4 males (1 reproductive, 3 unreproductive), 5 females; USA, Oregon, Lane Co., Andrews Experimental Forest, Willamette National Forest; Tullgren extract of epiphytes from Pseudotsuga",plazi,1,1.32,correct,correct,,,,,,,,,0,0,
N053,doc_generative,trophic_guild_negative,Onychiuridae,-1,NOT_DOCUMENTED,"Based on the provided documents, there is no specific information regarding the diet or feeding habits of *Similonychiurus voegtlini* . The description focuses on morphological characteristics and type material rather than ecological preferences or food sources. Further research would be needed to determine its dietary habits.",plazi,1,0.81,correct,correct,,,,,,,,,0,0,
N053,e2e_sparse_extractive,trophic_guild_negative,Onychiuridae,-1,NOT_DOCUMENTED,"P. coulteri ). We also misidentified our populations of E. fusca voegtlini as E. fusca fusca Gillette & Palmer, 1924 (both subspecies occurring on P. ponderosa ). We had initially concluded that E. eastopi and E. fusca voegtlini may represent the same species. In the light of our molecular results and following a reappraisal of our slide-mounted specimens, our populations misidentified as E. fusca fusca appear to be closer to E. hillerislambersi",pmc,1,6.02,correct,correct,,,,,,,,,0,0,
N053,e2e_sparse_generative,trophic_guild_negative,Onychiuridae,-1,NOT_DOCUMENTED,"Based on the provided documents, there is no explicit mention of the feeding habits of *Similonychiurus voegtlini*. The descriptions focus on morphological characteristics rather than dietary preferences . Further research would be needed to determine its diet.",pmc,1,2.55,correct,correct,,,,,,,,,0,0,
N053,pipeline,trophic_guild_negative,Onychiuridae,-1,NOT_DOCUMENTED,"Based on the provided documents, there is no specific information given about the feeding habits of *Similonychiurus voegtlini*. The sources describe its morphology and general distribution but do not mention its diet , . Further research would be needed to determine its food preferences.",plazi,1,3.69,correct,correct,"Based on the provided documents, there is no specific information given about the feeding habits of *Similonychiurus voegtlini*. The sources describe its morphology and general distribution but do not mention its diet , . Further research would be needed to determine its food preferences.",plazi,species_phrase_docrefs,2,0,1,correct,correct,0,0,0
N054,doc_extractive,trophic_guild_negative,Neanuridae,-1,NOT_DOCUMENTED,"Pseudachorutes romeroi agrensis Arbea & Jordana, 1989 syn. nov.
Material examined. Holotype male (Ref. 276120), Bardenas near Caparroso village (Navarra, Spain), humus and soil",plazi,1,1.35,wrong,wrong,,,,,,,,,0,0,
N054,doc_generative,trophic_guild_negative,Neanuridae,-1,NOT_DOCUMENTED,"Based on the provided documents, there is no specific information regarding the diet or feeding habits of *Simonachorutes agrensis*. The sources describe morphological characteristics but do not mention ecological preferences or food sources .",plazi,1,0.82,correct,correct,,,,,,,,,0,0,
N054,e2e_sparse_extractive,trophic_guild_negative,Neanuridae,-1,NOT_DOCUMENTED,leg,plazi,0,5.81,correct,correct,,,,,,,,,0,0,
N054,e2e_sparse_generative,trophic_guild_negative,Neanuridae,-1,NOT_DOCUMENTED,"Based on the provided documents, there is no specific information regarding the diet or feeding habits of *Simonachorutes agrensis*. The descriptions focus on morphological characteristics rather than ecological preferences .",plazi,1,3.33,correct,correct,,,,,,,,,0,0,
N054,pipeline,trophic_guild_negative,Neanuridae,-1,NOT_DOCUMENTED,"Based on the provided documents, there is no specific information regarding the diet or feeding habits of *Simonachorutes agrensis*. The sources describe morphological characteristics but do not mention ecological preferences or food sources .",plazi,1,2.82,correct,correct,"Based on the provided documents, there is no specific information regarding the diet or feeding habits of *Simonachorutes agrensis*. The sources describe morphological characteristics but do not mention ecological preferences or food sources .",plazi,species_phrase_docrefs,1,0,1,correct,correct,0,0,0
N055,doc_extractive,trophic_guild_negative,Odontellidae,-1,NOT_DOCUMENTED,ocellus B,plazi,1,1.26,correct,correct,,,,,,,,,0,0,
N055,doc_generative,trophic_guild_negative,Odontellidae,-1,NOT_DOCUMENTED,"Based on the provided documents, there is no specific information regarding the diet or feeding habits of *Superodontella multisensillata* . The description focuses on morphological characteristics and comparisons with other species, but not on ecological or dietary aspects.",plazi,1,0.63,correct,correct,,,,,,,,,0,0,
N055,e2e_sparse_extractive,trophic_guild_negative,Odontellidae,-1,NOT_DOCUMENTED,japonica,plazi,1,6.12,correct,correct,,,,,,,,,0,0,
N055,e2e_sparse_generative,trophic_guild_negative,Odontellidae,-1,NOT_DOCUMENTED,"Based on the provided documents, there is no specific information regarding the diet of *Superodontella multisensillata*. The available data focus on morphological features, distribution, and taxonomic relationships rather than feeding habits . Further research would be needed to determine its dietary preferences.",plazi,1,2.26,correct,correct,,,,,,,,,0,0,
N055,pipeline,trophic_guild_negative,Odontellidae,-1,NOT_DOCUMENTED,"Based on the provided documents, there is no specific information regarding the diet or feeding habits of *Superodontella multisensillata* . The description focuses on morphological characteristics and comparisons with other species, but not on ecological or dietary aspects.",plazi,1,2.91,correct,correct,"Based on the provided documents, there is no specific information regarding the diet or feeding habits of *Superodontella multisensillata* . The description focuses on morphological characteristics and comparisons with other species, but not on ecological or dietary aspects.",plazi,species_phrase_docrefs,1,0,1,correct,correct,0,0,0
N056,doc_extractive,trophic_guild_negative,Onychiuridae,-1,NOT_DOCUMENTED,litter,plazi,1,1.36,correct,correct,,,,,,,,,0,0,
N056,doc_generative,trophic_guild_negative,Onychiuridae,-1,NOT_DOCUMENTED,"Based on the provided documents, there is no specific information regarding the diet or feeding habits of *Supraphorura chernovae*. The available data focuses on its morphological characteristics and taxonomic classification .",plazi,1,0.56,correct,correct,,,,,,,,,0,0,
N056,e2e_sparse_extractive,trophic_guild_negative,Onychiuridae,-1,NOT_DOCUMENTED,litter,medline,1,2.14,correct,correct,,,,,,,,,0,0,
N056,e2e_sparse_generative,trophic_guild_negative,Onychiuridae,-1,NOT_DOCUMENTED,"Based on the provided documents, there is no specific information regarding the diet or feeding habits of *Supraphorura chernovae*. The available data focuses on its morphological characteristics and taxonomic classification .",medline,1,2.53,correct,correct,,,,,,,,,0,0,
N056,pipeline,trophic_guild_negative,Onychiuridae,-1,NOT_DOCUMENTED,"Based on the provided documents, there is no specific information regarding the diet or feeding habits of *Supraphorura chernovae*. The available data focuses on its morphological characteristics and taxonomic classification .",medline,1,4.03,correct,correct,"Based on the provided documents, there is no specific information regarding the diet or feeding habits of *Supraphorura chernovae* . The description focuses on morphological characteristics distinguishing this species from others.",medline,species_phrase_docrefs,3,0,1,correct,correct,0,0,0
N057,doc_extractive,trophic_guild_negative,Sminthuridae,-1,NOT_DOCUMENTED,rainforest,plazi,1,1.28,correct,correct,,,,,,,,,0,0,
N057,doc_generative,trophic_guild_negative,Sminthuridae,-1,NOT_DOCUMENTED,"Based on the provided documents, there is no specific information regarding the diet or feeding habits of *Szeptyckitheca kac*. The description focuses on morphological characteristics rather than ecological or dietary preferences . Further research would be needed to determine its food source.",plazi,1,0.67,correct,correct,,,,,,,,,0,0,
N057,e2e_sparse_extractive,trophic_guild_negative,Sminthuridae,-1,NOT_DOCUMENTED,Ant. I chaetae,plazi,1,3.94,correct,correct,,,,,,,,,0,0,
N057,e2e_sparse_generative,trophic_guild_negative,Sminthuridae,-1,NOT_DOCUMENTED,"Based on the provided documents, there is no specific information regarding the diet or feeding habits of *Szeptyckitheca kac*. The sources describe morphological characteristics and taxonomic distinctions but do not mention ecological data related to feeding behavior , , .",plazi,1,1.6,correct,correct,,,,,,,,,0,0,
N057,pipeline,trophic_guild_negative,Sminthuridae,-1,NOT_DOCUMENTED,"Based on the provided documents, there is no specific information regarding the diet or feeding habits of *Szeptyckitheca kac*. The description focuses on morphological characteristics rather than ecological or dietary data . Further research would be needed to determine its food source.",plazi,1,3.01,correct,correct,"Based on the provided documents, there is no specific information regarding the diet or feeding habits of *Szeptyckitheca kac*. The description focuses on morphological characteristics rather than ecological or dietary data . Further research would be needed to determine its food source.",plazi,species_phrase_docrefs,1,0,1,correct,correct,0,0,0
N058,doc_extractive,trophic_guild_negative,Isotomidae,-1,NOT_DOCUMENTED,moss and lichens,plazi,1,1.37,wrong,wrong,,,,,,,,,0,0,
N058,doc_generative,trophic_guild_negative,Isotomidae,-1,NOT_DOCUMENTED,"Based on the provided documents, there is no specific information regarding the diet or feeding habits of *Tetracanthella fusca*. The sources describe its habitat and collection locations but do not mention what it feeds on .",plazi,1,0.58,correct,correct,,,,,,,,,0,0,
N058,e2e_sparse_extractive,trophic_guild_negative,Isotomidae,-1,NOT_DOCUMENTED,leaves,medline,0,8.12,correct,wrong,,,,,,,,,0,0,
N058,e2e_sparse_generative,trophic_guild_negative,Isotomidae,-1,NOT_DOCUMENTED,"Based on the provided documents, there is no explicit information regarding the diet or feeding habits of *Tetracanthella fusca*. The available data focus on its morphology, type material, and distribution, but do not mention what it feeds on .",medline,1,3.69,correct,wrong,,,,,,,,,0,0,
N058,pipeline,trophic_guild_negative,Isotomidae,-1,NOT_DOCUMENTED,"Based on the provided documents, there is no specific information regarding the diet or feeding habits of *Tetracanthella fusca*. The sources describe its distribution, morphology, and habitat but do not mention its food source . Further research would be needed to determine its dietary preferences.",plazi,1,3.73,correct,correct,"Based on the provided documents, there is no specific information regarding the diet or feeding habits of *Tetracanthella fusca*. The sources describe its distribution, morphology, and habitat but do not mention its food source . Further research would be needed to determine its dietary preferences.",plazi,species_phrase_docrefs,3,0,1,correct,correct,0,0,0
N059,doc_extractive,trophic_guild_negative,Tomoceridae,-1,NOT_DOCUMENTED,"Mingyi Tian leg.
Type-specimens.
Holotype male (labelled 15cave15-1) and paratype juvenile (labelled 15cave15-2) on slide. Deposited in NJAU.
Diagnosis.
Species similar to Tomocerus kinoshitai Yosii, 1954, with short antennae, multi-furcated dental spines and apically curved mucro. Body length approximately 3.0 mm, with purplish grey pigment all over; antennae approximately half as long as body; eyes small; terminal hair of maxillary outer lobe with a small basal denticle; Th. II with only one bothriotrichum; tenent hairs pointed; unguis with two teeth, baso-internal ridges at approximately 1/2 distance from base; manubrium with 12-17 pseudopores on each side; dental spines formula as 4/2, II; dens dorsally with only a few feather-like chaetae; mucro without intermediate tooth. Cave",plazi,1,1.22,correct,correct,,,,,,,,,0,0,
N059,doc_generative,trophic_guild_negative,Tomoceridae,-1,NOT_DOCUMENTED,"Based on the provided documents, there is no specific information regarding the diet or feeding habits of *Tomocerus tiani*. The sources describe morphological characteristics but do not mention dietary preferences . Further research would be needed to determine its food source.",plazi,1,0.62,correct,correct,,,,,,,,,0,0,
N059,e2e_sparse_extractive,trophic_guild_negative,Tomoceridae,-1,NOT_DOCUMENTED,Vietnam,pmc,1,8.01,correct,wrong,,,,,,,,,0,0,
N059,e2e_sparse_generative,trophic_guild_negative,Tomoceridae,-1,NOT_DOCUMENTED,"Based on the provided documents, there is no specific information regarding the diet or feeding habits of *Tomocerus tiani*. The sources describe morphological characteristics and taxonomic relationships but do not mention ecological data related to its food source .",pmc,1,3.83,correct,correct,,,,,,,,,0,0,
N059,pipeline,trophic_guild_negative,Tomoceridae,-1,NOT_DOCUMENTED,"Based on the provided documents, there is no specific information regarding the diet or feeding habits of *Tomocerus tiani*. The sources describe morphological characteristics of the species but do not mention its food source . Further research would be needed to determine its dietary preferences.",medline,1,3.88,correct,correct,"Based on the provided documents, there is no specific information regarding the diet or feeding habits of *Tomocerus tiani* . The description focuses on morphological characteristics and taxonomic distinctions rather than ecological preferences.",medline,species_phrase_docrefs,3,0,1,correct,correct,0,0,0
N060,doc_extractive,trophic_guild_negative,Paronellidae,-1,NOT_DOCUMENTED,Belize,plazi,1,1.25,correct,correct,,,,,,,,,0,0,
N060,doc_generative,trophic_guild_negative,Paronellidae,-1,NOT_DOCUMENTED,"Based on the provided documents, there is no specific information regarding the diet or feeding habits of *Trogolaphysa belizeana* . The description focuses on morphological characteristics rather than ecological or dietary data.",plazi,1,0.57,correct,correct,,,,,,,,,0,0,
N060,e2e_sparse_extractive,trophic_guild_negative,Paronellidae,-1,NOT_DOCUMENTED,manubrium,pmc,0,5.81,correct,correct,,,,,,,,,0,0,
N060,e2e_sparse_generative,trophic_guild_negative,Paronellidae,-1,NOT_DOCUMENTED,"Based on the provided documents, there is no specific information about the diet of *Trogolaphysa belizeana*. The descriptions focus on morphological characteristics rather than feeding habits . Further research would be needed to determine its dietary preferences.",pmc,1,2.47,correct,correct,,,,,,,,,0,0,
N060,pipeline,trophic_guild_negative,Paronellidae,-1,NOT_DOCUMENTED,"Based on the provided documents, there is no specific information regarding the diet or feeding habits of *Trogolaphysa belizeana*. The descriptions focus on morphological characteristics rather than ecological niche or food source . Further research would be needed to determine its dietary preferences.",plazi,1,3.83,correct,correct,"Based on the provided documents, there is no specific information regarding the diet or feeding habits of *Trogolaphysa belizeana*. The descriptions focus on morphological characteristics rather than ecological niche or food source . Further research would be needed to determine its dietary preferences.",plazi,species_phrase_docrefs,3,0,1,correct,correct,0,0,0
